ecg_id,filename_lr,label
1,records100/00000/00001_lr,0
2,records100/00000/00002_lr,0
3,records100/00000/00003_lr,0
4,records100/00000/00004_lr,0
5,records100/00000/00005_lr,0
6,records100/00000/00006_lr,0
7,records100/00000/00007_lr,0
8,records100/00000/00008_lr,1
9,records100/00000/00009_lr,0
10,records100/00000/00010_lr,0
11,records100/00000/00011_lr,0
12,records100/00000/00012_lr,0
13,records100/00000/00013_lr,0
14,records100/00000/00014_lr,0
15,records100/00000/00015_lr,0
16,records100/00000/00016_lr,0
19,records100/00000/00019_lr,0
21,records100/00000/00021_lr,0
24,records100/00000/00024_lr,0
25,records100/00000/00025_lr,0
27,records100/00000/00027_lr,0
29,records100/00000/00029_lr,0
31,records100/00000/00031_lr,0
33,records100/00000/00033_lr,0
35,records100/00000/00035_lr,0
36,records100/00000/00036_lr,0
37,records100/00000/00037_lr,0
38,records100/00000/00038_lr,0
39,records100/00000/00039_lr,1
40,records100/00000/00040_lr,0
42,records100/00000/00042_lr,0
43,records100/00000/00043_lr,0
44,records100/00000/00044_lr,0
46,records100/00000/00046_lr,0
47,records100/00000/00047_lr,0
50,records100/00000/00050_lr,1
51,records100/00000/00051_lr,0
53,records100/00000/00053_lr,0
55,records100/00000/00055_lr,0
56,records100/00000/00056_lr,0
57,records100/00000/00057_lr,0
58,records100/00000/00058_lr,0
59,records100/00000/00059_lr,0
60,records100/00000/00060_lr,0
61,records100/00000/00061_lr,0
62,records100/00000/00062_lr,0
63,records100/00000/00063_lr,1
64,records100/00000/00064_lr,0
66,records100/00000/00066_lr,0
67,records100/00000/00067_lr,0
68,records100/00000/00068_lr,0
69,records100/00000/00069_lr,0
70,records100/00000/00070_lr,0
71,records100/00000/00071_lr,0
72,records100/00000/00072_lr,0
73,records100/00000/00073_lr,0
74,records100/00000/00074_lr,0
75,records100/00000/00075_lr,0
76,records100/00000/00076_lr,0
77,records100/00000/00077_lr,1
78,records100/00000/00078_lr,0
79,records100/00000/00079_lr,0
80,records100/00000/00080_lr,0
81,records100/00000/00081_lr,0
82,records100/00000/00082_lr,0
83,records100/00000/00083_lr,0
84,records100/00000/00084_lr,0
85,records100/00000/00085_lr,0
86,records100/00000/00086_lr,0
88,records100/00000/00088_lr,0
89,records100/00000/00089_lr,0
90,records100/00000/00090_lr,0
91,records100/00000/00091_lr,0
92,records100/00000/00092_lr,0
93,records100/00000/00093_lr,0
94,records100/00000/00094_lr,0
95,records100/00000/00095_lr,0
97,records100/00000/00097_lr,0
98,records100/00000/00098_lr,0
99,records100/00000/00099_lr,0
100,records100/00000/00100_lr,0
101,records100/00000/00101_lr,0
103,records100/00000/00103_lr,1
104,records100/00000/00104_lr,0
105,records100/00000/00105_lr,0
106,records100/00000/00106_lr,1
107,records100/00000/00107_lr,0
108,records100/00000/00108_lr,0
109,records100/00000/00109_lr,0
110,records100/00000/00110_lr,0
111,records100/00000/00111_lr,0
112,records100/00000/00112_lr,0
113,records100/00000/00113_lr,0
114,records100/00000/00114_lr,0
115,records100/00000/00115_lr,0
117,records100/00000/00117_lr,0
118,records100/00000/00118_lr,0
119,records100/00000/00119_lr,0
120,records100/00000/00120_lr,0
121,records100/00000/00121_lr,0
122,records100/00000/00122_lr,0
123,records100/00000/00123_lr,0
124,records100/00000/00124_lr,0
125,records100/00000/00125_lr,0
126,records100/00000/00126_lr,0
129,records100/00000/00129_lr,0
130,records100/00000/00130_lr,0
131,records100/00000/00131_lr,1
132,records100/00000/00132_lr,0
136,records100/00000/00136_lr,0
146,records100/00000/00146_lr,1
147,records100/00000/00147_lr,0
149,records100/00000/00149_lr,0
150,records100/00000/00150_lr,0
151,records100/00000/00151_lr,0
152,records100/00000/00152_lr,1
153,records100/00000/00153_lr,1
155,records100/00000/00155_lr,1
156,records100/00000/00156_lr,0
158,records100/00000/00158_lr,0
159,records100/00000/00159_lr,0
161,records100/00000/00161_lr,1
162,records100/00000/00162_lr,1
163,records100/00000/00163_lr,0
165,records100/00000/00165_lr,0
166,records100/00000/00166_lr,0
174,records100/00000/00174_lr,0
175,records100/00000/00175_lr,1
176,records100/00000/00176_lr,0
177,records100/00000/00177_lr,1
178,records100/00000/00178_lr,0
179,records100/00000/00179_lr,0
181,records100/00000/00181_lr,1
182,records100/00000/00182_lr,1
183,records100/00000/00183_lr,0
184,records100/00000/00184_lr,1
185,records100/00000/00185_lr,0
187,records100/00000/00187_lr,0
189,records100/00000/00189_lr,1
193,records100/00000/00193_lr,0
194,records100/00000/00194_lr,0
196,records100/00000/00196_lr,0
197,records100/00000/00197_lr,0
198,records100/00000/00198_lr,0
199,records100/00000/00199_lr,1
200,records100/00000/00200_lr,0
201,records100/00000/00201_lr,0
202,records100/00000/00202_lr,0
203,records100/00000/00203_lr,0
204,records100/00000/00204_lr,0
205,records100/00000/00205_lr,0
206,records100/00000/00206_lr,0
207,records100/00000/00207_lr,0
208,records100/00000/00208_lr,0
210,records100/00000/00210_lr,1
211,records100/00000/00211_lr,1
212,records100/00000/00212_lr,0
213,records100/00000/00213_lr,0
214,records100/00000/00214_lr,0
215,records100/00000/00215_lr,0
216,records100/00000/00216_lr,0
218,records100/00000/00218_lr,0
219,records100/00000/00219_lr,0
221,records100/00000/00221_lr,0
223,records100/00000/00223_lr,1
224,records100/00000/00224_lr,0
225,records100/00000/00225_lr,0
227,records100/00000/00227_lr,0
228,records100/00000/00228_lr,0
229,records100/00000/00229_lr,0
230,records100/00000/00230_lr,0
231,records100/00000/00231_lr,0
232,records100/00000/00232_lr,0
233,records100/00000/00233_lr,0
234,records100/00000/00234_lr,1
235,records100/00000/00235_lr,0
236,records100/00000/00236_lr,0
237,records100/00000/00237_lr,0
239,records100/00000/00239_lr,0
240,records100/00000/00240_lr,1
241,records100/00000/00241_lr,0
242,records100/00000/00242_lr,0
243,records100/00000/00243_lr,0
244,records100/00000/00244_lr,0
245,records100/00000/00245_lr,0
246,records100/00000/00246_lr,0
247,records100/00000/00247_lr,0
248,records100/00000/00248_lr,0
249,records100/00000/00249_lr,0
250,records100/00000/00250_lr,0
251,records100/00000/00251_lr,0
252,records100/00000/00252_lr,0
253,records100/00000/00253_lr,0
254,records100/00000/00254_lr,0
257,records100/00000/00257_lr,1
258,records100/00000/00258_lr,1
262,records100/00000/00262_lr,0
263,records100/00000/00263_lr,1
264,records100/00000/00264_lr,0
265,records100/00000/00265_lr,0
266,records100/00000/00266_lr,1
267,records100/00000/00267_lr,1
268,records100/00000/00268_lr,0
269,records100/00000/00269_lr,1
270,records100/00000/00270_lr,1
271,records100/00000/00271_lr,1
272,records100/00000/00272_lr,0
274,records100/00000/00274_lr,1
275,records100/00000/00275_lr,0
277,records100/00000/00277_lr,0
278,records100/00000/00278_lr,0
280,records100/00000/00280_lr,0
281,records100/00000/00281_lr,1
282,records100/00000/00282_lr,1
283,records100/00000/00283_lr,0
287,records100/00000/00287_lr,1
288,records100/00000/00288_lr,0
289,records100/00000/00289_lr,0
290,records100/00000/00290_lr,1
291,records100/00000/00291_lr,0
292,records100/00000/00292_lr,0
293,records100/00000/00293_lr,0
294,records100/00000/00294_lr,1
297,records100/00000/00297_lr,0
298,records100/00000/00298_lr,1
300,records100/00000/00300_lr,0
301,records100/00000/00301_lr,0
302,records100/00000/00302_lr,0
303,records100/00000/00303_lr,0
304,records100/00000/00304_lr,0
307,records100/00000/00307_lr,1
308,records100/00000/00308_lr,1
309,records100/00000/00309_lr,0
310,records100/00000/00310_lr,1
311,records100/00000/00311_lr,1
312,records100/00000/00312_lr,0
314,records100/00000/00314_lr,0
315,records100/00000/00315_lr,0
317,records100/00000/00317_lr,0
319,records100/00000/00319_lr,1
322,records100/00000/00322_lr,0
323,records100/00000/00323_lr,1
324,records100/00000/00324_lr,0
325,records100/00000/00325_lr,1
327,records100/00000/00327_lr,0
330,records100/00000/00330_lr,0
332,records100/00000/00332_lr,0
334,records100/00000/00334_lr,0
335,records100/00000/00335_lr,0
337,records100/00000/00337_lr,1
339,records100/00000/00339_lr,0
340,records100/00000/00340_lr,0
342,records100/00000/00342_lr,0
343,records100/00000/00343_lr,0
345,records100/00000/00345_lr,0
352,records100/00000/00352_lr,0
353,records100/00000/00353_lr,0
354,records100/00000/00354_lr,0
355,records100/00000/00355_lr,0
356,records100/00000/00356_lr,0
358,records100/00000/00358_lr,0
359,records100/00000/00359_lr,0
360,records100/00000/00360_lr,0
361,records100/00000/00361_lr,0
362,records100/00000/00362_lr,0
364,records100/00000/00364_lr,0
365,records100/00000/00365_lr,0
366,records100/00000/00366_lr,0
367,records100/00000/00367_lr,0
368,records100/00000/00368_lr,0
370,records100/00000/00370_lr,0
371,records100/00000/00371_lr,0
372,records100/00000/00372_lr,0
373,records100/00000/00373_lr,0
374,records100/00000/00374_lr,0
375,records100/00000/00375_lr,0
376,records100/00000/00376_lr,0
379,records100/00000/00379_lr,0
380,records100/00000/00380_lr,1
381,records100/00000/00381_lr,0
383,records100/00000/00383_lr,1
384,records100/00000/00384_lr,0
387,records100/00000/00387_lr,0
389,records100/00000/00389_lr,0
391,records100/00000/00391_lr,0
392,records100/00000/00392_lr,0
393,records100/00000/00393_lr,0
394,records100/00000/00394_lr,0
395,records100/00000/00395_lr,0
396,records100/00000/00396_lr,0
397,records100/00000/00397_lr,0
398,records100/00000/00398_lr,0
399,records100/00000/00399_lr,0
401,records100/00000/00401_lr,0
402,records100/00000/00402_lr,0
403,records100/00000/00403_lr,0
404,records100/00000/00404_lr,0
405,records100/00000/00405_lr,0
406,records100/00000/00406_lr,0
407,records100/00000/00407_lr,1
409,records100/00000/00409_lr,1
410,records100/00000/00410_lr,0
411,records100/00000/00411_lr,0
414,records100/00000/00414_lr,1
417,records100/00000/00417_lr,0
418,records100/00000/00418_lr,1
419,records100/00000/00419_lr,0
420,records100/00000/00420_lr,0
421,records100/00000/00421_lr,0
423,records100/00000/00423_lr,1
425,records100/00000/00425_lr,1
426,records100/00000/00426_lr,0
429,records100/00000/00429_lr,1
430,records100/00000/00430_lr,1
431,records100/00000/00431_lr,0
432,records100/00000/00432_lr,0
433,records100/00000/00433_lr,0
434,records100/00000/00434_lr,0
435,records100/00000/00435_lr,0
436,records100/00000/00436_lr,0
437,records100/00000/00437_lr,0
438,records100/00000/00438_lr,0
439,records100/00000/00439_lr,0
440,records100/00000/00440_lr,0
441,records100/00000/00441_lr,0
442,records100/00000/00442_lr,1
443,records100/00000/00443_lr,0
444,records100/00000/00444_lr,0
445,records100/00000/00445_lr,0
446,records100/00000/00446_lr,0
451,records100/00000/00451_lr,0
453,records100/00000/00453_lr,1
454,records100/00000/00454_lr,0
455,records100/00000/00455_lr,1
457,records100/00000/00457_lr,0
460,records100/00000/00460_lr,0
463,records100/00000/00463_lr,0
464,records100/00000/00464_lr,1
466,records100/00000/00466_lr,0
467,records100/00000/00467_lr,0
468,records100/00000/00468_lr,1
470,records100/00000/00470_lr,0
471,records100/00000/00471_lr,0
472,records100/00000/00472_lr,0
473,records100/00000/00473_lr,0
474,records100/00000/00474_lr,0
475,records100/00000/00475_lr,0
477,records100/00000/00477_lr,1
478,records100/00000/00478_lr,0
480,records100/00000/00480_lr,0
481,records100/00000/00481_lr,0
482,records100/00000/00482_lr,1
483,records100/00000/00483_lr,1
486,records100/00000/00486_lr,1
487,records100/00000/00487_lr,0
488,records100/00000/00488_lr,0
490,records100/00000/00490_lr,0
491,records100/00000/00491_lr,0
492,records100/00000/00492_lr,1
493,records100/00000/00493_lr,0
494,records100/00000/00494_lr,0
496,records100/00000/00496_lr,1
497,records100/00000/00497_lr,0
500,records100/00000/00500_lr,1
504,records100/00000/00504_lr,0
505,records100/00000/00505_lr,0
506,records100/00000/00506_lr,0
507,records100/00000/00507_lr,1
509,records100/00000/00509_lr,0
510,records100/00000/00510_lr,1
512,records100/00000/00512_lr,1
513,records100/00000/00513_lr,1
514,records100/00000/00514_lr,1
515,records100/00000/00515_lr,1
518,records100/00000/00518_lr,1
521,records100/00000/00521_lr,0
523,records100/00000/00523_lr,0
526,records100/00000/00526_lr,1
528,records100/00000/00528_lr,1
530,records100/00000/00530_lr,1
531,records100/00000/00531_lr,0
532,records100/00000/00532_lr,1
533,records100/00000/00533_lr,0
535,records100/00000/00535_lr,1
536,records100/00000/00536_lr,1
537,records100/00000/00537_lr,1
538,records100/00000/00538_lr,0
539,records100/00000/00539_lr,0
540,records100/00000/00540_lr,1
543,records100/00000/00543_lr,0
544,records100/00000/00544_lr,1
545,records100/00000/00545_lr,1
547,records100/00000/00547_lr,1
548,records100/00000/00548_lr,0
549,records100/00000/00549_lr,0
552,records100/00000/00552_lr,0
553,records100/00000/00553_lr,0
554,records100/00000/00554_lr,1
556,records100/00000/00556_lr,1
558,records100/00000/00558_lr,1
559,records100/00000/00559_lr,0
560,records100/00000/00560_lr,0
561,records100/00000/00561_lr,0
563,records100/00000/00563_lr,1
564,records100/00000/00564_lr,1
565,records100/00000/00565_lr,0
566,records100/00000/00566_lr,0
567,records100/00000/00567_lr,1
568,records100/00000/00568_lr,0
570,records100/00000/00570_lr,0
572,records100/00000/00572_lr,0
574,records100/00000/00574_lr,0
577,records100/00000/00577_lr,1
578,records100/00000/00578_lr,0
579,records100/00000/00579_lr,1
580,records100/00000/00580_lr,0
581,records100/00000/00581_lr,1
582,records100/00000/00582_lr,0
583,records100/00000/00583_lr,0
584,records100/00000/00584_lr,0
586,records100/00000/00586_lr,0
587,records100/00000/00587_lr,0
589,records100/00000/00589_lr,0
590,records100/00000/00590_lr,0
591,records100/00000/00591_lr,0
592,records100/00000/00592_lr,1
594,records100/00000/00594_lr,1
595,records100/00000/00595_lr,0
596,records100/00000/00596_lr,0
597,records100/00000/00597_lr,0
599,records100/00000/00599_lr,1
600,records100/00000/00600_lr,1
601,records100/00000/00601_lr,1
602,records100/00000/00602_lr,0
603,records100/00000/00603_lr,0
604,records100/00000/00604_lr,1
605,records100/00000/00605_lr,0
606,records100/00000/00606_lr,0
607,records100/00000/00607_lr,1
608,records100/00000/00608_lr,1
610,records100/00000/00610_lr,1
611,records100/00000/00611_lr,0
614,records100/00000/00614_lr,0
615,records100/00000/00615_lr,0
617,records100/00000/00617_lr,1
619,records100/00000/00619_lr,0
620,records100/00000/00620_lr,0
622,records100/00000/00622_lr,1
623,records100/00000/00623_lr,1
624,records100/00000/00624_lr,0
625,records100/00000/00625_lr,0
627,records100/00000/00627_lr,1
628,records100/00000/00628_lr,0
629,records100/00000/00629_lr,0
630,records100/00000/00630_lr,0
631,records100/00000/00631_lr,0
634,records100/00000/00634_lr,1
636,records100/00000/00636_lr,1
638,records100/00000/00638_lr,0
639,records100/00000/00639_lr,0
641,records100/00000/00641_lr,0
642,records100/00000/00642_lr,0
643,records100/00000/00643_lr,0
644,records100/00000/00644_lr,0
645,records100/00000/00645_lr,0
646,records100/00000/00646_lr,1
647,records100/00000/00647_lr,0
648,records100/00000/00648_lr,0
649,records100/00000/00649_lr,0
651,records100/00000/00651_lr,1
652,records100/00000/00652_lr,1
653,records100/00000/00653_lr,0
654,records100/00000/00654_lr,0
655,records100/00000/00655_lr,0
657,records100/00000/00657_lr,0
660,records100/00000/00660_lr,0
661,records100/00000/00661_lr,1
662,records100/00000/00662_lr,0
663,records100/00000/00663_lr,0
664,records100/00000/00664_lr,0
666,records100/00000/00666_lr,0
668,records100/00000/00668_lr,0
669,records100/00000/00669_lr,0
670,records100/00000/00670_lr,0
671,records100/00000/00671_lr,0
673,records100/00000/00673_lr,0
675,records100/00000/00675_lr,0
676,records100/00000/00676_lr,0
677,records100/00000/00677_lr,0
679,records100/00000/00679_lr,0
681,records100/00000/00681_lr,1
683,records100/00000/00683_lr,0
684,records100/00000/00684_lr,0
685,records100/00000/00685_lr,1
687,records100/00000/00687_lr,0
691,records100/00000/00691_lr,1
693,records100/00000/00693_lr,1
694,records100/00000/00694_lr,0
695,records100/00000/00695_lr,0
696,records100/00000/00696_lr,0
698,records100/00000/00698_lr,0
699,records100/00000/00699_lr,1
700,records100/00000/00700_lr,1
701,records100/00000/00701_lr,1
703,records100/00000/00703_lr,1
704,records100/00000/00704_lr,1
705,records100/00000/00705_lr,1
706,records100/00000/00706_lr,1
708,records100/00000/00708_lr,1
709,records100/00000/00709_lr,0
710,records100/00000/00710_lr,0
713,records100/00000/00713_lr,1
715,records100/00000/00715_lr,0
716,records100/00000/00716_lr,1
717,records100/00000/00717_lr,1
719,records100/00000/00719_lr,0
720,records100/00000/00720_lr,1
721,records100/00000/00721_lr,0
722,records100/00000/00722_lr,1
723,records100/00000/00723_lr,1
725,records100/00000/00725_lr,0
726,records100/00000/00726_lr,0
727,records100/00000/00727_lr,1
728,records100/00000/00728_lr,1
729,records100/00000/00729_lr,0
731,records100/00000/00731_lr,1
732,records100/00000/00732_lr,0
734,records100/00000/00734_lr,1
735,records100/00000/00735_lr,0
736,records100/00000/00736_lr,0
737,records100/00000/00737_lr,0
738,records100/00000/00738_lr,1
740,records100/00000/00740_lr,0
742,records100/00000/00742_lr,1
745,records100/00000/00745_lr,1
747,records100/00000/00747_lr,1
748,records100/00000/00748_lr,0
749,records100/00000/00749_lr,0
751,records100/00000/00751_lr,0
752,records100/00000/00752_lr,0
753,records100/00000/00753_lr,0
754,records100/00000/00754_lr,0
758,records100/00000/00758_lr,0
759,records100/00000/00759_lr,0
760,records100/00000/00760_lr,1
761,records100/00000/00761_lr,1
762,records100/00000/00762_lr,0
763,records100/00000/00763_lr,0
764,records100/00000/00764_lr,0
765,records100/00000/00765_lr,1
769,records100/00000/00769_lr,0
770,records100/00000/00770_lr,0
771,records100/00000/00771_lr,0
772,records100/00000/00772_lr,0
773,records100/00000/00773_lr,0
774,records100/00000/00774_lr,0
775,records100/00000/00775_lr,0
776,records100/00000/00776_lr,0
777,records100/00000/00777_lr,0
778,records100/00000/00778_lr,0
779,records100/00000/00779_lr,0
780,records100/00000/00780_lr,0
781,records100/00000/00781_lr,0
782,records100/00000/00782_lr,0
783,records100/00000/00783_lr,0
784,records100/00000/00784_lr,0
787,records100/00000/00787_lr,0
790,records100/00000/00790_lr,0
791,records100/00000/00791_lr,0
792,records100/00000/00792_lr,0
793,records100/00000/00793_lr,0
795,records100/00000/00795_lr,0
797,records100/00000/00797_lr,0
799,records100/00000/00799_lr,1
800,records100/00000/00800_lr,1
802,records100/00000/00802_lr,0
803,records100/00000/00803_lr,0
804,records100/00000/00804_lr,0
805,records100/00000/00805_lr,0
808,records100/00000/00808_lr,0
809,records100/00000/00809_lr,0
810,records100/00000/00810_lr,1
812,records100/00000/00812_lr,0
813,records100/00000/00813_lr,0
815,records100/00000/00815_lr,0
817,records100/00000/00817_lr,0
818,records100/00000/00818_lr,0
819,records100/00000/00819_lr,0
821,records100/00000/00821_lr,1
824,records100/00000/00824_lr,0
826,records100/00000/00826_lr,1
827,records100/00000/00827_lr,1
829,records100/00000/00829_lr,1
830,records100/00000/00830_lr,0
831,records100/00000/00831_lr,1
832,records100/00000/00832_lr,0
833,records100/00000/00833_lr,1
834,records100/00000/00834_lr,0
835,records100/00000/00835_lr,0
837,records100/00000/00837_lr,0
838,records100/00000/00838_lr,0
839,records100/00000/00839_lr,0
843,records100/00000/00843_lr,0
844,records100/00000/00844_lr,1
845,records100/00000/00845_lr,0
847,records100/00000/00847_lr,1
848,records100/00000/00848_lr,0
850,records100/00000/00850_lr,0
851,records100/00000/00851_lr,0
853,records100/00000/00853_lr,1
854,records100/00000/00854_lr,1
860,records100/00000/00860_lr,0
862,records100/00000/00862_lr,0
863,records100/00000/00863_lr,0
865,records100/00000/00865_lr,0
866,records100/00000/00866_lr,0
867,records100/00000/00867_lr,0
868,records100/00000/00868_lr,0
870,records100/00000/00870_lr,0
873,records100/00000/00873_lr,1
874,records100/00000/00874_lr,0
875,records100/00000/00875_lr,0
876,records100/00000/00876_lr,0
878,records100/00000/00878_lr,0
879,records100/00000/00879_lr,0
881,records100/00000/00881_lr,0
882,records100/00000/00882_lr,0
884,records100/00000/00884_lr,0
886,records100/00000/00886_lr,0
887,records100/00000/00887_lr,0
888,records100/00000/00888_lr,0
889,records100/00000/00889_lr,0
890,records100/00000/00890_lr,1
891,records100/00000/00891_lr,0
892,records100/00000/00892_lr,0
893,records100/00000/00893_lr,0
895,records100/00000/00895_lr,0
896,records100/00000/00896_lr,0
897,records100/00000/00897_lr,0
899,records100/00000/00899_lr,0
900,records100/00000/00900_lr,0
901,records100/00000/00901_lr,0
902,records100/00000/00902_lr,0
904,records100/00000/00904_lr,0
905,records100/00000/00905_lr,0
906,records100/00000/00906_lr,0
911,records100/00000/00911_lr,0
912,records100/00000/00912_lr,1
913,records100/00000/00913_lr,0
914,records100/00000/00914_lr,1
915,records100/00000/00915_lr,1
916,records100/00000/00916_lr,0
917,records100/00000/00917_lr,0
918,records100/00000/00918_lr,0
920,records100/00000/00920_lr,0
921,records100/00000/00921_lr,0
922,records100/00000/00922_lr,0
923,records100/00000/00923_lr,1
924,records100/00000/00924_lr,1
925,records100/00000/00925_lr,0
926,records100/00000/00926_lr,0
927,records100/00000/00927_lr,0
928,records100/00000/00928_lr,0
929,records100/00000/00929_lr,0
931,records100/00000/00931_lr,0
933,records100/00000/00933_lr,0
935,records100/00000/00935_lr,0
936,records100/00000/00936_lr,0
937,records100/00000/00937_lr,0
943,records100/00000/00943_lr,1
944,records100/00000/00944_lr,0
945,records100/00000/00945_lr,0
947,records100/00000/00947_lr,1
949,records100/00000/00949_lr,0
951,records100/00000/00951_lr,0
952,records100/00000/00952_lr,0
954,records100/00000/00954_lr,0
955,records100/00000/00955_lr,1
956,records100/00000/00956_lr,0
957,records100/00000/00957_lr,1
958,records100/00000/00958_lr,0
959,records100/00000/00959_lr,1
960,records100/00000/00960_lr,0
961,records100/00000/00961_lr,0
962,records100/00000/00962_lr,1
964,records100/00000/00964_lr,1
966,records100/00000/00966_lr,0
967,records100/00000/00967_lr,0
968,records100/00000/00968_lr,1
969,records100/00000/00969_lr,0
970,records100/00000/00970_lr,1
971,records100/00000/00971_lr,0
972,records100/00000/00972_lr,0
975,records100/00000/00975_lr,1
976,records100/00000/00976_lr,0
978,records100/00000/00978_lr,1
979,records100/00000/00979_lr,0
980,records100/00000/00980_lr,1
981,records100/00000/00981_lr,0
982,records100/00000/00982_lr,1
983,records100/00000/00983_lr,0
985,records100/00000/00985_lr,0
988,records100/00000/00988_lr,0
989,records100/00000/00989_lr,0
990,records100/00000/00990_lr,1
991,records100/00000/00991_lr,1
992,records100/00000/00992_lr,0
995,records100/00000/00995_lr,0
996,records100/00000/00996_lr,1
997,records100/00000/00997_lr,1
999,records100/00000/00999_lr,0
1000,records100/01000/01000_lr,0
1001,records100/01000/01001_lr,0
1002,records100/01000/01002_lr,0
1003,records100/01000/01003_lr,0
1006,records100/01000/01006_lr,1
1007,records100/01000/01007_lr,0
1008,records100/01000/01008_lr,0
1011,records100/01000/01011_lr,0
1012,records100/01000/01012_lr,1
1014,records100/01000/01014_lr,1
1016,records100/01000/01016_lr,0
1018,records100/01000/01018_lr,0
1019,records100/01000/01019_lr,0
1021,records100/01000/01021_lr,0
1022,records100/01000/01022_lr,0
1023,records100/01000/01023_lr,0
1025,records100/01000/01025_lr,1
1027,records100/01000/01027_lr,0
1028,records100/01000/01028_lr,0
1029,records100/01000/01029_lr,0
1031,records100/01000/01031_lr,0
1033,records100/01000/01033_lr,1
1034,records100/01000/01034_lr,0
1035,records100/01000/01035_lr,1
1037,records100/01000/01037_lr,0
1040,records100/01000/01040_lr,1
1041,records100/01000/01041_lr,0
1042,records100/01000/01042_lr,0
1045,records100/01000/01045_lr,0
1047,records100/01000/01047_lr,0
1049,records100/01000/01049_lr,1
1051,records100/01000/01051_lr,0
1054,records100/01000/01054_lr,0
1055,records100/01000/01055_lr,1
1056,records100/01000/01056_lr,1
1057,records100/01000/01057_lr,0
1058,records100/01000/01058_lr,0
1059,records100/01000/01059_lr,1
1061,records100/01000/01061_lr,0
1062,records100/01000/01062_lr,0
1063,records100/01000/01063_lr,1
1067,records100/01000/01067_lr,0
1069,records100/01000/01069_lr,0
1071,records100/01000/01071_lr,0
1074,records100/01000/01074_lr,1
1075,records100/01000/01075_lr,1
1076,records100/01000/01076_lr,0
1077,records100/01000/01077_lr,1
1078,records100/01000/01078_lr,0
1079,records100/01000/01079_lr,1
1081,records100/01000/01081_lr,1
1083,records100/01000/01083_lr,0
1084,records100/01000/01084_lr,0
1085,records100/01000/01085_lr,1
1086,records100/01000/01086_lr,0
1089,records100/01000/01089_lr,0
1090,records100/01000/01090_lr,0
1091,records100/01000/01091_lr,1
1092,records100/01000/01092_lr,0
1093,records100/01000/01093_lr,1
1094,records100/01000/01094_lr,0
1095,records100/01000/01095_lr,0
1096,records100/01000/01096_lr,0
1097,records100/01000/01097_lr,0
1098,records100/01000/01098_lr,0
1099,records100/01000/01099_lr,0
1100,records100/01000/01100_lr,0
1101,records100/01000/01101_lr,0
1102,records100/01000/01102_lr,0
1104,records100/01000/01104_lr,0
1105,records100/01000/01105_lr,1
1106,records100/01000/01106_lr,0
1107,records100/01000/01107_lr,0
1108,records100/01000/01108_lr,1
1109,records100/01000/01109_lr,1
1112,records100/01000/01112_lr,0
1113,records100/01000/01113_lr,0
1114,records100/01000/01114_lr,0
1115,records100/01000/01115_lr,0
1116,records100/01000/01116_lr,0
1117,records100/01000/01117_lr,0
1118,records100/01000/01118_lr,0
1119,records100/01000/01119_lr,0
1121,records100/01000/01121_lr,0
1122,records100/01000/01122_lr,0
1124,records100/01000/01124_lr,0
1125,records100/01000/01125_lr,0
1126,records100/01000/01126_lr,1
1127,records100/01000/01127_lr,0
1129,records100/01000/01129_lr,0
1130,records100/01000/01130_lr,0
1131,records100/01000/01131_lr,0
1132,records100/01000/01132_lr,0
1133,records100/01000/01133_lr,0
1134,records100/01000/01134_lr,1
1137,records100/01000/01137_lr,0
1138,records100/01000/01138_lr,1
1139,records100/01000/01139_lr,0
1140,records100/01000/01140_lr,0
1141,records100/01000/01141_lr,0
1142,records100/01000/01142_lr,0
1143,records100/01000/01143_lr,0
1144,records100/01000/01144_lr,0
1145,records100/01000/01145_lr,0
1147,records100/01000/01147_lr,0
1149,records100/01000/01149_lr,0
1152,records100/01000/01152_lr,0
1153,records100/01000/01153_lr,1
1155,records100/01000/01155_lr,1
1157,records100/01000/01157_lr,1
1158,records100/01000/01158_lr,0
1159,records100/01000/01159_lr,1
1161,records100/01000/01161_lr,0
1163,records100/01000/01163_lr,0
1165,records100/01000/01165_lr,0
1166,records100/01000/01166_lr,0
1167,records100/01000/01167_lr,0
1169,records100/01000/01169_lr,0
1170,records100/01000/01170_lr,0
1171,records100/01000/01171_lr,0
1172,records100/01000/01172_lr,0
1174,records100/01000/01174_lr,0
1176,records100/01000/01176_lr,0
1177,records100/01000/01177_lr,1
1180,records100/01000/01180_lr,1
1181,records100/01000/01181_lr,0
1182,records100/01000/01182_lr,0
1184,records100/01000/01184_lr,0
1186,records100/01000/01186_lr,0
1188,records100/01000/01188_lr,0
1189,records100/01000/01189_lr,1
1190,records100/01000/01190_lr,0
1191,records100/01000/01191_lr,0
1192,records100/01000/01192_lr,0
1195,records100/01000/01195_lr,0
1196,records100/01000/01196_lr,0
1197,records100/01000/01197_lr,0
1199,records100/01000/01199_lr,1
1200,records100/01000/01200_lr,1
1201,records100/01000/01201_lr,0
1203,records100/01000/01203_lr,1
1204,records100/01000/01204_lr,0
1206,records100/01000/01206_lr,0
1208,records100/01000/01208_lr,0
1209,records100/01000/01209_lr,0
1212,records100/01000/01212_lr,0
1214,records100/01000/01214_lr,0
1215,records100/01000/01215_lr,1
1216,records100/01000/01216_lr,1
1217,records100/01000/01217_lr,0
1218,records100/01000/01218_lr,0
1220,records100/01000/01220_lr,0
1221,records100/01000/01221_lr,0
1223,records100/01000/01223_lr,0
1224,records100/01000/01224_lr,1
1226,records100/01000/01226_lr,0
1227,records100/01000/01227_lr,1
1230,records100/01000/01230_lr,0
1231,records100/01000/01231_lr,1
1234,records100/01000/01234_lr,0
1235,records100/01000/01235_lr,1
1236,records100/01000/01236_lr,0
1238,records100/01000/01238_lr,0
1239,records100/01000/01239_lr,1
1241,records100/01000/01241_lr,0
1243,records100/01000/01243_lr,0
1244,records100/01000/01244_lr,0
1245,records100/01000/01245_lr,0
1246,records100/01000/01246_lr,0
1247,records100/01000/01247_lr,0
1248,records100/01000/01248_lr,1
1249,records100/01000/01249_lr,0
1250,records100/01000/01250_lr,0
1251,records100/01000/01251_lr,0
1252,records100/01000/01252_lr,0
1253,records100/01000/01253_lr,0
1254,records100/01000/01254_lr,0
1257,records100/01000/01257_lr,0
1258,records100/01000/01258_lr,0
1259,records100/01000/01259_lr,0
1261,records100/01000/01261_lr,1
1262,records100/01000/01262_lr,0
1263,records100/01000/01263_lr,0
1264,records100/01000/01264_lr,0
1265,records100/01000/01265_lr,0
1266,records100/01000/01266_lr,0
1267,records100/01000/01267_lr,0
1269,records100/01000/01269_lr,0
1270,records100/01000/01270_lr,0
1271,records100/01000/01271_lr,0
1272,records100/01000/01272_lr,0
1273,records100/01000/01273_lr,0
1274,records100/01000/01274_lr,0
1275,records100/01000/01275_lr,1
1276,records100/01000/01276_lr,0
1278,records100/01000/01278_lr,1
1279,records100/01000/01279_lr,1
1280,records100/01000/01280_lr,0
1281,records100/01000/01281_lr,0
1282,records100/01000/01282_lr,0
1283,records100/01000/01283_lr,0
1285,records100/01000/01285_lr,0
1286,records100/01000/01286_lr,0
1287,records100/01000/01287_lr,0
1289,records100/01000/01289_lr,0
1290,records100/01000/01290_lr,0
1291,records100/01000/01291_lr,0
1292,records100/01000/01292_lr,0
1293,records100/01000/01293_lr,0
1294,records100/01000/01294_lr,0
1296,records100/01000/01296_lr,0
1297,records100/01000/01297_lr,0
1300,records100/01000/01300_lr,0
1301,records100/01000/01301_lr,0
1302,records100/01000/01302_lr,0
1303,records100/01000/01303_lr,0
1304,records100/01000/01304_lr,0
1305,records100/01000/01305_lr,0
1306,records100/01000/01306_lr,0
1308,records100/01000/01308_lr,0
1310,records100/01000/01310_lr,0
1311,records100/01000/01311_lr,0
1312,records100/01000/01312_lr,0
1313,records100/01000/01313_lr,0
1314,records100/01000/01314_lr,0
1315,records100/01000/01315_lr,0
1316,records100/01000/01316_lr,0
1317,records100/01000/01317_lr,1
1318,records100/01000/01318_lr,0
1320,records100/01000/01320_lr,1
1321,records100/01000/01321_lr,0
1323,records100/01000/01323_lr,0
1324,records100/01000/01324_lr,1
1325,records100/01000/01325_lr,1
1326,records100/01000/01326_lr,0
1327,records100/01000/01327_lr,1
1329,records100/01000/01329_lr,0
1330,records100/01000/01330_lr,0
1331,records100/01000/01331_lr,0
1334,records100/01000/01334_lr,0
1335,records100/01000/01335_lr,0
1336,records100/01000/01336_lr,0
1339,records100/01000/01339_lr,1
1340,records100/01000/01340_lr,0
1341,records100/01000/01341_lr,0
1342,records100/01000/01342_lr,1
1343,records100/01000/01343_lr,1
1344,records100/01000/01344_lr,0
1345,records100/01000/01345_lr,0
1346,records100/01000/01346_lr,0
1348,records100/01000/01348_lr,0
1349,records100/01000/01349_lr,0
1350,records100/01000/01350_lr,0
1351,records100/01000/01351_lr,0
1352,records100/01000/01352_lr,0
1353,records100/01000/01353_lr,0
1354,records100/01000/01354_lr,0
1355,records100/01000/01355_lr,0
1356,records100/01000/01356_lr,0
1357,records100/01000/01357_lr,0
1359,records100/01000/01359_lr,0
1360,records100/01000/01360_lr,0
1361,records100/01000/01361_lr,0
1362,records100/01000/01362_lr,1
1363,records100/01000/01363_lr,0
1364,records100/01000/01364_lr,0
1366,records100/01000/01366_lr,1
1368,records100/01000/01368_lr,0
1369,records100/01000/01369_lr,0
1371,records100/01000/01371_lr,1
1372,records100/01000/01372_lr,0
1373,records100/01000/01373_lr,1
1374,records100/01000/01374_lr,0
1375,records100/01000/01375_lr,0
1376,records100/01000/01376_lr,0
1379,records100/01000/01379_lr,0
1380,records100/01000/01380_lr,0
1381,records100/01000/01381_lr,0
1382,records100/01000/01382_lr,0
1383,records100/01000/01383_lr,0
1387,records100/01000/01387_lr,1
1388,records100/01000/01388_lr,0
1389,records100/01000/01389_lr,0
1390,records100/01000/01390_lr,0
1391,records100/01000/01391_lr,1
1393,records100/01000/01393_lr,1
1395,records100/01000/01395_lr,0
1396,records100/01000/01396_lr,0
1397,records100/01000/01397_lr,0
1400,records100/01000/01400_lr,0
1401,records100/01000/01401_lr,0
1403,records100/01000/01403_lr,1
1404,records100/01000/01404_lr,1
1405,records100/01000/01405_lr,1
1406,records100/01000/01406_lr,0
1407,records100/01000/01407_lr,0
1408,records100/01000/01408_lr,0
1409,records100/01000/01409_lr,0
1410,records100/01000/01410_lr,0
1411,records100/01000/01411_lr,1
1412,records100/01000/01412_lr,0
1413,records100/01000/01413_lr,0
1414,records100/01000/01414_lr,0
1415,records100/01000/01415_lr,1
1417,records100/01000/01417_lr,1
1418,records100/01000/01418_lr,0
1420,records100/01000/01420_lr,0
1421,records100/01000/01421_lr,0
1422,records100/01000/01422_lr,0
1423,records100/01000/01423_lr,0
1425,records100/01000/01425_lr,1
1427,records100/01000/01427_lr,1
1428,records100/01000/01428_lr,0
1430,records100/01000/01430_lr,1
1431,records100/01000/01431_lr,0
1433,records100/01000/01433_lr,1
1434,records100/01000/01434_lr,1
1437,records100/01000/01437_lr,1
1438,records100/01000/01438_lr,0
1439,records100/01000/01439_lr,1
1440,records100/01000/01440_lr,1
1441,records100/01000/01441_lr,1
1442,records100/01000/01442_lr,0
1443,records100/01000/01443_lr,1
1446,records100/01000/01446_lr,0
1447,records100/01000/01447_lr,1
1448,records100/01000/01448_lr,0
1452,records100/01000/01452_lr,1
1453,records100/01000/01453_lr,0
1454,records100/01000/01454_lr,0
1455,records100/01000/01455_lr,0
1457,records100/01000/01457_lr,1
1458,records100/01000/01458_lr,0
1459,records100/01000/01459_lr,0
1460,records100/01000/01460_lr,0
1462,records100/01000/01462_lr,0
1463,records100/01000/01463_lr,1
1464,records100/01000/01464_lr,1
1465,records100/01000/01465_lr,0
1467,records100/01000/01467_lr,0
1468,records100/01000/01468_lr,0
1471,records100/01000/01471_lr,1
1472,records100/01000/01472_lr,0
1473,records100/01000/01473_lr,1
1474,records100/01000/01474_lr,1
1475,records100/01000/01475_lr,0
1476,records100/01000/01476_lr,0
1477,records100/01000/01477_lr,0
1479,records100/01000/01479_lr,0
1480,records100/01000/01480_lr,1
1481,records100/01000/01481_lr,0
1482,records100/01000/01482_lr,1
1485,records100/01000/01485_lr,0
1487,records100/01000/01487_lr,0
1488,records100/01000/01488_lr,0
1490,records100/01000/01490_lr,1
1491,records100/01000/01491_lr,0
1492,records100/01000/01492_lr,1
1493,records100/01000/01493_lr,0
1494,records100/01000/01494_lr,0
1495,records100/01000/01495_lr,0
1497,records100/01000/01497_lr,0
1498,records100/01000/01498_lr,0
1499,records100/01000/01499_lr,0
1500,records100/01000/01500_lr,1
1501,records100/01000/01501_lr,0
1504,records100/01000/01504_lr,0
1505,records100/01000/01505_lr,0
1506,records100/01000/01506_lr,0
1507,records100/01000/01507_lr,0
1509,records100/01000/01509_lr,0
1510,records100/01000/01510_lr,0
1511,records100/01000/01511_lr,0
1513,records100/01000/01513_lr,1
1515,records100/01000/01515_lr,1
1516,records100/01000/01516_lr,0
1517,records100/01000/01517_lr,0
1518,records100/01000/01518_lr,0
1519,records100/01000/01519_lr,0
1521,records100/01000/01521_lr,1
1523,records100/01000/01523_lr,0
1525,records100/01000/01525_lr,1
1526,records100/01000/01526_lr,0
1527,records100/01000/01527_lr,0
1530,records100/01000/01530_lr,0
1531,records100/01000/01531_lr,0
1532,records100/01000/01532_lr,0
1533,records100/01000/01533_lr,0
1536,records100/01000/01536_lr,0
1537,records100/01000/01537_lr,1
1538,records100/01000/01538_lr,0
1539,records100/01000/01539_lr,0
1541,records100/01000/01541_lr,1
1543,records100/01000/01543_lr,0
1544,records100/01000/01544_lr,1
1545,records100/01000/01545_lr,0
1547,records100/01000/01547_lr,1
1549,records100/01000/01549_lr,1
1550,records100/01000/01550_lr,1
1553,records100/01000/01553_lr,0
1555,records100/01000/01555_lr,0
1556,records100/01000/01556_lr,1
1557,records100/01000/01557_lr,0
1558,records100/01000/01558_lr,1
1559,records100/01000/01559_lr,0
1560,records100/01000/01560_lr,0
1561,records100/01000/01561_lr,0
1565,records100/01000/01565_lr,0
1566,records100/01000/01566_lr,0
1567,records100/01000/01567_lr,0
1568,records100/01000/01568_lr,0
1571,records100/01000/01571_lr,1
1573,records100/01000/01573_lr,0
1574,records100/01000/01574_lr,0
1575,records100/01000/01575_lr,1
1577,records100/01000/01577_lr,1
1578,records100/01000/01578_lr,0
1580,records100/01000/01580_lr,0
1581,records100/01000/01581_lr,0
1582,records100/01000/01582_lr,0
1584,records100/01000/01584_lr,0
1585,records100/01000/01585_lr,0
1586,records100/01000/01586_lr,1
1587,records100/01000/01587_lr,1
1588,records100/01000/01588_lr,1
1589,records100/01000/01589_lr,0
1592,records100/01000/01592_lr,1
1593,records100/01000/01593_lr,0
1595,records100/01000/01595_lr,0
1597,records100/01000/01597_lr,0
1598,records100/01000/01598_lr,0
1600,records100/01000/01600_lr,0
1604,records100/01000/01604_lr,0
1606,records100/01000/01606_lr,1
1607,records100/01000/01607_lr,0
1608,records100/01000/01608_lr,1
1610,records100/01000/01610_lr,0
1613,records100/01000/01613_lr,0
1614,records100/01000/01614_lr,0
1615,records100/01000/01615_lr,0
1617,records100/01000/01617_lr,0
1618,records100/01000/01618_lr,0
1619,records100/01000/01619_lr,0
1620,records100/01000/01620_lr,0
1622,records100/01000/01622_lr,0
1623,records100/01000/01623_lr,0
1625,records100/01000/01625_lr,1
1626,records100/01000/01626_lr,0
1627,records100/01000/01627_lr,1
1628,records100/01000/01628_lr,0
1629,records100/01000/01629_lr,0
1630,records100/01000/01630_lr,0
1631,records100/01000/01631_lr,0
1632,records100/01000/01632_lr,0
1633,records100/01000/01633_lr,1
1634,records100/01000/01634_lr,0
1635,records100/01000/01635_lr,1
1636,records100/01000/01636_lr,0
1637,records100/01000/01637_lr,0
1638,records100/01000/01638_lr,0
1639,records100/01000/01639_lr,0
1642,records100/01000/01642_lr,0
1643,records100/01000/01643_lr,0
1645,records100/01000/01645_lr,0
1648,records100/01000/01648_lr,0
1651,records100/01000/01651_lr,0
1652,records100/01000/01652_lr,1
1653,records100/01000/01653_lr,0
1655,records100/01000/01655_lr,0
1656,records100/01000/01656_lr,0
1657,records100/01000/01657_lr,0
1658,records100/01000/01658_lr,0
1659,records100/01000/01659_lr,0
1660,records100/01000/01660_lr,0
1662,records100/01000/01662_lr,0
1664,records100/01000/01664_lr,0
1666,records100/01000/01666_lr,0
1668,records100/01000/01668_lr,0
1669,records100/01000/01669_lr,0
1672,records100/01000/01672_lr,0
1673,records100/01000/01673_lr,0
1675,records100/01000/01675_lr,1
1677,records100/01000/01677_lr,0
1678,records100/01000/01678_lr,0
1679,records100/01000/01679_lr,0
1681,records100/01000/01681_lr,0
1682,records100/01000/01682_lr,1
1685,records100/01000/01685_lr,0
1686,records100/01000/01686_lr,0
1687,records100/01000/01687_lr,1
1690,records100/01000/01690_lr,0
1691,records100/01000/01691_lr,0
1692,records100/01000/01692_lr,0
1693,records100/01000/01693_lr,0
1695,records100/01000/01695_lr,0
1696,records100/01000/01696_lr,1
1697,records100/01000/01697_lr,0
1698,records100/01000/01698_lr,0
1699,records100/01000/01699_lr,0
1700,records100/01000/01700_lr,0
1701,records100/01000/01701_lr,0
1702,records100/01000/01702_lr,0
1703,records100/01000/01703_lr,1
1705,records100/01000/01705_lr,0
1706,records100/01000/01706_lr,0
1707,records100/01000/01707_lr,0
1708,records100/01000/01708_lr,0
1711,records100/01000/01711_lr,0
1714,records100/01000/01714_lr,0
1715,records100/01000/01715_lr,0
1718,records100/01000/01718_lr,0
1720,records100/01000/01720_lr,0
1722,records100/01000/01722_lr,1
1724,records100/01000/01724_lr,0
1726,records100/01000/01726_lr,0
1727,records100/01000/01727_lr,0
1728,records100/01000/01728_lr,0
1730,records100/01000/01730_lr,0
1731,records100/01000/01731_lr,1
1732,records100/01000/01732_lr,0
1734,records100/01000/01734_lr,0
1737,records100/01000/01737_lr,1
1738,records100/01000/01738_lr,1
1739,records100/01000/01739_lr,1
1740,records100/01000/01740_lr,0
1741,records100/01000/01741_lr,0
1743,records100/01000/01743_lr,0
1744,records100/01000/01744_lr,1
1746,records100/01000/01746_lr,0
1747,records100/01000/01747_lr,1
1748,records100/01000/01748_lr,0
1749,records100/01000/01749_lr,0
1752,records100/01000/01752_lr,0
1753,records100/01000/01753_lr,1
1754,records100/01000/01754_lr,1
1756,records100/01000/01756_lr,1
1757,records100/01000/01757_lr,0
1758,records100/01000/01758_lr,1
1759,records100/01000/01759_lr,0
1760,records100/01000/01760_lr,0
1761,records100/01000/01761_lr,1
1762,records100/01000/01762_lr,0
1767,records100/01000/01767_lr,0
1769,records100/01000/01769_lr,1
1771,records100/01000/01771_lr,0
1772,records100/01000/01772_lr,0
1774,records100/01000/01774_lr,1
1775,records100/01000/01775_lr,0
1776,records100/01000/01776_lr,0
1778,records100/01000/01778_lr,0
1779,records100/01000/01779_lr,0
1780,records100/01000/01780_lr,0
1781,records100/01000/01781_lr,1
1782,records100/01000/01782_lr,0
1783,records100/01000/01783_lr,0
1787,records100/01000/01787_lr,0
1788,records100/01000/01788_lr,0
1790,records100/01000/01790_lr,0
1791,records100/01000/01791_lr,0
1793,records100/01000/01793_lr,0
1794,records100/01000/01794_lr,0
1795,records100/01000/01795_lr,0
1796,records100/01000/01796_lr,0
1804,records100/01000/01804_lr,0
1808,records100/01000/01808_lr,0
1809,records100/01000/01809_lr,1
1810,records100/01000/01810_lr,1
1812,records100/01000/01812_lr,1
1813,records100/01000/01813_lr,0
1815,records100/01000/01815_lr,1
1816,records100/01000/01816_lr,1
1818,records100/01000/01818_lr,0
1819,records100/01000/01819_lr,1
1820,records100/01000/01820_lr,1
1821,records100/01000/01821_lr,0
1822,records100/01000/01822_lr,0
1823,records100/01000/01823_lr,0
1824,records100/01000/01824_lr,0
1825,records100/01000/01825_lr,0
1826,records100/01000/01826_lr,0
1827,records100/01000/01827_lr,0
1829,records100/01000/01829_lr,1
1830,records100/01000/01830_lr,0
1831,records100/01000/01831_lr,0
1833,records100/01000/01833_lr,0
1834,records100/01000/01834_lr,0
1835,records100/01000/01835_lr,0
1836,records100/01000/01836_lr,0
1838,records100/01000/01838_lr,0
1839,records100/01000/01839_lr,1
1840,records100/01000/01840_lr,0
1841,records100/01000/01841_lr,0
1843,records100/01000/01843_lr,0
1844,records100/01000/01844_lr,1
1845,records100/01000/01845_lr,0
1848,records100/01000/01848_lr,1
1849,records100/01000/01849_lr,1
1850,records100/01000/01850_lr,0
1852,records100/01000/01852_lr,0
1853,records100/01000/01853_lr,1
1854,records100/01000/01854_lr,0
1856,records100/01000/01856_lr,0
1857,records100/01000/01857_lr,0
1858,records100/01000/01858_lr,1
1859,records100/01000/01859_lr,0
1860,records100/01000/01860_lr,0
1861,records100/01000/01861_lr,0
1862,records100/01000/01862_lr,0
1863,records100/01000/01863_lr,1
1865,records100/01000/01865_lr,0
1866,records100/01000/01866_lr,0
1867,records100/01000/01867_lr,0
1869,records100/01000/01869_lr,0
1870,records100/01000/01870_lr,0
1871,records100/01000/01871_lr,0
1872,records100/01000/01872_lr,1
1873,records100/01000/01873_lr,0
1875,records100/01000/01875_lr,0
1876,records100/01000/01876_lr,0
1877,records100/01000/01877_lr,1
1878,records100/01000/01878_lr,0
1879,records100/01000/01879_lr,0
1880,records100/01000/01880_lr,0
1882,records100/01000/01882_lr,0
1883,records100/01000/01883_lr,0
1884,records100/01000/01884_lr,0
1885,records100/01000/01885_lr,0
1887,records100/01000/01887_lr,1
1888,records100/01000/01888_lr,0
1890,records100/01000/01890_lr,0
1891,records100/01000/01891_lr,0
1893,records100/01000/01893_lr,0
1894,records100/01000/01894_lr,1
1896,records100/01000/01896_lr,0
1897,records100/01000/01897_lr,0
1898,records100/01000/01898_lr,0
1899,records100/01000/01899_lr,0
1900,records100/01000/01900_lr,0
1901,records100/01000/01901_lr,1
1902,records100/01000/01902_lr,1
1903,records100/01000/01903_lr,1
1904,records100/01000/01904_lr,0
1905,records100/01000/01905_lr,0
1906,records100/01000/01906_lr,1
1907,records100/01000/01907_lr,1
1909,records100/01000/01909_lr,0
1910,records100/01000/01910_lr,0
1912,records100/01000/01912_lr,0
1913,records100/01000/01913_lr,0
1914,records100/01000/01914_lr,1
1915,records100/01000/01915_lr,0
1916,records100/01000/01916_lr,0
1917,records100/01000/01917_lr,0
1918,records100/01000/01918_lr,1
1921,records100/01000/01921_lr,0
1922,records100/01000/01922_lr,0
1923,records100/01000/01923_lr,0
1924,records100/01000/01924_lr,1
1925,records100/01000/01925_lr,1
1928,records100/01000/01928_lr,0
1931,records100/01000/01931_lr,0
1933,records100/01000/01933_lr,0
1934,records100/01000/01934_lr,0
1935,records100/01000/01935_lr,1
1937,records100/01000/01937_lr,1
1938,records100/01000/01938_lr,0
1939,records100/01000/01939_lr,1
1941,records100/01000/01941_lr,1
1942,records100/01000/01942_lr,1
1943,records100/01000/01943_lr,0
1944,records100/01000/01944_lr,1
1945,records100/01000/01945_lr,0
1946,records100/01000/01946_lr,0
1947,records100/01000/01947_lr,1
1948,records100/01000/01948_lr,1
1949,records100/01000/01949_lr,1
1950,records100/01000/01950_lr,1
1951,records100/01000/01951_lr,1
1952,records100/01000/01952_lr,0
1953,records100/01000/01953_lr,0
1954,records100/01000/01954_lr,0
1955,records100/01000/01955_lr,1
1956,records100/01000/01956_lr,0
1957,records100/01000/01957_lr,0
1958,records100/01000/01958_lr,0
1959,records100/01000/01959_lr,0
1960,records100/01000/01960_lr,0
1961,records100/01000/01961_lr,1
1965,records100/01000/01965_lr,1
1969,records100/01000/01969_lr,1
1970,records100/01000/01970_lr,0
1971,records100/01000/01971_lr,0
1972,records100/01000/01972_lr,0
1974,records100/01000/01974_lr,0
1975,records100/01000/01975_lr,0
1976,records100/01000/01976_lr,0
1977,records100/01000/01977_lr,1
1978,records100/01000/01978_lr,0
1979,records100/01000/01979_lr,0
1982,records100/01000/01982_lr,1
1983,records100/01000/01983_lr,1
1985,records100/01000/01985_lr,1
1987,records100/01000/01987_lr,0
1988,records100/01000/01988_lr,0
1989,records100/01000/01989_lr,0
1992,records100/01000/01992_lr,1
1993,records100/01000/01993_lr,0
1997,records100/01000/01997_lr,0
1998,records100/01000/01998_lr,1
1999,records100/01000/01999_lr,0
2002,records100/02000/02002_lr,1
2003,records100/02000/02003_lr,0
2005,records100/02000/02005_lr,0
2006,records100/02000/02006_lr,0
2007,records100/02000/02007_lr,0
2009,records100/02000/02009_lr,0
2010,records100/02000/02010_lr,0
2012,records100/02000/02012_lr,1
2013,records100/02000/02013_lr,0
2015,records100/02000/02015_lr,0
2016,records100/02000/02016_lr,0
2018,records100/02000/02018_lr,0
2019,records100/02000/02019_lr,1
2021,records100/02000/02021_lr,0
2022,records100/02000/02022_lr,0
2023,records100/02000/02023_lr,0
2024,records100/02000/02024_lr,0
2025,records100/02000/02025_lr,0
2026,records100/02000/02026_lr,0
2027,records100/02000/02027_lr,0
2029,records100/02000/02029_lr,1
2032,records100/02000/02032_lr,0
2033,records100/02000/02033_lr,1
2035,records100/02000/02035_lr,0
2036,records100/02000/02036_lr,0
2037,records100/02000/02037_lr,0
2038,records100/02000/02038_lr,0
2040,records100/02000/02040_lr,0
2041,records100/02000/02041_lr,0
2042,records100/02000/02042_lr,1
2043,records100/02000/02043_lr,0
2044,records100/02000/02044_lr,0
2045,records100/02000/02045_lr,0
2046,records100/02000/02046_lr,0
2047,records100/02000/02047_lr,1
2048,records100/02000/02048_lr,0
2050,records100/02000/02050_lr,1
2052,records100/02000/02052_lr,0
2053,records100/02000/02053_lr,0
2054,records100/02000/02054_lr,1
2055,records100/02000/02055_lr,1
2056,records100/02000/02056_lr,0
2057,records100/02000/02057_lr,0
2058,records100/02000/02058_lr,0
2059,records100/02000/02059_lr,0
2061,records100/02000/02061_lr,0
2062,records100/02000/02062_lr,1
2063,records100/02000/02063_lr,0
2065,records100/02000/02065_lr,0
2067,records100/02000/02067_lr,0
2068,records100/02000/02068_lr,0
2069,records100/02000/02069_lr,0
2071,records100/02000/02071_lr,0
2072,records100/02000/02072_lr,0
2073,records100/02000/02073_lr,1
2075,records100/02000/02075_lr,0
2077,records100/02000/02077_lr,0
2078,records100/02000/02078_lr,0
2079,records100/02000/02079_lr,0
2081,records100/02000/02081_lr,0
2082,records100/02000/02082_lr,1
2083,records100/02000/02083_lr,0
2084,records100/02000/02084_lr,0
2085,records100/02000/02085_lr,0
2086,records100/02000/02086_lr,0
2087,records100/02000/02087_lr,0
2089,records100/02000/02089_lr,0
2091,records100/02000/02091_lr,0
2095,records100/02000/02095_lr,0
2096,records100/02000/02096_lr,1
2097,records100/02000/02097_lr,0
2098,records100/02000/02098_lr,0
2099,records100/02000/02099_lr,1
2100,records100/02000/02100_lr,0
2102,records100/02000/02102_lr,0
2104,records100/02000/02104_lr,1
2105,records100/02000/02105_lr,0
2107,records100/02000/02107_lr,0
2109,records100/02000/02109_lr,1
2111,records100/02000/02111_lr,1
2112,records100/02000/02112_lr,1
2115,records100/02000/02115_lr,0
2116,records100/02000/02116_lr,0
2117,records100/02000/02117_lr,0
2118,records100/02000/02118_lr,1
2120,records100/02000/02120_lr,1
2122,records100/02000/02122_lr,0
2124,records100/02000/02124_lr,1
2126,records100/02000/02126_lr,0
2127,records100/02000/02127_lr,0
2128,records100/02000/02128_lr,0
2129,records100/02000/02129_lr,0
2130,records100/02000/02130_lr,0
2132,records100/02000/02132_lr,0
2133,records100/02000/02133_lr,0
2134,records100/02000/02134_lr,1
2137,records100/02000/02137_lr,0
2138,records100/02000/02138_lr,0
2139,records100/02000/02139_lr,0
2140,records100/02000/02140_lr,0
2141,records100/02000/02141_lr,0
2143,records100/02000/02143_lr,0
2144,records100/02000/02144_lr,0
2149,records100/02000/02149_lr,0
2152,records100/02000/02152_lr,0
2154,records100/02000/02154_lr,0
2158,records100/02000/02158_lr,0
2159,records100/02000/02159_lr,0
2161,records100/02000/02161_lr,0
2162,records100/02000/02162_lr,0
2163,records100/02000/02163_lr,0
2166,records100/02000/02166_lr,0
2167,records100/02000/02167_lr,0
2168,records100/02000/02168_lr,0
2171,records100/02000/02171_lr,0
2172,records100/02000/02172_lr,0
2173,records100/02000/02173_lr,0
2174,records100/02000/02174_lr,1
2178,records100/02000/02178_lr,0
2181,records100/02000/02181_lr,0
2182,records100/02000/02182_lr,0
2183,records100/02000/02183_lr,0
2184,records100/02000/02184_lr,1
2185,records100/02000/02185_lr,0
2186,records100/02000/02186_lr,0
2187,records100/02000/02187_lr,0
2188,records100/02000/02188_lr,1
2189,records100/02000/02189_lr,0
2190,records100/02000/02190_lr,0
2191,records100/02000/02191_lr,0
2192,records100/02000/02192_lr,0
2193,records100/02000/02193_lr,0
2194,records100/02000/02194_lr,0
2195,records100/02000/02195_lr,0
2196,records100/02000/02196_lr,0
2198,records100/02000/02198_lr,0
2199,records100/02000/02199_lr,0
2200,records100/02000/02200_lr,1
2202,records100/02000/02202_lr,1
2203,records100/02000/02203_lr,0
2204,records100/02000/02204_lr,0
2206,records100/02000/02206_lr,1
2207,records100/02000/02207_lr,1
2209,records100/02000/02209_lr,0
2211,records100/02000/02211_lr,0
2212,records100/02000/02212_lr,0
2214,records100/02000/02214_lr,0
2215,records100/02000/02215_lr,0
2216,records100/02000/02216_lr,0
2217,records100/02000/02217_lr,0
2220,records100/02000/02220_lr,1
2221,records100/02000/02221_lr,1
2222,records100/02000/02222_lr,1
2223,records100/02000/02223_lr,1
2224,records100/02000/02224_lr,0
2226,records100/02000/02226_lr,0
2227,records100/02000/02227_lr,1
2230,records100/02000/02230_lr,0
2231,records100/02000/02231_lr,0
2232,records100/02000/02232_lr,0
2235,records100/02000/02235_lr,1
2236,records100/02000/02236_lr,1
2237,records100/02000/02237_lr,0
2238,records100/02000/02238_lr,0
2241,records100/02000/02241_lr,0
2242,records100/02000/02242_lr,0
2243,records100/02000/02243_lr,1
2244,records100/02000/02244_lr,1
2248,records100/02000/02248_lr,0
2249,records100/02000/02249_lr,0
2250,records100/02000/02250_lr,0
2251,records100/02000/02251_lr,0
2253,records100/02000/02253_lr,1
2254,records100/02000/02254_lr,0
2255,records100/02000/02255_lr,0
2259,records100/02000/02259_lr,0
2260,records100/02000/02260_lr,1
2261,records100/02000/02261_lr,0
2262,records100/02000/02262_lr,1
2263,records100/02000/02263_lr,0
2264,records100/02000/02264_lr,0
2265,records100/02000/02265_lr,0
2266,records100/02000/02266_lr,0
2267,records100/02000/02267_lr,0
2268,records100/02000/02268_lr,0
2269,records100/02000/02269_lr,1
2270,records100/02000/02270_lr,0
2272,records100/02000/02272_lr,0
2273,records100/02000/02273_lr,1
2274,records100/02000/02274_lr,0
2277,records100/02000/02277_lr,0
2278,records100/02000/02278_lr,0
2280,records100/02000/02280_lr,0
2282,records100/02000/02282_lr,0
2283,records100/02000/02283_lr,0
2284,records100/02000/02284_lr,0
2286,records100/02000/02286_lr,0
2287,records100/02000/02287_lr,0
2288,records100/02000/02288_lr,1
2291,records100/02000/02291_lr,1
2292,records100/02000/02292_lr,0
2294,records100/02000/02294_lr,0
2295,records100/02000/02295_lr,0
2296,records100/02000/02296_lr,0
2298,records100/02000/02298_lr,0
2299,records100/02000/02299_lr,0
2300,records100/02000/02300_lr,1
2301,records100/02000/02301_lr,0
2302,records100/02000/02302_lr,0
2303,records100/02000/02303_lr,0
2305,records100/02000/02305_lr,0
2306,records100/02000/02306_lr,0
2307,records100/02000/02307_lr,0
2308,records100/02000/02308_lr,0
2309,records100/02000/02309_lr,0
2310,records100/02000/02310_lr,0
2311,records100/02000/02311_lr,1
2312,records100/02000/02312_lr,0
2313,records100/02000/02313_lr,0
2314,records100/02000/02314_lr,0
2315,records100/02000/02315_lr,0
2316,records100/02000/02316_lr,0
2318,records100/02000/02318_lr,0
2319,records100/02000/02319_lr,0
2320,records100/02000/02320_lr,0
2321,records100/02000/02321_lr,0
2322,records100/02000/02322_lr,1
2324,records100/02000/02324_lr,1
2325,records100/02000/02325_lr,0
2326,records100/02000/02326_lr,0
2327,records100/02000/02327_lr,0
2328,records100/02000/02328_lr,0
2329,records100/02000/02329_lr,0
2331,records100/02000/02331_lr,0
2332,records100/02000/02332_lr,0
2334,records100/02000/02334_lr,1
2337,records100/02000/02337_lr,0
2338,records100/02000/02338_lr,0
2339,records100/02000/02339_lr,0
2340,records100/02000/02340_lr,1
2341,records100/02000/02341_lr,0
2342,records100/02000/02342_lr,0
2343,records100/02000/02343_lr,0
2344,records100/02000/02344_lr,0
2345,records100/02000/02345_lr,1
2346,records100/02000/02346_lr,0
2347,records100/02000/02347_lr,0
2348,records100/02000/02348_lr,0
2350,records100/02000/02350_lr,0
2351,records100/02000/02351_lr,0
2352,records100/02000/02352_lr,0
2354,records100/02000/02354_lr,0
2355,records100/02000/02355_lr,0
2356,records100/02000/02356_lr,0
2357,records100/02000/02357_lr,0
2358,records100/02000/02358_lr,0
2359,records100/02000/02359_lr,1
2360,records100/02000/02360_lr,0
2361,records100/02000/02361_lr,0
2362,records100/02000/02362_lr,1
2363,records100/02000/02363_lr,1
2364,records100/02000/02364_lr,0
2367,records100/02000/02367_lr,0
2368,records100/02000/02368_lr,0
2369,records100/02000/02369_lr,0
2372,records100/02000/02372_lr,0
2373,records100/02000/02373_lr,0
2374,records100/02000/02374_lr,0
2376,records100/02000/02376_lr,0
2377,records100/02000/02377_lr,0
2379,records100/02000/02379_lr,0
2380,records100/02000/02380_lr,0
2382,records100/02000/02382_lr,0
2383,records100/02000/02383_lr,0
2384,records100/02000/02384_lr,0
2385,records100/02000/02385_lr,0
2386,records100/02000/02386_lr,0
2387,records100/02000/02387_lr,0
2388,records100/02000/02388_lr,0
2389,records100/02000/02389_lr,0
2391,records100/02000/02391_lr,0
2392,records100/02000/02392_lr,1
2393,records100/02000/02393_lr,0
2394,records100/02000/02394_lr,0
2395,records100/02000/02395_lr,0
2396,records100/02000/02396_lr,0
2397,records100/02000/02397_lr,1
2398,records100/02000/02398_lr,0
2399,records100/02000/02399_lr,0
2400,records100/02000/02400_lr,0
2404,records100/02000/02404_lr,0
2405,records100/02000/02405_lr,0
2407,records100/02000/02407_lr,0
2408,records100/02000/02408_lr,0
2412,records100/02000/02412_lr,1
2413,records100/02000/02413_lr,0
2414,records100/02000/02414_lr,0
2416,records100/02000/02416_lr,0
2418,records100/02000/02418_lr,0
2420,records100/02000/02420_lr,0
2421,records100/02000/02421_lr,0
2422,records100/02000/02422_lr,1
2423,records100/02000/02423_lr,0
2424,records100/02000/02424_lr,0
2425,records100/02000/02425_lr,1
2426,records100/02000/02426_lr,1
2427,records100/02000/02427_lr,0
2428,records100/02000/02428_lr,1
2429,records100/02000/02429_lr,0
2431,records100/02000/02431_lr,0
2432,records100/02000/02432_lr,0
2435,records100/02000/02435_lr,0
2436,records100/02000/02436_lr,0
2437,records100/02000/02437_lr,0
2438,records100/02000/02438_lr,0
2439,records100/02000/02439_lr,0
2440,records100/02000/02440_lr,0
2441,records100/02000/02441_lr,0
2442,records100/02000/02442_lr,0
2444,records100/02000/02444_lr,0
2445,records100/02000/02445_lr,0
2446,records100/02000/02446_lr,1
2447,records100/02000/02447_lr,0
2448,records100/02000/02448_lr,1
2449,records100/02000/02449_lr,0
2450,records100/02000/02450_lr,1
2452,records100/02000/02452_lr,0
2453,records100/02000/02453_lr,1
2455,records100/02000/02455_lr,0
2456,records100/02000/02456_lr,0
2457,records100/02000/02457_lr,1
2458,records100/02000/02458_lr,1
2459,records100/02000/02459_lr,1
2460,records100/02000/02460_lr,0
2461,records100/02000/02461_lr,0
2462,records100/02000/02462_lr,0
2463,records100/02000/02463_lr,0
2464,records100/02000/02464_lr,0
2465,records100/02000/02465_lr,0
2467,records100/02000/02467_lr,0
2468,records100/02000/02468_lr,1
2469,records100/02000/02469_lr,1
2470,records100/02000/02470_lr,1
2471,records100/02000/02471_lr,1
2472,records100/02000/02472_lr,0
2474,records100/02000/02474_lr,0
2475,records100/02000/02475_lr,0
2476,records100/02000/02476_lr,0
2477,records100/02000/02477_lr,0
2478,records100/02000/02478_lr,0
2479,records100/02000/02479_lr,0
2480,records100/02000/02480_lr,0
2481,records100/02000/02481_lr,0
2482,records100/02000/02482_lr,0
2483,records100/02000/02483_lr,0
2484,records100/02000/02484_lr,1
2485,records100/02000/02485_lr,1
2487,records100/02000/02487_lr,1
2488,records100/02000/02488_lr,0
2489,records100/02000/02489_lr,0
2492,records100/02000/02492_lr,1
2495,records100/02000/02495_lr,1
2496,records100/02000/02496_lr,0
2498,records100/02000/02498_lr,0
2499,records100/02000/02499_lr,0
2500,records100/02000/02500_lr,0
2501,records100/02000/02501_lr,0
2502,records100/02000/02502_lr,0
2503,records100/02000/02503_lr,1
2504,records100/02000/02504_lr,1
2507,records100/02000/02507_lr,0
2508,records100/02000/02508_lr,0
2510,records100/02000/02510_lr,1
2513,records100/02000/02513_lr,1
2514,records100/02000/02514_lr,0
2516,records100/02000/02516_lr,1
2517,records100/02000/02517_lr,1
2518,records100/02000/02518_lr,0
2519,records100/02000/02519_lr,0
2521,records100/02000/02521_lr,1
2522,records100/02000/02522_lr,0
2523,records100/02000/02523_lr,0
2524,records100/02000/02524_lr,0
2525,records100/02000/02525_lr,1
2528,records100/02000/02528_lr,0
2529,records100/02000/02529_lr,0
2533,records100/02000/02533_lr,0
2535,records100/02000/02535_lr,1
2536,records100/02000/02536_lr,1
2537,records100/02000/02537_lr,0
2539,records100/02000/02539_lr,1
2540,records100/02000/02540_lr,0
2542,records100/02000/02542_lr,0
2545,records100/02000/02545_lr,0
2546,records100/02000/02546_lr,0
2547,records100/02000/02547_lr,0
2548,records100/02000/02548_lr,0
2549,records100/02000/02549_lr,1
2550,records100/02000/02550_lr,0
2551,records100/02000/02551_lr,0
2553,records100/02000/02553_lr,0
2554,records100/02000/02554_lr,0
2555,records100/02000/02555_lr,1
2557,records100/02000/02557_lr,0
2558,records100/02000/02558_lr,0
2559,records100/02000/02559_lr,0
2560,records100/02000/02560_lr,0
2561,records100/02000/02561_lr,1
2562,records100/02000/02562_lr,1
2566,records100/02000/02566_lr,0
2568,records100/02000/02568_lr,1
2569,records100/02000/02569_lr,1
2570,records100/02000/02570_lr,0
2572,records100/02000/02572_lr,1
2573,records100/02000/02573_lr,0
2574,records100/02000/02574_lr,0
2575,records100/02000/02575_lr,0
2576,records100/02000/02576_lr,1
2577,records100/02000/02577_lr,0
2578,records100/02000/02578_lr,0
2579,records100/02000/02579_lr,0
2580,records100/02000/02580_lr,0
2582,records100/02000/02582_lr,1
2583,records100/02000/02583_lr,1
2584,records100/02000/02584_lr,0
2585,records100/02000/02585_lr,1
2586,records100/02000/02586_lr,1
2589,records100/02000/02589_lr,0
2590,records100/02000/02590_lr,1
2591,records100/02000/02591_lr,1
2593,records100/02000/02593_lr,0
2594,records100/02000/02594_lr,0
2595,records100/02000/02595_lr,0
2596,records100/02000/02596_lr,0
2597,records100/02000/02597_lr,0
2598,records100/02000/02598_lr,1
2599,records100/02000/02599_lr,1
2600,records100/02000/02600_lr,1
2601,records100/02000/02601_lr,0
2603,records100/02000/02603_lr,0
2604,records100/02000/02604_lr,0
2605,records100/02000/02605_lr,1
2606,records100/02000/02606_lr,1
2607,records100/02000/02607_lr,0
2608,records100/02000/02608_lr,0
2609,records100/02000/02609_lr,0
2610,records100/02000/02610_lr,1
2611,records100/02000/02611_lr,0
2613,records100/02000/02613_lr,0
2616,records100/02000/02616_lr,0
2617,records100/02000/02617_lr,0
2618,records100/02000/02618_lr,0
2619,records100/02000/02619_lr,0
2621,records100/02000/02621_lr,1
2622,records100/02000/02622_lr,0
2623,records100/02000/02623_lr,1
2624,records100/02000/02624_lr,1
2625,records100/02000/02625_lr,0
2627,records100/02000/02627_lr,1
2628,records100/02000/02628_lr,0
2629,records100/02000/02629_lr,0
2630,records100/02000/02630_lr,0
2631,records100/02000/02631_lr,0
2632,records100/02000/02632_lr,0
2633,records100/02000/02633_lr,1
2634,records100/02000/02634_lr,0
2635,records100/02000/02635_lr,0
2636,records100/02000/02636_lr,0
2637,records100/02000/02637_lr,0
2638,records100/02000/02638_lr,0
2639,records100/02000/02639_lr,0
2640,records100/02000/02640_lr,0
2641,records100/02000/02641_lr,0
2643,records100/02000/02643_lr,0
2644,records100/02000/02644_lr,0
2645,records100/02000/02645_lr,0
2646,records100/02000/02646_lr,0
2647,records100/02000/02647_lr,0
2649,records100/02000/02649_lr,0
2650,records100/02000/02650_lr,1
2651,records100/02000/02651_lr,0
2652,records100/02000/02652_lr,0
2654,records100/02000/02654_lr,1
2655,records100/02000/02655_lr,1
2656,records100/02000/02656_lr,1
2657,records100/02000/02657_lr,1
2659,records100/02000/02659_lr,0
2660,records100/02000/02660_lr,0
2661,records100/02000/02661_lr,0
2662,records100/02000/02662_lr,0
2663,records100/02000/02663_lr,0
2665,records100/02000/02665_lr,0
2669,records100/02000/02669_lr,1
2670,records100/02000/02670_lr,0
2673,records100/02000/02673_lr,0
2674,records100/02000/02674_lr,0
2675,records100/02000/02675_lr,1
2676,records100/02000/02676_lr,1
2678,records100/02000/02678_lr,0
2679,records100/02000/02679_lr,0
2680,records100/02000/02680_lr,0
2681,records100/02000/02681_lr,1
2682,records100/02000/02682_lr,0
2684,records100/02000/02684_lr,1
2685,records100/02000/02685_lr,0
2686,records100/02000/02686_lr,0
2687,records100/02000/02687_lr,0
2688,records100/02000/02688_lr,0
2689,records100/02000/02689_lr,0
2692,records100/02000/02692_lr,1
2694,records100/02000/02694_lr,0
2695,records100/02000/02695_lr,0
2696,records100/02000/02696_lr,1
2697,records100/02000/02697_lr,0
2698,records100/02000/02698_lr,0
2699,records100/02000/02699_lr,0
2700,records100/02000/02700_lr,0
2701,records100/02000/02701_lr,0
2702,records100/02000/02702_lr,0
2703,records100/02000/02703_lr,0
2707,records100/02000/02707_lr,1
2708,records100/02000/02708_lr,0
2709,records100/02000/02709_lr,1
2710,records100/02000/02710_lr,0
2711,records100/02000/02711_lr,0
2712,records100/02000/02712_lr,0
2713,records100/02000/02713_lr,0
2714,records100/02000/02714_lr,1
2715,records100/02000/02715_lr,0
2719,records100/02000/02719_lr,1
2721,records100/02000/02721_lr,0
2723,records100/02000/02723_lr,0
2725,records100/02000/02725_lr,1
2726,records100/02000/02726_lr,0
2727,records100/02000/02727_lr,1
2728,records100/02000/02728_lr,0
2729,records100/02000/02729_lr,0
2730,records100/02000/02730_lr,1
2732,records100/02000/02732_lr,0
2733,records100/02000/02733_lr,0
2735,records100/02000/02735_lr,1
2736,records100/02000/02736_lr,1
2737,records100/02000/02737_lr,0
2738,records100/02000/02738_lr,0
2740,records100/02000/02740_lr,1
2742,records100/02000/02742_lr,1
2749,records100/02000/02749_lr,1
2750,records100/02000/02750_lr,1
2752,records100/02000/02752_lr,0
2753,records100/02000/02753_lr,0
2754,records100/02000/02754_lr,1
2755,records100/02000/02755_lr,0
2756,records100/02000/02756_lr,0
2757,records100/02000/02757_lr,0
2759,records100/02000/02759_lr,0
2761,records100/02000/02761_lr,1
2764,records100/02000/02764_lr,0
2765,records100/02000/02765_lr,0
2766,records100/02000/02766_lr,0
2767,records100/02000/02767_lr,0
2768,records100/02000/02768_lr,0
2769,records100/02000/02769_lr,1
2770,records100/02000/02770_lr,0
2771,records100/02000/02771_lr,0
2772,records100/02000/02772_lr,1
2773,records100/02000/02773_lr,0
2774,records100/02000/02774_lr,0
2775,records100/02000/02775_lr,0
2776,records100/02000/02776_lr,1
2777,records100/02000/02777_lr,0
2779,records100/02000/02779_lr,0
2780,records100/02000/02780_lr,0
2781,records100/02000/02781_lr,0
2783,records100/02000/02783_lr,0
2784,records100/02000/02784_lr,0
2785,records100/02000/02785_lr,0
2786,records100/02000/02786_lr,0
2788,records100/02000/02788_lr,1
2789,records100/02000/02789_lr,0
2790,records100/02000/02790_lr,0
2791,records100/02000/02791_lr,0
2792,records100/02000/02792_lr,1
2794,records100/02000/02794_lr,0
2796,records100/02000/02796_lr,0
2799,records100/02000/02799_lr,0
2800,records100/02000/02800_lr,1
2801,records100/02000/02801_lr,0
2802,records100/02000/02802_lr,1
2803,records100/02000/02803_lr,0
2804,records100/02000/02804_lr,1
2805,records100/02000/02805_lr,1
2806,records100/02000/02806_lr,0
2809,records100/02000/02809_lr,1
2810,records100/02000/02810_lr,1
2811,records100/02000/02811_lr,0
2812,records100/02000/02812_lr,0
2813,records100/02000/02813_lr,0
2815,records100/02000/02815_lr,1
2816,records100/02000/02816_lr,0
2819,records100/02000/02819_lr,0
2820,records100/02000/02820_lr,0
2821,records100/02000/02821_lr,0
2822,records100/02000/02822_lr,0
2824,records100/02000/02824_lr,1
2826,records100/02000/02826_lr,0
2827,records100/02000/02827_lr,0
2829,records100/02000/02829_lr,0
2830,records100/02000/02830_lr,0
2831,records100/02000/02831_lr,0
2832,records100/02000/02832_lr,0
2833,records100/02000/02833_lr,1
2834,records100/02000/02834_lr,0
2835,records100/02000/02835_lr,0
2837,records100/02000/02837_lr,0
2838,records100/02000/02838_lr,0
2839,records100/02000/02839_lr,0
2840,records100/02000/02840_lr,1
2841,records100/02000/02841_lr,0
2842,records100/02000/02842_lr,0
2843,records100/02000/02843_lr,1
2844,records100/02000/02844_lr,1
2845,records100/02000/02845_lr,0
2846,records100/02000/02846_lr,1
2847,records100/02000/02847_lr,0
2848,records100/02000/02848_lr,0
2849,records100/02000/02849_lr,0
2851,records100/02000/02851_lr,0
2852,records100/02000/02852_lr,0
2853,records100/02000/02853_lr,0
2854,records100/02000/02854_lr,0
2855,records100/02000/02855_lr,0
2857,records100/02000/02857_lr,0
2859,records100/02000/02859_lr,1
2860,records100/02000/02860_lr,0
2861,records100/02000/02861_lr,0
2864,records100/02000/02864_lr,0
2866,records100/02000/02866_lr,0
2870,records100/02000/02870_lr,0
2871,records100/02000/02871_lr,0
2873,records100/02000/02873_lr,0
2874,records100/02000/02874_lr,1
2875,records100/02000/02875_lr,0
2877,records100/02000/02877_lr,0
2878,records100/02000/02878_lr,1
2879,records100/02000/02879_lr,1
2880,records100/02000/02880_lr,0
2881,records100/02000/02881_lr,0
2882,records100/02000/02882_lr,1
2883,records100/02000/02883_lr,0
2884,records100/02000/02884_lr,0
2888,records100/02000/02888_lr,0
2889,records100/02000/02889_lr,1
2890,records100/02000/02890_lr,0
2892,records100/02000/02892_lr,0
2893,records100/02000/02893_lr,1
2894,records100/02000/02894_lr,1
2896,records100/02000/02896_lr,1
2897,records100/02000/02897_lr,0
2898,records100/02000/02898_lr,0
2899,records100/02000/02899_lr,1
2900,records100/02000/02900_lr,1
2902,records100/02000/02902_lr,1
2903,records100/02000/02903_lr,0
2904,records100/02000/02904_lr,0
2905,records100/02000/02905_lr,0
2907,records100/02000/02907_lr,0
2909,records100/02000/02909_lr,0
2910,records100/02000/02910_lr,0
2912,records100/02000/02912_lr,0
2913,records100/02000/02913_lr,0
2914,records100/02000/02914_lr,0
2915,records100/02000/02915_lr,0
2916,records100/02000/02916_lr,0
2917,records100/02000/02917_lr,0
2920,records100/02000/02920_lr,0
2921,records100/02000/02921_lr,0
2923,records100/02000/02923_lr,0
2924,records100/02000/02924_lr,1
2926,records100/02000/02926_lr,0
2927,records100/02000/02927_lr,1
2928,records100/02000/02928_lr,0
2929,records100/02000/02929_lr,0
2930,records100/02000/02930_lr,0
2931,records100/02000/02931_lr,0
2932,records100/02000/02932_lr,0
2933,records100/02000/02933_lr,0
2934,records100/02000/02934_lr,0
2935,records100/02000/02935_lr,0
2936,records100/02000/02936_lr,0
2939,records100/02000/02939_lr,0
2941,records100/02000/02941_lr,0
2942,records100/02000/02942_lr,0
2943,records100/02000/02943_lr,0
2944,records100/02000/02944_lr,0
2945,records100/02000/02945_lr,0
2946,records100/02000/02946_lr,0
2948,records100/02000/02948_lr,1
2950,records100/02000/02950_lr,0
2951,records100/02000/02951_lr,0
2953,records100/02000/02953_lr,0
2954,records100/02000/02954_lr,0
2955,records100/02000/02955_lr,0
2958,records100/02000/02958_lr,0
2959,records100/02000/02959_lr,1
2960,records100/02000/02960_lr,1
2961,records100/02000/02961_lr,0
2962,records100/02000/02962_lr,1
2963,records100/02000/02963_lr,0
2964,records100/02000/02964_lr,1
2965,records100/02000/02965_lr,0
2966,records100/02000/02966_lr,0
2967,records100/02000/02967_lr,1
2968,records100/02000/02968_lr,0
2969,records100/02000/02969_lr,0
2971,records100/02000/02971_lr,1
2972,records100/02000/02972_lr,0
2973,records100/02000/02973_lr,0
2975,records100/02000/02975_lr,0
2976,records100/02000/02976_lr,0
2977,records100/02000/02977_lr,0
2978,records100/02000/02978_lr,0
2979,records100/02000/02979_lr,0
2980,records100/02000/02980_lr,0
2981,records100/02000/02981_lr,0
2982,records100/02000/02982_lr,0
2983,records100/02000/02983_lr,1
2984,records100/02000/02984_lr,0
2985,records100/02000/02985_lr,1
2986,records100/02000/02986_lr,0
2987,records100/02000/02987_lr,0
2990,records100/02000/02990_lr,1
2991,records100/02000/02991_lr,0
2992,records100/02000/02992_lr,1
2993,records100/02000/02993_lr,1
2994,records100/02000/02994_lr,1
2995,records100/02000/02995_lr,0
2996,records100/02000/02996_lr,0
2998,records100/02000/02998_lr,0
2999,records100/02000/02999_lr,1
3001,records100/03000/03001_lr,1
3002,records100/03000/03002_lr,0
3003,records100/03000/03003_lr,0
3004,records100/03000/03004_lr,0
3005,records100/03000/03005_lr,0
3007,records100/03000/03007_lr,0
3008,records100/03000/03008_lr,0
3009,records100/03000/03009_lr,1
3011,records100/03000/03011_lr,0
3012,records100/03000/03012_lr,0
3013,records100/03000/03013_lr,0
3014,records100/03000/03014_lr,0
3015,records100/03000/03015_lr,0
3017,records100/03000/03017_lr,0
3019,records100/03000/03019_lr,1
3020,records100/03000/03020_lr,0
3021,records100/03000/03021_lr,1
3022,records100/03000/03022_lr,0
3023,records100/03000/03023_lr,0
3024,records100/03000/03024_lr,0
3026,records100/03000/03026_lr,0
3027,records100/03000/03027_lr,0
3030,records100/03000/03030_lr,0
3032,records100/03000/03032_lr,0
3034,records100/03000/03034_lr,0
3035,records100/03000/03035_lr,0
3036,records100/03000/03036_lr,0
3039,records100/03000/03039_lr,1
3042,records100/03000/03042_lr,0
3043,records100/03000/03043_lr,0
3045,records100/03000/03045_lr,1
3046,records100/03000/03046_lr,0
3047,records100/03000/03047_lr,1
3048,records100/03000/03048_lr,0
3049,records100/03000/03049_lr,0
3052,records100/03000/03052_lr,1
3053,records100/03000/03053_lr,0
3054,records100/03000/03054_lr,0
3056,records100/03000/03056_lr,0
3057,records100/03000/03057_lr,1
3058,records100/03000/03058_lr,1
3059,records100/03000/03059_lr,1
3060,records100/03000/03060_lr,0
3062,records100/03000/03062_lr,0
3063,records100/03000/03063_lr,1
3064,records100/03000/03064_lr,0
3065,records100/03000/03065_lr,0
3067,records100/03000/03067_lr,0
3068,records100/03000/03068_lr,0
3069,records100/03000/03069_lr,1
3071,records100/03000/03071_lr,0
3072,records100/03000/03072_lr,0
3073,records100/03000/03073_lr,0
3076,records100/03000/03076_lr,1
3079,records100/03000/03079_lr,0
3080,records100/03000/03080_lr,0
3081,records100/03000/03081_lr,0
3082,records100/03000/03082_lr,0
3083,records100/03000/03083_lr,0
3085,records100/03000/03085_lr,1
3086,records100/03000/03086_lr,0
3088,records100/03000/03088_lr,0
3089,records100/03000/03089_lr,0
3090,records100/03000/03090_lr,0
3091,records100/03000/03091_lr,0
3093,records100/03000/03093_lr,0
3094,records100/03000/03094_lr,0
3095,records100/03000/03095_lr,0
3098,records100/03000/03098_lr,0
3099,records100/03000/03099_lr,1
3101,records100/03000/03101_lr,1
3102,records100/03000/03102_lr,0
3103,records100/03000/03103_lr,0
3104,records100/03000/03104_lr,0
3105,records100/03000/03105_lr,0
3108,records100/03000/03108_lr,0
3109,records100/03000/03109_lr,1
3110,records100/03000/03110_lr,0
3111,records100/03000/03111_lr,0
3112,records100/03000/03112_lr,0
3113,records100/03000/03113_lr,1
3114,records100/03000/03114_lr,0
3115,records100/03000/03115_lr,0
3117,records100/03000/03117_lr,1
3118,records100/03000/03118_lr,0
3119,records100/03000/03119_lr,0
3121,records100/03000/03121_lr,0
3122,records100/03000/03122_lr,1
3124,records100/03000/03124_lr,0
3126,records100/03000/03126_lr,1
3127,records100/03000/03127_lr,1
3128,records100/03000/03128_lr,0
3130,records100/03000/03130_lr,0
3132,records100/03000/03132_lr,0
3135,records100/03000/03135_lr,1
3136,records100/03000/03136_lr,0
3137,records100/03000/03137_lr,0
3138,records100/03000/03138_lr,0
3140,records100/03000/03140_lr,0
3141,records100/03000/03141_lr,0
3143,records100/03000/03143_lr,0
3144,records100/03000/03144_lr,1
3146,records100/03000/03146_lr,0
3148,records100/03000/03148_lr,0
3149,records100/03000/03149_lr,0
3150,records100/03000/03150_lr,1
3151,records100/03000/03151_lr,0
3152,records100/03000/03152_lr,0
3153,records100/03000/03153_lr,0
3156,records100/03000/03156_lr,0
3157,records100/03000/03157_lr,0
3158,records100/03000/03158_lr,0
3159,records100/03000/03159_lr,0
3161,records100/03000/03161_lr,1
3162,records100/03000/03162_lr,0
3163,records100/03000/03163_lr,0
3164,records100/03000/03164_lr,0
3165,records100/03000/03165_lr,0
3166,records100/03000/03166_lr,1
3167,records100/03000/03167_lr,0
3168,records100/03000/03168_lr,0
3169,records100/03000/03169_lr,0
3170,records100/03000/03170_lr,0
3173,records100/03000/03173_lr,1
3174,records100/03000/03174_lr,0
3177,records100/03000/03177_lr,1
3179,records100/03000/03179_lr,0
3182,records100/03000/03182_lr,0
3183,records100/03000/03183_lr,0
3184,records100/03000/03184_lr,0
3186,records100/03000/03186_lr,0
3187,records100/03000/03187_lr,0
3189,records100/03000/03189_lr,0
3190,records100/03000/03190_lr,0
3192,records100/03000/03192_lr,0
3194,records100/03000/03194_lr,0
3195,records100/03000/03195_lr,1
3197,records100/03000/03197_lr,0
3198,records100/03000/03198_lr,0
3200,records100/03000/03200_lr,0
3203,records100/03000/03203_lr,0
3206,records100/03000/03206_lr,1
3207,records100/03000/03207_lr,0
3208,records100/03000/03208_lr,1
3209,records100/03000/03209_lr,1
3212,records100/03000/03212_lr,0
3213,records100/03000/03213_lr,1
3214,records100/03000/03214_lr,0
3219,records100/03000/03219_lr,1
3221,records100/03000/03221_lr,0
3222,records100/03000/03222_lr,1
3223,records100/03000/03223_lr,1
3226,records100/03000/03226_lr,0
3227,records100/03000/03227_lr,0
3228,records100/03000/03228_lr,0
3229,records100/03000/03229_lr,0
3230,records100/03000/03230_lr,1
3231,records100/03000/03231_lr,1
3232,records100/03000/03232_lr,0
3233,records100/03000/03233_lr,0
3234,records100/03000/03234_lr,1
3235,records100/03000/03235_lr,0
3236,records100/03000/03236_lr,0
3237,records100/03000/03237_lr,0
3238,records100/03000/03238_lr,1
3239,records100/03000/03239_lr,0
3240,records100/03000/03240_lr,1
3241,records100/03000/03241_lr,1
3243,records100/03000/03243_lr,1
3245,records100/03000/03245_lr,0
3246,records100/03000/03246_lr,1
3247,records100/03000/03247_lr,1
3248,records100/03000/03248_lr,0
3249,records100/03000/03249_lr,1
3253,records100/03000/03253_lr,0
3254,records100/03000/03254_lr,0
3255,records100/03000/03255_lr,0
3256,records100/03000/03256_lr,0
3257,records100/03000/03257_lr,0
3259,records100/03000/03259_lr,0
3260,records100/03000/03260_lr,1
3261,records100/03000/03261_lr,0
3263,records100/03000/03263_lr,0
3264,records100/03000/03264_lr,0
3265,records100/03000/03265_lr,1
3266,records100/03000/03266_lr,1
3271,records100/03000/03271_lr,0
3272,records100/03000/03272_lr,1
3273,records100/03000/03273_lr,0
3274,records100/03000/03274_lr,0
3275,records100/03000/03275_lr,1
3277,records100/03000/03277_lr,0
3278,records100/03000/03278_lr,1
3279,records100/03000/03279_lr,0
3280,records100/03000/03280_lr,0
3283,records100/03000/03283_lr,0
3284,records100/03000/03284_lr,0
3286,records100/03000/03286_lr,0
3287,records100/03000/03287_lr,0
3288,records100/03000/03288_lr,0
3290,records100/03000/03290_lr,1
3292,records100/03000/03292_lr,0
3296,records100/03000/03296_lr,0
3297,records100/03000/03297_lr,0
3298,records100/03000/03298_lr,0
3299,records100/03000/03299_lr,0
3300,records100/03000/03300_lr,0
3301,records100/03000/03301_lr,0
3302,records100/03000/03302_lr,1
3303,records100/03000/03303_lr,0
3305,records100/03000/03305_lr,0
3307,records100/03000/03307_lr,1
3308,records100/03000/03308_lr,0
3309,records100/03000/03309_lr,1
3312,records100/03000/03312_lr,0
3313,records100/03000/03313_lr,0
3314,records100/03000/03314_lr,1
3315,records100/03000/03315_lr,1
3320,records100/03000/03320_lr,0
3322,records100/03000/03322_lr,1
3323,records100/03000/03323_lr,0
3327,records100/03000/03327_lr,0
3328,records100/03000/03328_lr,0
3329,records100/03000/03329_lr,1
3330,records100/03000/03330_lr,0
3331,records100/03000/03331_lr,0
3332,records100/03000/03332_lr,0
3333,records100/03000/03333_lr,0
3334,records100/03000/03334_lr,0
3335,records100/03000/03335_lr,0
3336,records100/03000/03336_lr,1
3339,records100/03000/03339_lr,1
3343,records100/03000/03343_lr,0
3345,records100/03000/03345_lr,0
3347,records100/03000/03347_lr,0
3348,records100/03000/03348_lr,0
3350,records100/03000/03350_lr,0
3351,records100/03000/03351_lr,0
3352,records100/03000/03352_lr,0
3354,records100/03000/03354_lr,1
3355,records100/03000/03355_lr,0
3357,records100/03000/03357_lr,0
3358,records100/03000/03358_lr,0
3360,records100/03000/03360_lr,0
3361,records100/03000/03361_lr,0
3362,records100/03000/03362_lr,1
3364,records100/03000/03364_lr,0
3365,records100/03000/03365_lr,0
3366,records100/03000/03366_lr,0
3367,records100/03000/03367_lr,0
3369,records100/03000/03369_lr,0
3370,records100/03000/03370_lr,0
3372,records100/03000/03372_lr,0
3373,records100/03000/03373_lr,0
3374,records100/03000/03374_lr,0
3375,records100/03000/03375_lr,1
3376,records100/03000/03376_lr,1
3377,records100/03000/03377_lr,0
3379,records100/03000/03379_lr,0
3380,records100/03000/03380_lr,1
3381,records100/03000/03381_lr,0
3384,records100/03000/03384_lr,0
3387,records100/03000/03387_lr,1
3389,records100/03000/03389_lr,1
3390,records100/03000/03390_lr,0
3394,records100/03000/03394_lr,0
3395,records100/03000/03395_lr,0
3397,records100/03000/03397_lr,0
3402,records100/03000/03402_lr,0
3403,records100/03000/03403_lr,0
3404,records100/03000/03404_lr,0
3405,records100/03000/03405_lr,1
3406,records100/03000/03406_lr,0
3407,records100/03000/03407_lr,1
3408,records100/03000/03408_lr,0
3410,records100/03000/03410_lr,0
3411,records100/03000/03411_lr,1
3412,records100/03000/03412_lr,0
3413,records100/03000/03413_lr,0
3414,records100/03000/03414_lr,0
3415,records100/03000/03415_lr,0
3416,records100/03000/03416_lr,1
3417,records100/03000/03417_lr,0
3418,records100/03000/03418_lr,0
3419,records100/03000/03419_lr,1
3420,records100/03000/03420_lr,0
3424,records100/03000/03424_lr,0
3427,records100/03000/03427_lr,1
3428,records100/03000/03428_lr,1
3429,records100/03000/03429_lr,0
3430,records100/03000/03430_lr,0
3431,records100/03000/03431_lr,1
3434,records100/03000/03434_lr,1
3435,records100/03000/03435_lr,0
3440,records100/03000/03440_lr,1
3441,records100/03000/03441_lr,0
3442,records100/03000/03442_lr,0
3443,records100/03000/03443_lr,1
3444,records100/03000/03444_lr,0
3445,records100/03000/03445_lr,1
3446,records100/03000/03446_lr,1
3447,records100/03000/03447_lr,0
3448,records100/03000/03448_lr,0
3450,records100/03000/03450_lr,0
3451,records100/03000/03451_lr,0
3453,records100/03000/03453_lr,1
3454,records100/03000/03454_lr,1
3458,records100/03000/03458_lr,0
3459,records100/03000/03459_lr,0
3460,records100/03000/03460_lr,0
3462,records100/03000/03462_lr,0
3463,records100/03000/03463_lr,1
3467,records100/03000/03467_lr,0
3469,records100/03000/03469_lr,0
3470,records100/03000/03470_lr,0
3471,records100/03000/03471_lr,0
3472,records100/03000/03472_lr,0
3473,records100/03000/03473_lr,1
3474,records100/03000/03474_lr,0
3475,records100/03000/03475_lr,0
3478,records100/03000/03478_lr,0
3481,records100/03000/03481_lr,0
3482,records100/03000/03482_lr,1
3485,records100/03000/03485_lr,0
3486,records100/03000/03486_lr,0
3487,records100/03000/03487_lr,0
3489,records100/03000/03489_lr,0
3490,records100/03000/03490_lr,0
3491,records100/03000/03491_lr,0
3492,records100/03000/03492_lr,0
3493,records100/03000/03493_lr,1
3494,records100/03000/03494_lr,0
3495,records100/03000/03495_lr,1
3497,records100/03000/03497_lr,0
3498,records100/03000/03498_lr,0
3499,records100/03000/03499_lr,1
3501,records100/03000/03501_lr,0
3503,records100/03000/03503_lr,1
3506,records100/03000/03506_lr,1
3507,records100/03000/03507_lr,0
3509,records100/03000/03509_lr,1
3510,records100/03000/03510_lr,0
3511,records100/03000/03511_lr,0
3513,records100/03000/03513_lr,0
3514,records100/03000/03514_lr,1
3515,records100/03000/03515_lr,0
3520,records100/03000/03520_lr,0
3521,records100/03000/03521_lr,0
3522,records100/03000/03522_lr,0
3523,records100/03000/03523_lr,0
3524,records100/03000/03524_lr,0
3526,records100/03000/03526_lr,0
3528,records100/03000/03528_lr,1
3532,records100/03000/03532_lr,1
3533,records100/03000/03533_lr,0
3534,records100/03000/03534_lr,1
3536,records100/03000/03536_lr,0
3537,records100/03000/03537_lr,0
3540,records100/03000/03540_lr,0
3542,records100/03000/03542_lr,0
3543,records100/03000/03543_lr,0
3544,records100/03000/03544_lr,1
3545,records100/03000/03545_lr,0
3546,records100/03000/03546_lr,1
3549,records100/03000/03549_lr,0
3552,records100/03000/03552_lr,0
3554,records100/03000/03554_lr,0
3555,records100/03000/03555_lr,1
3556,records100/03000/03556_lr,0
3558,records100/03000/03558_lr,0
3559,records100/03000/03559_lr,1
3561,records100/03000/03561_lr,0
3562,records100/03000/03562_lr,0
3563,records100/03000/03563_lr,1
3564,records100/03000/03564_lr,0
3566,records100/03000/03566_lr,0
3567,records100/03000/03567_lr,1
3568,records100/03000/03568_lr,1
3569,records100/03000/03569_lr,0
3570,records100/03000/03570_lr,0
3571,records100/03000/03571_lr,0
3572,records100/03000/03572_lr,0
3573,records100/03000/03573_lr,0
3574,records100/03000/03574_lr,0
3577,records100/03000/03577_lr,0
3578,records100/03000/03578_lr,1
3579,records100/03000/03579_lr,1
3580,records100/03000/03580_lr,0
3581,records100/03000/03581_lr,0
3582,records100/03000/03582_lr,1
3583,records100/03000/03583_lr,0
3584,records100/03000/03584_lr,1
3585,records100/03000/03585_lr,0
3587,records100/03000/03587_lr,0
3588,records100/03000/03588_lr,0
3591,records100/03000/03591_lr,0
3592,records100/03000/03592_lr,0
3593,records100/03000/03593_lr,1
3595,records100/03000/03595_lr,0
3596,records100/03000/03596_lr,0
3598,records100/03000/03598_lr,0
3599,records100/03000/03599_lr,1
3600,records100/03000/03600_lr,1
3601,records100/03000/03601_lr,0
3602,records100/03000/03602_lr,0
3606,records100/03000/03606_lr,1
3607,records100/03000/03607_lr,0
3609,records100/03000/03609_lr,1
3610,records100/03000/03610_lr,1
3611,records100/03000/03611_lr,0
3613,records100/03000/03613_lr,1
3614,records100/03000/03614_lr,0
3615,records100/03000/03615_lr,0
3616,records100/03000/03616_lr,0
3617,records100/03000/03617_lr,0
3618,records100/03000/03618_lr,0
3619,records100/03000/03619_lr,0
3620,records100/03000/03620_lr,1
3622,records100/03000/03622_lr,0
3623,records100/03000/03623_lr,0
3624,records100/03000/03624_lr,0
3625,records100/03000/03625_lr,0
3627,records100/03000/03627_lr,0
3629,records100/03000/03629_lr,1
3630,records100/03000/03630_lr,0
3631,records100/03000/03631_lr,0
3632,records100/03000/03632_lr,1
3633,records100/03000/03633_lr,1
3634,records100/03000/03634_lr,0
3635,records100/03000/03635_lr,0
3638,records100/03000/03638_lr,1
3639,records100/03000/03639_lr,0
3640,records100/03000/03640_lr,0
3644,records100/03000/03644_lr,0
3645,records100/03000/03645_lr,0
3646,records100/03000/03646_lr,0
3647,records100/03000/03647_lr,0
3648,records100/03000/03648_lr,0
3649,records100/03000/03649_lr,0
3650,records100/03000/03650_lr,0
3651,records100/03000/03651_lr,1
3652,records100/03000/03652_lr,0
3657,records100/03000/03657_lr,0
3661,records100/03000/03661_lr,0
3662,records100/03000/03662_lr,0
3664,records100/03000/03664_lr,1
3665,records100/03000/03665_lr,0
3666,records100/03000/03666_lr,0
3667,records100/03000/03667_lr,0
3668,records100/03000/03668_lr,1
3669,records100/03000/03669_lr,0
3670,records100/03000/03670_lr,0
3671,records100/03000/03671_lr,0
3674,records100/03000/03674_lr,0
3675,records100/03000/03675_lr,0
3676,records100/03000/03676_lr,0
3677,records100/03000/03677_lr,0
3679,records100/03000/03679_lr,0
3682,records100/03000/03682_lr,0
3683,records100/03000/03683_lr,0
3684,records100/03000/03684_lr,0
3685,records100/03000/03685_lr,1
3686,records100/03000/03686_lr,0
3689,records100/03000/03689_lr,1
3691,records100/03000/03691_lr,0
3692,records100/03000/03692_lr,1
3693,records100/03000/03693_lr,0
3694,records100/03000/03694_lr,0
3695,records100/03000/03695_lr,1
3696,records100/03000/03696_lr,1
3697,records100/03000/03697_lr,0
3698,records100/03000/03698_lr,0
3700,records100/03000/03700_lr,0
3701,records100/03000/03701_lr,1
3702,records100/03000/03702_lr,0
3704,records100/03000/03704_lr,0
3705,records100/03000/03705_lr,0
3706,records100/03000/03706_lr,1
3707,records100/03000/03707_lr,0
3709,records100/03000/03709_lr,0
3710,records100/03000/03710_lr,0
3711,records100/03000/03711_lr,0
3712,records100/03000/03712_lr,0
3713,records100/03000/03713_lr,0
3714,records100/03000/03714_lr,0
3715,records100/03000/03715_lr,1
3716,records100/03000/03716_lr,0
3717,records100/03000/03717_lr,0
3718,records100/03000/03718_lr,0
3719,records100/03000/03719_lr,0
3720,records100/03000/03720_lr,0
3721,records100/03000/03721_lr,0
3722,records100/03000/03722_lr,0
3724,records100/03000/03724_lr,0
3726,records100/03000/03726_lr,0
3727,records100/03000/03727_lr,0
3728,records100/03000/03728_lr,0
3730,records100/03000/03730_lr,0
3732,records100/03000/03732_lr,0
3733,records100/03000/03733_lr,0
3734,records100/03000/03734_lr,0
3735,records100/03000/03735_lr,0
3736,records100/03000/03736_lr,0
3738,records100/03000/03738_lr,0
3740,records100/03000/03740_lr,0
3741,records100/03000/03741_lr,0
3742,records100/03000/03742_lr,0
3743,records100/03000/03743_lr,0
3744,records100/03000/03744_lr,0
3745,records100/03000/03745_lr,0
3746,records100/03000/03746_lr,0
3747,records100/03000/03747_lr,0
3748,records100/03000/03748_lr,0
3749,records100/03000/03749_lr,0
3752,records100/03000/03752_lr,0
3753,records100/03000/03753_lr,0
3754,records100/03000/03754_lr,0
3755,records100/03000/03755_lr,1
3756,records100/03000/03756_lr,0
3757,records100/03000/03757_lr,0
3758,records100/03000/03758_lr,0
3760,records100/03000/03760_lr,0
3761,records100/03000/03761_lr,0
3762,records100/03000/03762_lr,0
3764,records100/03000/03764_lr,1
3765,records100/03000/03765_lr,0
3766,records100/03000/03766_lr,0
3767,records100/03000/03767_lr,0
3768,records100/03000/03768_lr,0
3769,records100/03000/03769_lr,0
3770,records100/03000/03770_lr,0
3771,records100/03000/03771_lr,0
3772,records100/03000/03772_lr,1
3775,records100/03000/03775_lr,0
3776,records100/03000/03776_lr,0
3777,records100/03000/03777_lr,1
3778,records100/03000/03778_lr,0
3779,records100/03000/03779_lr,0
3780,records100/03000/03780_lr,0
3781,records100/03000/03781_lr,0
3782,records100/03000/03782_lr,0
3783,records100/03000/03783_lr,1
3784,records100/03000/03784_lr,1
3786,records100/03000/03786_lr,1
3787,records100/03000/03787_lr,0
3789,records100/03000/03789_lr,1
3792,records100/03000/03792_lr,1
3794,records100/03000/03794_lr,0
3802,records100/03000/03802_lr,1
3805,records100/03000/03805_lr,1
3806,records100/03000/03806_lr,0
3807,records100/03000/03807_lr,0
3810,records100/03000/03810_lr,0
3811,records100/03000/03811_lr,0
3812,records100/03000/03812_lr,0
3813,records100/03000/03813_lr,0
3814,records100/03000/03814_lr,0
3815,records100/03000/03815_lr,1
3817,records100/03000/03817_lr,0
3818,records100/03000/03818_lr,0
3820,records100/03000/03820_lr,1
3821,records100/03000/03821_lr,1
3822,records100/03000/03822_lr,0
3825,records100/03000/03825_lr,1
3826,records100/03000/03826_lr,1
3827,records100/03000/03827_lr,1
3828,records100/03000/03828_lr,1
3829,records100/03000/03829_lr,0
3830,records100/03000/03830_lr,0
3831,records100/03000/03831_lr,0
3833,records100/03000/03833_lr,0
3834,records100/03000/03834_lr,1
3839,records100/03000/03839_lr,0
3841,records100/03000/03841_lr,0
3843,records100/03000/03843_lr,0
3845,records100/03000/03845_lr,0
3846,records100/03000/03846_lr,0
3847,records100/03000/03847_lr,0
3848,records100/03000/03848_lr,0
3849,records100/03000/03849_lr,0
3850,records100/03000/03850_lr,0
3851,records100/03000/03851_lr,0
3854,records100/03000/03854_lr,0
3855,records100/03000/03855_lr,1
3856,records100/03000/03856_lr,0
3857,records100/03000/03857_lr,0
3858,records100/03000/03858_lr,0
3859,records100/03000/03859_lr,1
3862,records100/03000/03862_lr,1
3863,records100/03000/03863_lr,0
3865,records100/03000/03865_lr,0
3866,records100/03000/03866_lr,0
3868,records100/03000/03868_lr,1
3870,records100/03000/03870_lr,1
3871,records100/03000/03871_lr,0
3872,records100/03000/03872_lr,0
3874,records100/03000/03874_lr,0
3875,records100/03000/03875_lr,1
3876,records100/03000/03876_lr,0
3877,records100/03000/03877_lr,1
3878,records100/03000/03878_lr,0
3880,records100/03000/03880_lr,0
3881,records100/03000/03881_lr,0
3883,records100/03000/03883_lr,1
3886,records100/03000/03886_lr,0
3887,records100/03000/03887_lr,0
3888,records100/03000/03888_lr,0
3889,records100/03000/03889_lr,0
3891,records100/03000/03891_lr,1
3892,records100/03000/03892_lr,0
3894,records100/03000/03894_lr,1
3896,records100/03000/03896_lr,0
3898,records100/03000/03898_lr,0
3899,records100/03000/03899_lr,1
3901,records100/03000/03901_lr,0
3903,records100/03000/03903_lr,0
3904,records100/03000/03904_lr,0
3906,records100/03000/03906_lr,0
3907,records100/03000/03907_lr,0
3908,records100/03000/03908_lr,1
3909,records100/03000/03909_lr,0
3910,records100/03000/03910_lr,1
3911,records100/03000/03911_lr,0
3912,records100/03000/03912_lr,0
3913,records100/03000/03913_lr,1
3914,records100/03000/03914_lr,1
3916,records100/03000/03916_lr,0
3917,records100/03000/03917_lr,0
3918,records100/03000/03918_lr,0
3919,records100/03000/03919_lr,1
3920,records100/03000/03920_lr,0
3923,records100/03000/03923_lr,0
3926,records100/03000/03926_lr,0
3927,records100/03000/03927_lr,0
3928,records100/03000/03928_lr,0
3929,records100/03000/03929_lr,0
3931,records100/03000/03931_lr,0
3933,records100/03000/03933_lr,0
3934,records100/03000/03934_lr,1
3935,records100/03000/03935_lr,0
3936,records100/03000/03936_lr,0
3937,records100/03000/03937_lr,0
3938,records100/03000/03938_lr,0
3940,records100/03000/03940_lr,0
3941,records100/03000/03941_lr,0
3942,records100/03000/03942_lr,0
3943,records100/03000/03943_lr,0
3945,records100/03000/03945_lr,0
3949,records100/03000/03949_lr,1
3950,records100/03000/03950_lr,0
3951,records100/03000/03951_lr,0
3952,records100/03000/03952_lr,0
3954,records100/03000/03954_lr,0
3955,records100/03000/03955_lr,0
3956,records100/03000/03956_lr,1
3958,records100/03000/03958_lr,0
3959,records100/03000/03959_lr,0
3960,records100/03000/03960_lr,1
3961,records100/03000/03961_lr,0
3962,records100/03000/03962_lr,0
3964,records100/03000/03964_lr,0
3965,records100/03000/03965_lr,0
3966,records100/03000/03966_lr,0
3967,records100/03000/03967_lr,1
3968,records100/03000/03968_lr,1
3969,records100/03000/03969_lr,0
3970,records100/03000/03970_lr,0
3971,records100/03000/03971_lr,0
3973,records100/03000/03973_lr,1
3974,records100/03000/03974_lr,0
3976,records100/03000/03976_lr,1
3977,records100/03000/03977_lr,0
3978,records100/03000/03978_lr,1
3981,records100/03000/03981_lr,0
3982,records100/03000/03982_lr,0
3983,records100/03000/03983_lr,1
3984,records100/03000/03984_lr,0
3985,records100/03000/03985_lr,0
3986,records100/03000/03986_lr,0
3987,records100/03000/03987_lr,1
3988,records100/03000/03988_lr,0
3989,records100/03000/03989_lr,0
3991,records100/03000/03991_lr,0
3992,records100/03000/03992_lr,1
3993,records100/03000/03993_lr,0
3994,records100/03000/03994_lr,1
3997,records100/03000/03997_lr,0
4000,records100/04000/04000_lr,0
4001,records100/04000/04001_lr,1
4002,records100/04000/04002_lr,1
4003,records100/04000/04003_lr,0
4004,records100/04000/04004_lr,1
4005,records100/04000/04005_lr,0
4006,records100/04000/04006_lr,0
4007,records100/04000/04007_lr,0
4008,records100/04000/04008_lr,0
4009,records100/04000/04009_lr,1
4011,records100/04000/04011_lr,0
4012,records100/04000/04012_lr,0
4014,records100/04000/04014_lr,0
4015,records100/04000/04015_lr,1
4017,records100/04000/04017_lr,0
4020,records100/04000/04020_lr,0
4021,records100/04000/04021_lr,0
4025,records100/04000/04025_lr,0
4027,records100/04000/04027_lr,1
4030,records100/04000/04030_lr,0
4032,records100/04000/04032_lr,1
4033,records100/04000/04033_lr,0
4034,records100/04000/04034_lr,0
4035,records100/04000/04035_lr,0
4036,records100/04000/04036_lr,0
4037,records100/04000/04037_lr,0
4038,records100/04000/04038_lr,1
4039,records100/04000/04039_lr,0
4040,records100/04000/04040_lr,0
4041,records100/04000/04041_lr,0
4042,records100/04000/04042_lr,0
4043,records100/04000/04043_lr,0
4044,records100/04000/04044_lr,1
4046,records100/04000/04046_lr,1
4047,records100/04000/04047_lr,0
4048,records100/04000/04048_lr,1
4052,records100/04000/04052_lr,1
4053,records100/04000/04053_lr,1
4055,records100/04000/04055_lr,0
4056,records100/04000/04056_lr,1
4057,records100/04000/04057_lr,0
4058,records100/04000/04058_lr,1
4059,records100/04000/04059_lr,0
4060,records100/04000/04060_lr,0
4061,records100/04000/04061_lr,0
4062,records100/04000/04062_lr,0
4064,records100/04000/04064_lr,0
4065,records100/04000/04065_lr,0
4066,records100/04000/04066_lr,0
4067,records100/04000/04067_lr,0
4068,records100/04000/04068_lr,1
4069,records100/04000/04069_lr,0
4071,records100/04000/04071_lr,0
4072,records100/04000/04072_lr,1
4073,records100/04000/04073_lr,0
4074,records100/04000/04074_lr,0
4075,records100/04000/04075_lr,0
4076,records100/04000/04076_lr,0
4077,records100/04000/04077_lr,0
4078,records100/04000/04078_lr,0
4079,records100/04000/04079_lr,0
4082,records100/04000/04082_lr,0
4083,records100/04000/04083_lr,0
4088,records100/04000/04088_lr,0
4089,records100/04000/04089_lr,0
4090,records100/04000/04090_lr,0
4093,records100/04000/04093_lr,0
4094,records100/04000/04094_lr,0
4095,records100/04000/04095_lr,1
4096,records100/04000/04096_lr,0
4097,records100/04000/04097_lr,0
4098,records100/04000/04098_lr,1
4100,records100/04000/04100_lr,1
4101,records100/04000/04101_lr,0
4102,records100/04000/04102_lr,1
4103,records100/04000/04103_lr,0
4104,records100/04000/04104_lr,0
4105,records100/04000/04105_lr,1
4106,records100/04000/04106_lr,1
4110,records100/04000/04110_lr,0
4111,records100/04000/04111_lr,1
4113,records100/04000/04113_lr,0
4114,records100/04000/04114_lr,0
4119,records100/04000/04119_lr,1
4120,records100/04000/04120_lr,0
4122,records100/04000/04122_lr,0
4123,records100/04000/04123_lr,0
4125,records100/04000/04125_lr,0
4134,records100/04000/04134_lr,0
4136,records100/04000/04136_lr,0
4137,records100/04000/04137_lr,1
4138,records100/04000/04138_lr,0
4139,records100/04000/04139_lr,0
4140,records100/04000/04140_lr,1
4142,records100/04000/04142_lr,0
4143,records100/04000/04143_lr,1
4144,records100/04000/04144_lr,0
4147,records100/04000/04147_lr,0
4151,records100/04000/04151_lr,0
4152,records100/04000/04152_lr,0
4153,records100/04000/04153_lr,1
4154,records100/04000/04154_lr,1
4155,records100/04000/04155_lr,0
4156,records100/04000/04156_lr,0
4157,records100/04000/04157_lr,0
4158,records100/04000/04158_lr,1
4159,records100/04000/04159_lr,0
4160,records100/04000/04160_lr,1
4161,records100/04000/04161_lr,1
4162,records100/04000/04162_lr,0
4163,records100/04000/04163_lr,0
4164,records100/04000/04164_lr,0
4165,records100/04000/04165_lr,0
4166,records100/04000/04166_lr,1
4167,records100/04000/04167_lr,0
4168,records100/04000/04168_lr,0
4169,records100/04000/04169_lr,0
4171,records100/04000/04171_lr,0
4172,records100/04000/04172_lr,0
4173,records100/04000/04173_lr,0
4174,records100/04000/04174_lr,0
4175,records100/04000/04175_lr,1
4176,records100/04000/04176_lr,0
4177,records100/04000/04177_lr,1
4178,records100/04000/04178_lr,0
4179,records100/04000/04179_lr,0
4180,records100/04000/04180_lr,0
4182,records100/04000/04182_lr,1
4183,records100/04000/04183_lr,0
4184,records100/04000/04184_lr,0
4185,records100/04000/04185_lr,0
4186,records100/04000/04186_lr,0
4187,records100/04000/04187_lr,0
4188,records100/04000/04188_lr,1
4189,records100/04000/04189_lr,1
4190,records100/04000/04190_lr,0
4191,records100/04000/04191_lr,1
4192,records100/04000/04192_lr,0
4193,records100/04000/04193_lr,0
4194,records100/04000/04194_lr,1
4195,records100/04000/04195_lr,1
4196,records100/04000/04196_lr,1
4197,records100/04000/04197_lr,0
4198,records100/04000/04198_lr,0
4201,records100/04000/04201_lr,0
4203,records100/04000/04203_lr,1
4204,records100/04000/04204_lr,0
4205,records100/04000/04205_lr,0
4207,records100/04000/04207_lr,0
4208,records100/04000/04208_lr,0
4209,records100/04000/04209_lr,1
4210,records100/04000/04210_lr,0
4211,records100/04000/04211_lr,1
4212,records100/04000/04212_lr,0
4213,records100/04000/04213_lr,0
4214,records100/04000/04214_lr,1
4215,records100/04000/04215_lr,0
4217,records100/04000/04217_lr,0
4221,records100/04000/04221_lr,1
4224,records100/04000/04224_lr,0
4225,records100/04000/04225_lr,1
4227,records100/04000/04227_lr,1
4228,records100/04000/04228_lr,1
4229,records100/04000/04229_lr,0
4231,records100/04000/04231_lr,1
4232,records100/04000/04232_lr,1
4233,records100/04000/04233_lr,1
4235,records100/04000/04235_lr,0
4236,records100/04000/04236_lr,0
4239,records100/04000/04239_lr,0
4241,records100/04000/04241_lr,0
4242,records100/04000/04242_lr,0
4243,records100/04000/04243_lr,0
4245,records100/04000/04245_lr,0
4246,records100/04000/04246_lr,0
4247,records100/04000/04247_lr,0
4248,records100/04000/04248_lr,1
4249,records100/04000/04249_lr,0
4250,records100/04000/04250_lr,0
4252,records100/04000/04252_lr,0
4253,records100/04000/04253_lr,1
4255,records100/04000/04255_lr,1
4256,records100/04000/04256_lr,0
4257,records100/04000/04257_lr,1
4259,records100/04000/04259_lr,1
4260,records100/04000/04260_lr,0
4261,records100/04000/04261_lr,0
4262,records100/04000/04262_lr,0
4263,records100/04000/04263_lr,0
4264,records100/04000/04264_lr,1
4265,records100/04000/04265_lr,1
4266,records100/04000/04266_lr,0
4268,records100/04000/04268_lr,0
4269,records100/04000/04269_lr,1
4270,records100/04000/04270_lr,1
4271,records100/04000/04271_lr,1
4272,records100/04000/04272_lr,0
4273,records100/04000/04273_lr,0
4276,records100/04000/04276_lr,1
4277,records100/04000/04277_lr,0
4283,records100/04000/04283_lr,0
4284,records100/04000/04284_lr,1
4285,records100/04000/04285_lr,0
4286,records100/04000/04286_lr,0
4287,records100/04000/04287_lr,0
4288,records100/04000/04288_lr,0
4289,records100/04000/04289_lr,0
4290,records100/04000/04290_lr,0
4291,records100/04000/04291_lr,0
4293,records100/04000/04293_lr,0
4294,records100/04000/04294_lr,0
4295,records100/04000/04295_lr,0
4296,records100/04000/04296_lr,0
4299,records100/04000/04299_lr,0
4300,records100/04000/04300_lr,0
4301,records100/04000/04301_lr,0
4302,records100/04000/04302_lr,0
4304,records100/04000/04304_lr,0
4307,records100/04000/04307_lr,1
4309,records100/04000/04309_lr,0
4311,records100/04000/04311_lr,0
4312,records100/04000/04312_lr,1
4313,records100/04000/04313_lr,1
4314,records100/04000/04314_lr,0
4316,records100/04000/04316_lr,1
4317,records100/04000/04317_lr,0
4319,records100/04000/04319_lr,0
4321,records100/04000/04321_lr,0
4325,records100/04000/04325_lr,0
4328,records100/04000/04328_lr,0
4330,records100/04000/04330_lr,1
4333,records100/04000/04333_lr,1
4337,records100/04000/04337_lr,0
4339,records100/04000/04339_lr,1
4340,records100/04000/04340_lr,0
4341,records100/04000/04341_lr,0
4342,records100/04000/04342_lr,0
4343,records100/04000/04343_lr,0
4344,records100/04000/04344_lr,0
4345,records100/04000/04345_lr,0
4346,records100/04000/04346_lr,0
4347,records100/04000/04347_lr,0
4348,records100/04000/04348_lr,0
4351,records100/04000/04351_lr,1
4352,records100/04000/04352_lr,1
4353,records100/04000/04353_lr,0
4354,records100/04000/04354_lr,0
4355,records100/04000/04355_lr,0
4356,records100/04000/04356_lr,0
4358,records100/04000/04358_lr,1
4359,records100/04000/04359_lr,1
4360,records100/04000/04360_lr,1
4362,records100/04000/04362_lr,1
4364,records100/04000/04364_lr,0
4365,records100/04000/04365_lr,0
4366,records100/04000/04366_lr,1
4369,records100/04000/04369_lr,0
4370,records100/04000/04370_lr,0
4371,records100/04000/04371_lr,1
4372,records100/04000/04372_lr,0
4373,records100/04000/04373_lr,1
4374,records100/04000/04374_lr,0
4375,records100/04000/04375_lr,1
4376,records100/04000/04376_lr,0
4377,records100/04000/04377_lr,1
4378,records100/04000/04378_lr,0
4380,records100/04000/04380_lr,1
4381,records100/04000/04381_lr,0
4383,records100/04000/04383_lr,0
4385,records100/04000/04385_lr,0
4386,records100/04000/04386_lr,1
4389,records100/04000/04389_lr,0
4390,records100/04000/04390_lr,0
4391,records100/04000/04391_lr,1
4392,records100/04000/04392_lr,1
4393,records100/04000/04393_lr,1
4394,records100/04000/04394_lr,0
4397,records100/04000/04397_lr,0
4400,records100/04000/04400_lr,1
4403,records100/04000/04403_lr,1
4404,records100/04000/04404_lr,0
4407,records100/04000/04407_lr,0
4411,records100/04000/04411_lr,0
4412,records100/04000/04412_lr,1
4413,records100/04000/04413_lr,0
4414,records100/04000/04414_lr,0
4416,records100/04000/04416_lr,0
4417,records100/04000/04417_lr,0
4419,records100/04000/04419_lr,1
4420,records100/04000/04420_lr,0
4421,records100/04000/04421_lr,1
4422,records100/04000/04422_lr,0
4426,records100/04000/04426_lr,1
4427,records100/04000/04427_lr,1
4428,records100/04000/04428_lr,0
4429,records100/04000/04429_lr,0
4431,records100/04000/04431_lr,0
4434,records100/04000/04434_lr,0
4435,records100/04000/04435_lr,0
4436,records100/04000/04436_lr,1
4437,records100/04000/04437_lr,0
4438,records100/04000/04438_lr,1
4439,records100/04000/04439_lr,0
4441,records100/04000/04441_lr,0
4443,records100/04000/04443_lr,1
4445,records100/04000/04445_lr,1
4447,records100/04000/04447_lr,0
4448,records100/04000/04448_lr,1
4449,records100/04000/04449_lr,1
4452,records100/04000/04452_lr,1
4454,records100/04000/04454_lr,0
4455,records100/04000/04455_lr,1
4456,records100/04000/04456_lr,1
4459,records100/04000/04459_lr,0
4461,records100/04000/04461_lr,0
4462,records100/04000/04462_lr,0
4464,records100/04000/04464_lr,0
4466,records100/04000/04466_lr,1
4468,records100/04000/04468_lr,0
4469,records100/04000/04469_lr,0
4470,records100/04000/04470_lr,1
4471,records100/04000/04471_lr,0
4472,records100/04000/04472_lr,0
4473,records100/04000/04473_lr,0
4474,records100/04000/04474_lr,0
4475,records100/04000/04475_lr,0
4477,records100/04000/04477_lr,0
4478,records100/04000/04478_lr,0
4479,records100/04000/04479_lr,0
4480,records100/04000/04480_lr,0
4481,records100/04000/04481_lr,0
4482,records100/04000/04482_lr,0
4483,records100/04000/04483_lr,0
4484,records100/04000/04484_lr,0
4485,records100/04000/04485_lr,0
4487,records100/04000/04487_lr,0
4488,records100/04000/04488_lr,0
4490,records100/04000/04490_lr,0
4491,records100/04000/04491_lr,0
4493,records100/04000/04493_lr,1
4496,records100/04000/04496_lr,1
4498,records100/04000/04498_lr,0
4499,records100/04000/04499_lr,1
4500,records100/04000/04500_lr,0
4503,records100/04000/04503_lr,1
4504,records100/04000/04504_lr,0
4505,records100/04000/04505_lr,0
4506,records100/04000/04506_lr,0
4507,records100/04000/04507_lr,0
4509,records100/04000/04509_lr,1
4510,records100/04000/04510_lr,0
4512,records100/04000/04512_lr,0
4513,records100/04000/04513_lr,1
4514,records100/04000/04514_lr,0
4515,records100/04000/04515_lr,0
4517,records100/04000/04517_lr,0
4518,records100/04000/04518_lr,1
4519,records100/04000/04519_lr,0
4520,records100/04000/04520_lr,0
4522,records100/04000/04522_lr,1
4524,records100/04000/04524_lr,0
4530,records100/04000/04530_lr,0
4533,records100/04000/04533_lr,1
4536,records100/04000/04536_lr,1
4539,records100/04000/04539_lr,0
4542,records100/04000/04542_lr,0
4543,records100/04000/04543_lr,0
4544,records100/04000/04544_lr,0
4545,records100/04000/04545_lr,1
4549,records100/04000/04549_lr,0
4550,records100/04000/04550_lr,0
4551,records100/04000/04551_lr,1
4553,records100/04000/04553_lr,0
4554,records100/04000/04554_lr,1
4555,records100/04000/04555_lr,0
4556,records100/04000/04556_lr,0
4557,records100/04000/04557_lr,0
4558,records100/04000/04558_lr,0
4561,records100/04000/04561_lr,1
4562,records100/04000/04562_lr,1
4564,records100/04000/04564_lr,1
4565,records100/04000/04565_lr,0
4566,records100/04000/04566_lr,0
4567,records100/04000/04567_lr,1
4569,records100/04000/04569_lr,0
4571,records100/04000/04571_lr,1
4573,records100/04000/04573_lr,0
4576,records100/04000/04576_lr,1
4577,records100/04000/04577_lr,0
4578,records100/04000/04578_lr,1
4579,records100/04000/04579_lr,0
4581,records100/04000/04581_lr,1
4583,records100/04000/04583_lr,1
4584,records100/04000/04584_lr,0
4585,records100/04000/04585_lr,0
4586,records100/04000/04586_lr,1
4587,records100/04000/04587_lr,0
4588,records100/04000/04588_lr,1
4592,records100/04000/04592_lr,1
4593,records100/04000/04593_lr,1
4594,records100/04000/04594_lr,1
4596,records100/04000/04596_lr,0
4597,records100/04000/04597_lr,0
4598,records100/04000/04598_lr,0
4600,records100/04000/04600_lr,0
4604,records100/04000/04604_lr,1
4606,records100/04000/04606_lr,0
4607,records100/04000/04607_lr,1
4609,records100/04000/04609_lr,0
4610,records100/04000/04610_lr,0
4611,records100/04000/04611_lr,1
4613,records100/04000/04613_lr,0
4614,records100/04000/04614_lr,1
4615,records100/04000/04615_lr,1
4616,records100/04000/04616_lr,0
4617,records100/04000/04617_lr,1
4618,records100/04000/04618_lr,1
4620,records100/04000/04620_lr,0
4621,records100/04000/04621_lr,1
4622,records100/04000/04622_lr,0
4623,records100/04000/04623_lr,0
4624,records100/04000/04624_lr,1
4625,records100/04000/04625_lr,0
4628,records100/04000/04628_lr,0
4631,records100/04000/04631_lr,0
4633,records100/04000/04633_lr,0
4634,records100/04000/04634_lr,0
4635,records100/04000/04635_lr,0
4636,records100/04000/04636_lr,1
4638,records100/04000/04638_lr,0
4639,records100/04000/04639_lr,0
4640,records100/04000/04640_lr,0
4641,records100/04000/04641_lr,0
4642,records100/04000/04642_lr,0
4643,records100/04000/04643_lr,0
4644,records100/04000/04644_lr,0
4646,records100/04000/04646_lr,1
4647,records100/04000/04647_lr,0
4648,records100/04000/04648_lr,0
4649,records100/04000/04649_lr,1
4650,records100/04000/04650_lr,0
4652,records100/04000/04652_lr,1
4655,records100/04000/04655_lr,1
4656,records100/04000/04656_lr,1
4659,records100/04000/04659_lr,1
4661,records100/04000/04661_lr,1
4662,records100/04000/04662_lr,0
4664,records100/04000/04664_lr,0
4666,records100/04000/04666_lr,1
4668,records100/04000/04668_lr,0
4669,records100/04000/04669_lr,0
4670,records100/04000/04670_lr,1
4671,records100/04000/04671_lr,0
4672,records100/04000/04672_lr,0
4673,records100/04000/04673_lr,1
4677,records100/04000/04677_lr,0
4678,records100/04000/04678_lr,0
4679,records100/04000/04679_lr,0
4680,records100/04000/04680_lr,0
4682,records100/04000/04682_lr,0
4683,records100/04000/04683_lr,1
4684,records100/04000/04684_lr,0
4685,records100/04000/04685_lr,0
4686,records100/04000/04686_lr,1
4689,records100/04000/04689_lr,0
4690,records100/04000/04690_lr,0
4691,records100/04000/04691_lr,0
4693,records100/04000/04693_lr,1
4694,records100/04000/04694_lr,1
4696,records100/04000/04696_lr,1
4698,records100/04000/04698_lr,1
4699,records100/04000/04699_lr,0
4704,records100/04000/04704_lr,0
4705,records100/04000/04705_lr,0
4709,records100/04000/04709_lr,0
4710,records100/04000/04710_lr,0
4711,records100/04000/04711_lr,0
4712,records100/04000/04712_lr,1
4714,records100/04000/04714_lr,0
4715,records100/04000/04715_lr,0
4718,records100/04000/04718_lr,0
4719,records100/04000/04719_lr,0
4720,records100/04000/04720_lr,0
4721,records100/04000/04721_lr,0
4724,records100/04000/04724_lr,0
4725,records100/04000/04725_lr,1
4726,records100/04000/04726_lr,0
4727,records100/04000/04727_lr,0
4728,records100/04000/04728_lr,0
4731,records100/04000/04731_lr,0
4734,records100/04000/04734_lr,0
4735,records100/04000/04735_lr,1
4736,records100/04000/04736_lr,0
4739,records100/04000/04739_lr,0
4742,records100/04000/04742_lr,0
4744,records100/04000/04744_lr,0
4746,records100/04000/04746_lr,1
4747,records100/04000/04747_lr,0
4748,records100/04000/04748_lr,1
4749,records100/04000/04749_lr,1
4750,records100/04000/04750_lr,1
4754,records100/04000/04754_lr,0
4755,records100/04000/04755_lr,1
4756,records100/04000/04756_lr,1
4759,records100/04000/04759_lr,0
4760,records100/04000/04760_lr,0
4764,records100/04000/04764_lr,0
4765,records100/04000/04765_lr,0
4766,records100/04000/04766_lr,0
4767,records100/04000/04767_lr,0
4770,records100/04000/04770_lr,0
4773,records100/04000/04773_lr,0
4774,records100/04000/04774_lr,0
4777,records100/04000/04777_lr,1
4778,records100/04000/04778_lr,0
4779,records100/04000/04779_lr,1
4780,records100/04000/04780_lr,0
4781,records100/04000/04781_lr,1
4782,records100/04000/04782_lr,0
4783,records100/04000/04783_lr,0
4784,records100/04000/04784_lr,0
4786,records100/04000/04786_lr,0
4789,records100/04000/04789_lr,0
4794,records100/04000/04794_lr,1
4795,records100/04000/04795_lr,1
4796,records100/04000/04796_lr,1
4798,records100/04000/04798_lr,0
4799,records100/04000/04799_lr,0
4802,records100/04000/04802_lr,0
4804,records100/04000/04804_lr,1
4805,records100/04000/04805_lr,0
4807,records100/04000/04807_lr,1
4808,records100/04000/04808_lr,0
4810,records100/04000/04810_lr,0
4811,records100/04000/04811_lr,0
4812,records100/04000/04812_lr,1
4813,records100/04000/04813_lr,1
4814,records100/04000/04814_lr,0
4815,records100/04000/04815_lr,1
4816,records100/04000/04816_lr,1
4817,records100/04000/04817_lr,0
4818,records100/04000/04818_lr,0
4819,records100/04000/04819_lr,1
4820,records100/04000/04820_lr,0
4821,records100/04000/04821_lr,0
4822,records100/04000/04822_lr,0
4823,records100/04000/04823_lr,1
4824,records100/04000/04824_lr,1
4826,records100/04000/04826_lr,0
4827,records100/04000/04827_lr,1
4829,records100/04000/04829_lr,0
4830,records100/04000/04830_lr,1
4831,records100/04000/04831_lr,0
4832,records100/04000/04832_lr,1
4833,records100/04000/04833_lr,1
4834,records100/04000/04834_lr,0
4835,records100/04000/04835_lr,0
4836,records100/04000/04836_lr,0
4838,records100/04000/04838_lr,1
4842,records100/04000/04842_lr,1
4843,records100/04000/04843_lr,0
4844,records100/04000/04844_lr,0
4847,records100/04000/04847_lr,1
4848,records100/04000/04848_lr,0
4849,records100/04000/04849_lr,0
4851,records100/04000/04851_lr,0
4852,records100/04000/04852_lr,1
4853,records100/04000/04853_lr,1
4854,records100/04000/04854_lr,0
4855,records100/04000/04855_lr,0
4856,records100/04000/04856_lr,1
4857,records100/04000/04857_lr,1
4858,records100/04000/04858_lr,0
4859,records100/04000/04859_lr,0
4860,records100/04000/04860_lr,0
4861,records100/04000/04861_lr,1
4862,records100/04000/04862_lr,0
4864,records100/04000/04864_lr,0
4865,records100/04000/04865_lr,0
4866,records100/04000/04866_lr,1
4867,records100/04000/04867_lr,0
4869,records100/04000/04869_lr,1
4870,records100/04000/04870_lr,1
4871,records100/04000/04871_lr,1
4872,records100/04000/04872_lr,1
4873,records100/04000/04873_lr,0
4875,records100/04000/04875_lr,0
4876,records100/04000/04876_lr,0
4877,records100/04000/04877_lr,0
4878,records100/04000/04878_lr,1
4879,records100/04000/04879_lr,0
4880,records100/04000/04880_lr,0
4881,records100/04000/04881_lr,1
4883,records100/04000/04883_lr,0
4884,records100/04000/04884_lr,0
4885,records100/04000/04885_lr,1
4887,records100/04000/04887_lr,0
4888,records100/04000/04888_lr,0
4890,records100/04000/04890_lr,0
4891,records100/04000/04891_lr,1
4892,records100/04000/04892_lr,0
4894,records100/04000/04894_lr,1
4895,records100/04000/04895_lr,1
4897,records100/04000/04897_lr,1
4898,records100/04000/04898_lr,0
4900,records100/04000/04900_lr,0
4901,records100/04000/04901_lr,1
4902,records100/04000/04902_lr,0
4904,records100/04000/04904_lr,1
4905,records100/04000/04905_lr,0
4906,records100/04000/04906_lr,1
4908,records100/04000/04908_lr,1
4909,records100/04000/04909_lr,1
4910,records100/04000/04910_lr,0
4911,records100/04000/04911_lr,0
4912,records100/04000/04912_lr,0
4913,records100/04000/04913_lr,0
4914,records100/04000/04914_lr,0
4915,records100/04000/04915_lr,1
4917,records100/04000/04917_lr,1
4924,records100/04000/04924_lr,0
4925,records100/04000/04925_lr,1
4927,records100/04000/04927_lr,1
4928,records100/04000/04928_lr,0
4929,records100/04000/04929_lr,1
4931,records100/04000/04931_lr,1
4932,records100/04000/04932_lr,0
4933,records100/04000/04933_lr,0
4936,records100/04000/04936_lr,0
4937,records100/04000/04937_lr,1
4939,records100/04000/04939_lr,0
4940,records100/04000/04940_lr,1
4941,records100/04000/04941_lr,0
4942,records100/04000/04942_lr,1
4943,records100/04000/04943_lr,1
4944,records100/04000/04944_lr,0
4945,records100/04000/04945_lr,0
4946,records100/04000/04946_lr,1
4947,records100/04000/04947_lr,0
4949,records100/04000/04949_lr,1
4950,records100/04000/04950_lr,0
4951,records100/04000/04951_lr,0
4953,records100/04000/04953_lr,1
4954,records100/04000/04954_lr,0
4955,records100/04000/04955_lr,0
4956,records100/04000/04956_lr,0
4958,records100/04000/04958_lr,0
4959,records100/04000/04959_lr,0
4960,records100/04000/04960_lr,0
4961,records100/04000/04961_lr,0
4962,records100/04000/04962_lr,1
4966,records100/04000/04966_lr,1
4967,records100/04000/04967_lr,0
4969,records100/04000/04969_lr,0
4971,records100/04000/04971_lr,0
4972,records100/04000/04972_lr,1
4974,records100/04000/04974_lr,1
4976,records100/04000/04976_lr,0
4977,records100/04000/04977_lr,1
4978,records100/04000/04978_lr,1
4979,records100/04000/04979_lr,0
4980,records100/04000/04980_lr,0
4981,records100/04000/04981_lr,1
4982,records100/04000/04982_lr,0
4983,records100/04000/04983_lr,1
4984,records100/04000/04984_lr,1
4987,records100/04000/04987_lr,0
4988,records100/04000/04988_lr,1
4990,records100/04000/04990_lr,1
4992,records100/04000/04992_lr,1
4999,records100/04000/04999_lr,1
5000,records100/05000/05000_lr,0
5001,records100/05000/05001_lr,0
5002,records100/05000/05002_lr,0
5004,records100/05000/05004_lr,0
5007,records100/05000/05007_lr,0
5008,records100/05000/05008_lr,0
5009,records100/05000/05009_lr,0
5010,records100/05000/05010_lr,0
5011,records100/05000/05011_lr,0
5012,records100/05000/05012_lr,1
5013,records100/05000/05013_lr,0
5014,records100/05000/05014_lr,0
5015,records100/05000/05015_lr,0
5017,records100/05000/05017_lr,1
5019,records100/05000/05019_lr,0
5021,records100/05000/05021_lr,1
5022,records100/05000/05022_lr,1
5024,records100/05000/05024_lr,1
5025,records100/05000/05025_lr,1
5026,records100/05000/05026_lr,0
5029,records100/05000/05029_lr,1
5030,records100/05000/05030_lr,0
5031,records100/05000/05031_lr,1
5032,records100/05000/05032_lr,0
5033,records100/05000/05033_lr,1
5034,records100/05000/05034_lr,1
5035,records100/05000/05035_lr,0
5036,records100/05000/05036_lr,1
5037,records100/05000/05037_lr,0
5038,records100/05000/05038_lr,0
5039,records100/05000/05039_lr,0
5041,records100/05000/05041_lr,0
5043,records100/05000/05043_lr,1
5044,records100/05000/05044_lr,0
5045,records100/05000/05045_lr,1
5049,records100/05000/05049_lr,0
5050,records100/05000/05050_lr,1
5053,records100/05000/05053_lr,1
5055,records100/05000/05055_lr,0
5057,records100/05000/05057_lr,0
5058,records100/05000/05058_lr,1
5060,records100/05000/05060_lr,0
5061,records100/05000/05061_lr,1
5063,records100/05000/05063_lr,0
5064,records100/05000/05064_lr,1
5065,records100/05000/05065_lr,1
5066,records100/05000/05066_lr,0
5067,records100/05000/05067_lr,0
5069,records100/05000/05069_lr,1
5070,records100/05000/05070_lr,1
5071,records100/05000/05071_lr,1
5072,records100/05000/05072_lr,1
5073,records100/05000/05073_lr,1
5079,records100/05000/05079_lr,1
5080,records100/05000/05080_lr,1
5081,records100/05000/05081_lr,0
5082,records100/05000/05082_lr,0
5085,records100/05000/05085_lr,0
5086,records100/05000/05086_lr,0
5090,records100/05000/05090_lr,0
5091,records100/05000/05091_lr,0
5092,records100/05000/05092_lr,1
5093,records100/05000/05093_lr,1
5096,records100/05000/05096_lr,1
5097,records100/05000/05097_lr,0
5098,records100/05000/05098_lr,0
5099,records100/05000/05099_lr,0
5102,records100/05000/05102_lr,0
5104,records100/05000/05104_lr,0
5106,records100/05000/05106_lr,0
5107,records100/05000/05107_lr,0
5109,records100/05000/05109_lr,1
5110,records100/05000/05110_lr,0
5111,records100/05000/05111_lr,1
5112,records100/05000/05112_lr,1
5113,records100/05000/05113_lr,1
5115,records100/05000/05115_lr,0
5116,records100/05000/05116_lr,1
5117,records100/05000/05117_lr,0
5124,records100/05000/05124_lr,1
5126,records100/05000/05126_lr,0
5128,records100/05000/05128_lr,0
5129,records100/05000/05129_lr,1
5131,records100/05000/05131_lr,1
5134,records100/05000/05134_lr,0
5137,records100/05000/05137_lr,1
5139,records100/05000/05139_lr,1
5140,records100/05000/05140_lr,0
5141,records100/05000/05141_lr,0
5142,records100/05000/05142_lr,0
5144,records100/05000/05144_lr,1
5145,records100/05000/05145_lr,1
5146,records100/05000/05146_lr,0
5147,records100/05000/05147_lr,1
5149,records100/05000/05149_lr,1
5151,records100/05000/05151_lr,0
5152,records100/05000/05152_lr,0
5153,records100/05000/05153_lr,1
5154,records100/05000/05154_lr,1
5155,records100/05000/05155_lr,1
5157,records100/05000/05157_lr,1
5158,records100/05000/05158_lr,1
5159,records100/05000/05159_lr,1
5160,records100/05000/05160_lr,1
5161,records100/05000/05161_lr,0
5162,records100/05000/05162_lr,0
5163,records100/05000/05163_lr,1
5164,records100/05000/05164_lr,1
5165,records100/05000/05165_lr,0
5167,records100/05000/05167_lr,1
5169,records100/05000/05169_lr,1
5171,records100/05000/05171_lr,0
5172,records100/05000/05172_lr,0
5173,records100/05000/05173_lr,1
5174,records100/05000/05174_lr,0
5175,records100/05000/05175_lr,1
5176,records100/05000/05176_lr,1
5177,records100/05000/05177_lr,0
5178,records100/05000/05178_lr,0
5179,records100/05000/05179_lr,1
5182,records100/05000/05182_lr,0
5183,records100/05000/05183_lr,0
5184,records100/05000/05184_lr,0
5185,records100/05000/05185_lr,1
5186,records100/05000/05186_lr,1
5187,records100/05000/05187_lr,1
5188,records100/05000/05188_lr,1
5190,records100/05000/05190_lr,0
5192,records100/05000/05192_lr,0
5193,records100/05000/05193_lr,1
5195,records100/05000/05195_lr,0
5196,records100/05000/05196_lr,1
5197,records100/05000/05197_lr,0
5199,records100/05000/05199_lr,0
5200,records100/05000/05200_lr,0
5201,records100/05000/05201_lr,1
5202,records100/05000/05202_lr,1
5204,records100/05000/05204_lr,1
5206,records100/05000/05206_lr,0
5207,records100/05000/05207_lr,0
5210,records100/05000/05210_lr,1
5211,records100/05000/05211_lr,1
5213,records100/05000/05213_lr,0
5214,records100/05000/05214_lr,0
5215,records100/05000/05215_lr,0
5216,records100/05000/05216_lr,1
5217,records100/05000/05217_lr,0
5219,records100/05000/05219_lr,1
5220,records100/05000/05220_lr,0
5221,records100/05000/05221_lr,1
5222,records100/05000/05222_lr,0
5223,records100/05000/05223_lr,0
5224,records100/05000/05224_lr,1
5225,records100/05000/05225_lr,0
5227,records100/05000/05227_lr,0
5228,records100/05000/05228_lr,1
5230,records100/05000/05230_lr,0
5232,records100/05000/05232_lr,0
5233,records100/05000/05233_lr,0
5234,records100/05000/05234_lr,1
5236,records100/05000/05236_lr,0
5239,records100/05000/05239_lr,0
5240,records100/05000/05240_lr,1
5242,records100/05000/05242_lr,0
5243,records100/05000/05243_lr,0
5244,records100/05000/05244_lr,0
5245,records100/05000/05245_lr,0
5246,records100/05000/05246_lr,1
5247,records100/05000/05247_lr,1
5248,records100/05000/05248_lr,1
5250,records100/05000/05250_lr,0
5251,records100/05000/05251_lr,1
5253,records100/05000/05253_lr,0
5255,records100/05000/05255_lr,1
5256,records100/05000/05256_lr,0
5257,records100/05000/05257_lr,1
5258,records100/05000/05258_lr,1
5259,records100/05000/05259_lr,1
5261,records100/05000/05261_lr,0
5262,records100/05000/05262_lr,0
5263,records100/05000/05263_lr,0
5264,records100/05000/05264_lr,1
5265,records100/05000/05265_lr,1
5267,records100/05000/05267_lr,0
5268,records100/05000/05268_lr,1
5269,records100/05000/05269_lr,0
5271,records100/05000/05271_lr,0
5273,records100/05000/05273_lr,0
5275,records100/05000/05275_lr,0
5276,records100/05000/05276_lr,1
5277,records100/05000/05277_lr,1
5281,records100/05000/05281_lr,0
5284,records100/05000/05284_lr,1
5285,records100/05000/05285_lr,0
5286,records100/05000/05286_lr,1
5287,records100/05000/05287_lr,1
5288,records100/05000/05288_lr,0
5290,records100/05000/05290_lr,0
5291,records100/05000/05291_lr,0
5293,records100/05000/05293_lr,1
5294,records100/05000/05294_lr,1
5295,records100/05000/05295_lr,1
5296,records100/05000/05296_lr,1
5297,records100/05000/05297_lr,1
5298,records100/05000/05298_lr,0
5300,records100/05000/05300_lr,0
5302,records100/05000/05302_lr,0
5304,records100/05000/05304_lr,0
5305,records100/05000/05305_lr,0
5306,records100/05000/05306_lr,1
5307,records100/05000/05307_lr,0
5308,records100/05000/05308_lr,0
5309,records100/05000/05309_lr,0
5312,records100/05000/05312_lr,1
5313,records100/05000/05313_lr,0
5315,records100/05000/05315_lr,0
5316,records100/05000/05316_lr,0
5317,records100/05000/05317_lr,1
5318,records100/05000/05318_lr,0
5321,records100/05000/05321_lr,0
5324,records100/05000/05324_lr,0
5326,records100/05000/05326_lr,0
5327,records100/05000/05327_lr,1
5328,records100/05000/05328_lr,0
5329,records100/05000/05329_lr,1
5330,records100/05000/05330_lr,1
5331,records100/05000/05331_lr,0
5332,records100/05000/05332_lr,0
5333,records100/05000/05333_lr,1
5336,records100/05000/05336_lr,0
5343,records100/05000/05343_lr,1
5344,records100/05000/05344_lr,0
5345,records100/05000/05345_lr,0
5346,records100/05000/05346_lr,0
5347,records100/05000/05347_lr,1
5349,records100/05000/05349_lr,1
5350,records100/05000/05350_lr,0
5351,records100/05000/05351_lr,1
5355,records100/05000/05355_lr,0
5356,records100/05000/05356_lr,1
5357,records100/05000/05357_lr,1
5360,records100/05000/05360_lr,1
5363,records100/05000/05363_lr,0
5365,records100/05000/05365_lr,1
5366,records100/05000/05366_lr,1
5368,records100/05000/05368_lr,1
5369,records100/05000/05369_lr,0
5370,records100/05000/05370_lr,0
5371,records100/05000/05371_lr,0
5373,records100/05000/05373_lr,0
5375,records100/05000/05375_lr,0
5377,records100/05000/05377_lr,0
5378,records100/05000/05378_lr,0
5380,records100/05000/05380_lr,0
5381,records100/05000/05381_lr,0
5382,records100/05000/05382_lr,0
5383,records100/05000/05383_lr,0
5385,records100/05000/05385_lr,0
5386,records100/05000/05386_lr,1
5387,records100/05000/05387_lr,0
5389,records100/05000/05389_lr,0
5391,records100/05000/05391_lr,0
5392,records100/05000/05392_lr,1
5393,records100/05000/05393_lr,0
5395,records100/05000/05395_lr,0
5397,records100/05000/05397_lr,1
5398,records100/05000/05398_lr,1
5399,records100/05000/05399_lr,0
5400,records100/05000/05400_lr,0
5401,records100/05000/05401_lr,0
5403,records100/05000/05403_lr,0
5404,records100/05000/05404_lr,1
5405,records100/05000/05405_lr,0
5406,records100/05000/05406_lr,0
5409,records100/05000/05409_lr,1
5410,records100/05000/05410_lr,0
5412,records100/05000/05412_lr,0
5413,records100/05000/05413_lr,1
5414,records100/05000/05414_lr,0
5415,records100/05000/05415_lr,0
5416,records100/05000/05416_lr,0
5417,records100/05000/05417_lr,1
5418,records100/05000/05418_lr,0
5420,records100/05000/05420_lr,0
5421,records100/05000/05421_lr,0
5422,records100/05000/05422_lr,1
5423,records100/05000/05423_lr,1
5425,records100/05000/05425_lr,0
5426,records100/05000/05426_lr,0
5427,records100/05000/05427_lr,0
5428,records100/05000/05428_lr,0
5430,records100/05000/05430_lr,0
5431,records100/05000/05431_lr,0
5433,records100/05000/05433_lr,1
5434,records100/05000/05434_lr,0
5435,records100/05000/05435_lr,0
5436,records100/05000/05436_lr,0
5438,records100/05000/05438_lr,0
5440,records100/05000/05440_lr,0
5441,records100/05000/05441_lr,1
5442,records100/05000/05442_lr,0
5443,records100/05000/05443_lr,0
5444,records100/05000/05444_lr,1
5446,records100/05000/05446_lr,0
5447,records100/05000/05447_lr,0
5448,records100/05000/05448_lr,0
5449,records100/05000/05449_lr,1
5452,records100/05000/05452_lr,0
5453,records100/05000/05453_lr,0
5454,records100/05000/05454_lr,1
5457,records100/05000/05457_lr,0
5459,records100/05000/05459_lr,0
5460,records100/05000/05460_lr,0
5461,records100/05000/05461_lr,1
5462,records100/05000/05462_lr,0
5463,records100/05000/05463_lr,0
5464,records100/05000/05464_lr,1
5466,records100/05000/05466_lr,0
5467,records100/05000/05467_lr,0
5468,records100/05000/05468_lr,0
5469,records100/05000/05469_lr,0
5470,records100/05000/05470_lr,1
5471,records100/05000/05471_lr,0
5474,records100/05000/05474_lr,1
5475,records100/05000/05475_lr,0
5477,records100/05000/05477_lr,0
5478,records100/05000/05478_lr,1
5479,records100/05000/05479_lr,1
5481,records100/05000/05481_lr,0
5482,records100/05000/05482_lr,0
5483,records100/05000/05483_lr,0
5484,records100/05000/05484_lr,0
5486,records100/05000/05486_lr,0
5487,records100/05000/05487_lr,0
5489,records100/05000/05489_lr,1
5490,records100/05000/05490_lr,0
5491,records100/05000/05491_lr,0
5492,records100/05000/05492_lr,1
5493,records100/05000/05493_lr,1
5494,records100/05000/05494_lr,1
5495,records100/05000/05495_lr,1
5497,records100/05000/05497_lr,1
5498,records100/05000/05498_lr,1
5499,records100/05000/05499_lr,0
5500,records100/05000/05500_lr,0
5501,records100/05000/05501_lr,1
5503,records100/05000/05503_lr,0
5505,records100/05000/05505_lr,0
5506,records100/05000/05506_lr,0
5507,records100/05000/05507_lr,0
5508,records100/05000/05508_lr,0
5509,records100/05000/05509_lr,0
5511,records100/05000/05511_lr,1
5512,records100/05000/05512_lr,0
5513,records100/05000/05513_lr,1
5514,records100/05000/05514_lr,0
5516,records100/05000/05516_lr,0
5519,records100/05000/05519_lr,0
5524,records100/05000/05524_lr,0
5525,records100/05000/05525_lr,0
5526,records100/05000/05526_lr,1
5527,records100/05000/05527_lr,1
5529,records100/05000/05529_lr,0
5530,records100/05000/05530_lr,0
5531,records100/05000/05531_lr,0
5534,records100/05000/05534_lr,0
5535,records100/05000/05535_lr,1
5536,records100/05000/05536_lr,0
5537,records100/05000/05537_lr,1
5539,records100/05000/05539_lr,0
5542,records100/05000/05542_lr,0
5543,records100/05000/05543_lr,1
5548,records100/05000/05548_lr,0
5549,records100/05000/05549_lr,0
5550,records100/05000/05550_lr,0
5551,records100/05000/05551_lr,0
5552,records100/05000/05552_lr,0
5553,records100/05000/05553_lr,1
5555,records100/05000/05555_lr,0
5556,records100/05000/05556_lr,0
5557,records100/05000/05557_lr,0
5558,records100/05000/05558_lr,0
5559,records100/05000/05559_lr,0
5560,records100/05000/05560_lr,1
5561,records100/05000/05561_lr,0
5562,records100/05000/05562_lr,0
5563,records100/05000/05563_lr,0
5564,records100/05000/05564_lr,0
5565,records100/05000/05565_lr,0
5566,records100/05000/05566_lr,0
5567,records100/05000/05567_lr,0
5568,records100/05000/05568_lr,0
5570,records100/05000/05570_lr,1
5573,records100/05000/05573_lr,1
5574,records100/05000/05574_lr,1
5576,records100/05000/05576_lr,0
5577,records100/05000/05577_lr,0
5578,records100/05000/05578_lr,0
5579,records100/05000/05579_lr,0
5580,records100/05000/05580_lr,0
5581,records100/05000/05581_lr,0
5583,records100/05000/05583_lr,0
5584,records100/05000/05584_lr,0
5585,records100/05000/05585_lr,0
5587,records100/05000/05587_lr,0
5588,records100/05000/05588_lr,1
5589,records100/05000/05589_lr,0
5590,records100/05000/05590_lr,1
5591,records100/05000/05591_lr,1
5592,records100/05000/05592_lr,0
5593,records100/05000/05593_lr,1
5594,records100/05000/05594_lr,1
5595,records100/05000/05595_lr,0
5596,records100/05000/05596_lr,0
5598,records100/05000/05598_lr,1
5599,records100/05000/05599_lr,1
5600,records100/05000/05600_lr,0
5602,records100/05000/05602_lr,1
5604,records100/05000/05604_lr,0
5605,records100/05000/05605_lr,0
5607,records100/05000/05607_lr,0
5608,records100/05000/05608_lr,0
5609,records100/05000/05609_lr,0
5610,records100/05000/05610_lr,0
5611,records100/05000/05611_lr,0
5612,records100/05000/05612_lr,0
5613,records100/05000/05613_lr,1
5614,records100/05000/05614_lr,1
5615,records100/05000/05615_lr,1
5616,records100/05000/05616_lr,1
5617,records100/05000/05617_lr,0
5618,records100/05000/05618_lr,0
5621,records100/05000/05621_lr,0
5622,records100/05000/05622_lr,0
5626,records100/05000/05626_lr,0
5627,records100/05000/05627_lr,0
5628,records100/05000/05628_lr,1
5629,records100/05000/05629_lr,1
5630,records100/05000/05630_lr,0
5632,records100/05000/05632_lr,1
5633,records100/05000/05633_lr,1
5635,records100/05000/05635_lr,1
5636,records100/05000/05636_lr,1
5637,records100/05000/05637_lr,1
5638,records100/05000/05638_lr,0
5640,records100/05000/05640_lr,1
5641,records100/05000/05641_lr,0
5642,records100/05000/05642_lr,0
5643,records100/05000/05643_lr,0
5645,records100/05000/05645_lr,1
5649,records100/05000/05649_lr,0
5651,records100/05000/05651_lr,0
5652,records100/05000/05652_lr,0
5653,records100/05000/05653_lr,0
5654,records100/05000/05654_lr,0
5655,records100/05000/05655_lr,0
5662,records100/05000/05662_lr,0
5664,records100/05000/05664_lr,1
5665,records100/05000/05665_lr,1
5666,records100/05000/05666_lr,0
5667,records100/05000/05667_lr,1
5668,records100/05000/05668_lr,0
5669,records100/05000/05669_lr,1
5670,records100/05000/05670_lr,1
5671,records100/05000/05671_lr,0
5672,records100/05000/05672_lr,0
5673,records100/05000/05673_lr,1
5674,records100/05000/05674_lr,1
5675,records100/05000/05675_lr,0
5676,records100/05000/05676_lr,1
5677,records100/05000/05677_lr,1
5678,records100/05000/05678_lr,1
5680,records100/05000/05680_lr,1
5681,records100/05000/05681_lr,0
5684,records100/05000/05684_lr,1
5688,records100/05000/05688_lr,1
5689,records100/05000/05689_lr,0
5690,records100/05000/05690_lr,1
5691,records100/05000/05691_lr,1
5692,records100/05000/05692_lr,0
5693,records100/05000/05693_lr,0
5694,records100/05000/05694_lr,1
5695,records100/05000/05695_lr,0
5697,records100/05000/05697_lr,0
5698,records100/05000/05698_lr,1
5699,records100/05000/05699_lr,0
5700,records100/05000/05700_lr,1
5701,records100/05000/05701_lr,0
5702,records100/05000/05702_lr,0
5703,records100/05000/05703_lr,1
5704,records100/05000/05704_lr,0
5705,records100/05000/05705_lr,0
5706,records100/05000/05706_lr,1
5707,records100/05000/05707_lr,0
5708,records100/05000/05708_lr,0
5709,records100/05000/05709_lr,1
5710,records100/05000/05710_lr,0
5711,records100/05000/05711_lr,0
5712,records100/05000/05712_lr,1
5716,records100/05000/05716_lr,1
5718,records100/05000/05718_lr,0
5721,records100/05000/05721_lr,0
5723,records100/05000/05723_lr,0
5724,records100/05000/05724_lr,0
5725,records100/05000/05725_lr,0
5726,records100/05000/05726_lr,0
5727,records100/05000/05727_lr,0
5730,records100/05000/05730_lr,1
5731,records100/05000/05731_lr,0
5733,records100/05000/05733_lr,0
5734,records100/05000/05734_lr,1
5735,records100/05000/05735_lr,0
5737,records100/05000/05737_lr,0
5738,records100/05000/05738_lr,0
5740,records100/05000/05740_lr,1
5741,records100/05000/05741_lr,0
5742,records100/05000/05742_lr,1
5743,records100/05000/05743_lr,0
5744,records100/05000/05744_lr,0
5746,records100/05000/05746_lr,0
5747,records100/05000/05747_lr,0
5748,records100/05000/05748_lr,1
5749,records100/05000/05749_lr,1
5750,records100/05000/05750_lr,0
5751,records100/05000/05751_lr,0
5753,records100/05000/05753_lr,0
5754,records100/05000/05754_lr,1
5755,records100/05000/05755_lr,1
5758,records100/05000/05758_lr,0
5759,records100/05000/05759_lr,0
5760,records100/05000/05760_lr,1
5761,records100/05000/05761_lr,1
5763,records100/05000/05763_lr,1
5766,records100/05000/05766_lr,1
5767,records100/05000/05767_lr,0
5769,records100/05000/05769_lr,1
5770,records100/05000/05770_lr,0
5771,records100/05000/05771_lr,0
5772,records100/05000/05772_lr,1
5777,records100/05000/05777_lr,1
5778,records100/05000/05778_lr,0
5779,records100/05000/05779_lr,0
5780,records100/05000/05780_lr,0
5781,records100/05000/05781_lr,0
5782,records100/05000/05782_lr,0
5783,records100/05000/05783_lr,0
5784,records100/05000/05784_lr,0
5785,records100/05000/05785_lr,1
5788,records100/05000/05788_lr,0
5789,records100/05000/05789_lr,1
5790,records100/05000/05790_lr,1
5791,records100/05000/05791_lr,0
5792,records100/05000/05792_lr,0
5793,records100/05000/05793_lr,1
5795,records100/05000/05795_lr,0
5796,records100/05000/05796_lr,0
5797,records100/05000/05797_lr,1
5798,records100/05000/05798_lr,0
5799,records100/05000/05799_lr,0
5802,records100/05000/05802_lr,0
5803,records100/05000/05803_lr,0
5805,records100/05000/05805_lr,0
5806,records100/05000/05806_lr,1
5808,records100/05000/05808_lr,0
5809,records100/05000/05809_lr,0
5810,records100/05000/05810_lr,1
5811,records100/05000/05811_lr,0
5812,records100/05000/05812_lr,0
5813,records100/05000/05813_lr,0
5814,records100/05000/05814_lr,0
5815,records100/05000/05815_lr,0
5816,records100/05000/05816_lr,0
5818,records100/05000/05818_lr,1
5819,records100/05000/05819_lr,0
5820,records100/05000/05820_lr,0
5822,records100/05000/05822_lr,0
5824,records100/05000/05824_lr,0
5825,records100/05000/05825_lr,0
5826,records100/05000/05826_lr,1
5828,records100/05000/05828_lr,0
5829,records100/05000/05829_lr,0
5831,records100/05000/05831_lr,0
5834,records100/05000/05834_lr,0
5835,records100/05000/05835_lr,0
5836,records100/05000/05836_lr,0
5837,records100/05000/05837_lr,0
5843,records100/05000/05843_lr,0
5844,records100/05000/05844_lr,1
5845,records100/05000/05845_lr,0
5846,records100/05000/05846_lr,0
5847,records100/05000/05847_lr,1
5849,records100/05000/05849_lr,0
5850,records100/05000/05850_lr,0
5851,records100/05000/05851_lr,1
5852,records100/05000/05852_lr,0
5853,records100/05000/05853_lr,0
5854,records100/05000/05854_lr,1
5855,records100/05000/05855_lr,0
5856,records100/05000/05856_lr,1
5857,records100/05000/05857_lr,1
5862,records100/05000/05862_lr,1
5863,records100/05000/05863_lr,1
5864,records100/05000/05864_lr,0
5869,records100/05000/05869_lr,0
5870,records100/05000/05870_lr,0
5874,records100/05000/05874_lr,1
5875,records100/05000/05875_lr,0
5878,records100/05000/05878_lr,1
5880,records100/05000/05880_lr,1
5882,records100/05000/05882_lr,0
5883,records100/05000/05883_lr,1
5884,records100/05000/05884_lr,1
5885,records100/05000/05885_lr,1
5887,records100/05000/05887_lr,0
5889,records100/05000/05889_lr,1
5890,records100/05000/05890_lr,0
5891,records100/05000/05891_lr,1
5892,records100/05000/05892_lr,1
5893,records100/05000/05893_lr,0
5894,records100/05000/05894_lr,1
5895,records100/05000/05895_lr,1
5896,records100/05000/05896_lr,0
5897,records100/05000/05897_lr,0
5898,records100/05000/05898_lr,0
5900,records100/05000/05900_lr,0
5901,records100/05000/05901_lr,0
5902,records100/05000/05902_lr,1
5903,records100/05000/05903_lr,0
5904,records100/05000/05904_lr,0
5906,records100/05000/05906_lr,0
5907,records100/05000/05907_lr,0
5909,records100/05000/05909_lr,1
5910,records100/05000/05910_lr,0
5914,records100/05000/05914_lr,0
5915,records100/05000/05915_lr,0
5916,records100/05000/05916_lr,0
5917,records100/05000/05917_lr,0
5918,records100/05000/05918_lr,0
5919,records100/05000/05919_lr,0
5921,records100/05000/05921_lr,0
5922,records100/05000/05922_lr,0
5923,records100/05000/05923_lr,0
5924,records100/05000/05924_lr,0
5927,records100/05000/05927_lr,1
5928,records100/05000/05928_lr,0
5929,records100/05000/05929_lr,0
5931,records100/05000/05931_lr,0
5932,records100/05000/05932_lr,0
5933,records100/05000/05933_lr,0
5935,records100/05000/05935_lr,0
5936,records100/05000/05936_lr,1
5938,records100/05000/05938_lr,0
5939,records100/05000/05939_lr,1
5944,records100/05000/05944_lr,0
5945,records100/05000/05945_lr,0
5946,records100/05000/05946_lr,0
5947,records100/05000/05947_lr,0
5948,records100/05000/05948_lr,0
5954,records100/05000/05954_lr,0
5956,records100/05000/05956_lr,0
5957,records100/05000/05957_lr,1
5958,records100/05000/05958_lr,1
5959,records100/05000/05959_lr,0
5960,records100/05000/05960_lr,0
5961,records100/05000/05961_lr,0
5962,records100/05000/05962_lr,0
5963,records100/05000/05963_lr,0
5964,records100/05000/05964_lr,0
5968,records100/05000/05968_lr,0
5969,records100/05000/05969_lr,0
5970,records100/05000/05970_lr,0
5972,records100/05000/05972_lr,0
5973,records100/05000/05973_lr,0
5974,records100/05000/05974_lr,0
5975,records100/05000/05975_lr,0
5976,records100/05000/05976_lr,0
5977,records100/05000/05977_lr,0
5978,records100/05000/05978_lr,0
5979,records100/05000/05979_lr,0
5980,records100/05000/05980_lr,0
5981,records100/05000/05981_lr,0
5983,records100/05000/05983_lr,1
5984,records100/05000/05984_lr,0
5986,records100/05000/05986_lr,0
5987,records100/05000/05987_lr,0
5988,records100/05000/05988_lr,0
5989,records100/05000/05989_lr,0
5990,records100/05000/05990_lr,1
5992,records100/05000/05992_lr,0
5993,records100/05000/05993_lr,1
5998,records100/05000/05998_lr,1
5999,records100/05000/05999_lr,0
6000,records100/06000/06000_lr,0
6002,records100/06000/06002_lr,0
6003,records100/06000/06003_lr,0
6004,records100/06000/06004_lr,0
6005,records100/06000/06005_lr,0
6006,records100/06000/06006_lr,0
6007,records100/06000/06007_lr,0
6008,records100/06000/06008_lr,0
6009,records100/06000/06009_lr,0
6010,records100/06000/06010_lr,0
6011,records100/06000/06011_lr,1
6012,records100/06000/06012_lr,0
6013,records100/06000/06013_lr,0
6015,records100/06000/06015_lr,1
6016,records100/06000/06016_lr,0
6018,records100/06000/06018_lr,1
6023,records100/06000/06023_lr,0
6024,records100/06000/06024_lr,0
6025,records100/06000/06025_lr,1
6026,records100/06000/06026_lr,0
6028,records100/06000/06028_lr,0
6030,records100/06000/06030_lr,0
6031,records100/06000/06031_lr,0
6032,records100/06000/06032_lr,1
6034,records100/06000/06034_lr,0
6035,records100/06000/06035_lr,0
6036,records100/06000/06036_lr,0
6037,records100/06000/06037_lr,0
6039,records100/06000/06039_lr,0
6040,records100/06000/06040_lr,0
6041,records100/06000/06041_lr,0
6042,records100/06000/06042_lr,1
6043,records100/06000/06043_lr,0
6046,records100/06000/06046_lr,0
6047,records100/06000/06047_lr,0
6048,records100/06000/06048_lr,1
6049,records100/06000/06049_lr,1
6050,records100/06000/06050_lr,0
6052,records100/06000/06052_lr,0
6053,records100/06000/06053_lr,0
6054,records100/06000/06054_lr,0
6055,records100/06000/06055_lr,0
6056,records100/06000/06056_lr,1
6059,records100/06000/06059_lr,0
6061,records100/06000/06061_lr,0
6063,records100/06000/06063_lr,0
6065,records100/06000/06065_lr,1
6066,records100/06000/06066_lr,0
6067,records100/06000/06067_lr,1
6069,records100/06000/06069_lr,0
6070,records100/06000/06070_lr,1
6071,records100/06000/06071_lr,0
6072,records100/06000/06072_lr,0
6074,records100/06000/06074_lr,0
6075,records100/06000/06075_lr,0
6076,records100/06000/06076_lr,0
6077,records100/06000/06077_lr,0
6078,records100/06000/06078_lr,1
6079,records100/06000/06079_lr,0
6080,records100/06000/06080_lr,0
6082,records100/06000/06082_lr,1
6083,records100/06000/06083_lr,0
6085,records100/06000/06085_lr,1
6087,records100/06000/06087_lr,0
6088,records100/06000/06088_lr,1
6089,records100/06000/06089_lr,0
6091,records100/06000/06091_lr,1
6092,records100/06000/06092_lr,0
6093,records100/06000/06093_lr,0
6094,records100/06000/06094_lr,0
6095,records100/06000/06095_lr,0
6097,records100/06000/06097_lr,0
6099,records100/06000/06099_lr,0
6100,records100/06000/06100_lr,0
6101,records100/06000/06101_lr,0
6103,records100/06000/06103_lr,0
6105,records100/06000/06105_lr,0
6107,records100/06000/06107_lr,0
6108,records100/06000/06108_lr,1
6109,records100/06000/06109_lr,0
6110,records100/06000/06110_lr,0
6111,records100/06000/06111_lr,0
6112,records100/06000/06112_lr,1
6114,records100/06000/06114_lr,0
6115,records100/06000/06115_lr,1
6118,records100/06000/06118_lr,0
6119,records100/06000/06119_lr,0
6120,records100/06000/06120_lr,1
6121,records100/06000/06121_lr,0
6125,records100/06000/06125_lr,0
6126,records100/06000/06126_lr,1
6128,records100/06000/06128_lr,0
6129,records100/06000/06129_lr,0
6131,records100/06000/06131_lr,0
6133,records100/06000/06133_lr,0
6136,records100/06000/06136_lr,1
6137,records100/06000/06137_lr,0
6138,records100/06000/06138_lr,0
6139,records100/06000/06139_lr,0
6143,records100/06000/06143_lr,0
6144,records100/06000/06144_lr,1
6145,records100/06000/06145_lr,0
6147,records100/06000/06147_lr,0
6148,records100/06000/06148_lr,0
6149,records100/06000/06149_lr,0
6150,records100/06000/06150_lr,1
6151,records100/06000/06151_lr,0
6152,records100/06000/06152_lr,0
6156,records100/06000/06156_lr,0
6159,records100/06000/06159_lr,0
6160,records100/06000/06160_lr,0
6163,records100/06000/06163_lr,1
6164,records100/06000/06164_lr,1
6165,records100/06000/06165_lr,0
6166,records100/06000/06166_lr,0
6167,records100/06000/06167_lr,1
6168,records100/06000/06168_lr,0
6169,records100/06000/06169_lr,0
6170,records100/06000/06170_lr,0
6171,records100/06000/06171_lr,0
6172,records100/06000/06172_lr,1
6173,records100/06000/06173_lr,1
6176,records100/06000/06176_lr,0
6178,records100/06000/06178_lr,0
6181,records100/06000/06181_lr,0
6182,records100/06000/06182_lr,0
6183,records100/06000/06183_lr,0
6184,records100/06000/06184_lr,0
6185,records100/06000/06185_lr,1
6186,records100/06000/06186_lr,1
6187,records100/06000/06187_lr,0
6188,records100/06000/06188_lr,0
6189,records100/06000/06189_lr,0
6191,records100/06000/06191_lr,0
6193,records100/06000/06193_lr,0
6195,records100/06000/06195_lr,1
6196,records100/06000/06196_lr,0
6197,records100/06000/06197_lr,1
6199,records100/06000/06199_lr,1
6200,records100/06000/06200_lr,0
6202,records100/06000/06202_lr,0
6203,records100/06000/06203_lr,1
6204,records100/06000/06204_lr,0
6206,records100/06000/06206_lr,1
6207,records100/06000/06207_lr,0
6208,records100/06000/06208_lr,0
6209,records100/06000/06209_lr,0
6210,records100/06000/06210_lr,1
6211,records100/06000/06211_lr,1
6212,records100/06000/06212_lr,1
6213,records100/06000/06213_lr,0
6214,records100/06000/06214_lr,0
6215,records100/06000/06215_lr,0
6216,records100/06000/06216_lr,0
6217,records100/06000/06217_lr,0
6218,records100/06000/06218_lr,1
6219,records100/06000/06219_lr,0
6220,records100/06000/06220_lr,0
6221,records100/06000/06221_lr,1
6222,records100/06000/06222_lr,0
6224,records100/06000/06224_lr,1
6227,records100/06000/06227_lr,0
6228,records100/06000/06228_lr,1
6229,records100/06000/06229_lr,1
6230,records100/06000/06230_lr,1
6231,records100/06000/06231_lr,1
6232,records100/06000/06232_lr,0
6234,records100/06000/06234_lr,0
6235,records100/06000/06235_lr,0
6237,records100/06000/06237_lr,0
6238,records100/06000/06238_lr,0
6239,records100/06000/06239_lr,0
6241,records100/06000/06241_lr,1
6242,records100/06000/06242_lr,1
6243,records100/06000/06243_lr,0
6246,records100/06000/06246_lr,0
6248,records100/06000/06248_lr,0
6249,records100/06000/06249_lr,0
6251,records100/06000/06251_lr,1
6254,records100/06000/06254_lr,1
6255,records100/06000/06255_lr,1
6256,records100/06000/06256_lr,0
6257,records100/06000/06257_lr,1
6258,records100/06000/06258_lr,0
6259,records100/06000/06259_lr,1
6260,records100/06000/06260_lr,0
6261,records100/06000/06261_lr,0
6262,records100/06000/06262_lr,0
6263,records100/06000/06263_lr,0
6264,records100/06000/06264_lr,0
6265,records100/06000/06265_lr,0
6266,records100/06000/06266_lr,0
6268,records100/06000/06268_lr,0
6271,records100/06000/06271_lr,0
6272,records100/06000/06272_lr,0
6273,records100/06000/06273_lr,1
6274,records100/06000/06274_lr,0
6275,records100/06000/06275_lr,1
6276,records100/06000/06276_lr,1
6277,records100/06000/06277_lr,0
6278,records100/06000/06278_lr,0
6279,records100/06000/06279_lr,0
6280,records100/06000/06280_lr,1
6281,records100/06000/06281_lr,0
6283,records100/06000/06283_lr,1
6285,records100/06000/06285_lr,1
6286,records100/06000/06286_lr,0
6287,records100/06000/06287_lr,1
6288,records100/06000/06288_lr,1
6289,records100/06000/06289_lr,0
6290,records100/06000/06290_lr,1
6291,records100/06000/06291_lr,1
6292,records100/06000/06292_lr,1
6293,records100/06000/06293_lr,0
6294,records100/06000/06294_lr,0
6295,records100/06000/06295_lr,0
6296,records100/06000/06296_lr,0
6298,records100/06000/06298_lr,0
6299,records100/06000/06299_lr,0
6301,records100/06000/06301_lr,0
6302,records100/06000/06302_lr,1
6303,records100/06000/06303_lr,1
6305,records100/06000/06305_lr,1
6306,records100/06000/06306_lr,1
6307,records100/06000/06307_lr,0
6308,records100/06000/06308_lr,0
6309,records100/06000/06309_lr,0
6311,records100/06000/06311_lr,0
6312,records100/06000/06312_lr,0
6313,records100/06000/06313_lr,1
6316,records100/06000/06316_lr,0
6317,records100/06000/06317_lr,0
6318,records100/06000/06318_lr,1
6320,records100/06000/06320_lr,0
6321,records100/06000/06321_lr,0
6323,records100/06000/06323_lr,0
6324,records100/06000/06324_lr,0
6325,records100/06000/06325_lr,1
6326,records100/06000/06326_lr,0
6328,records100/06000/06328_lr,0
6329,records100/06000/06329_lr,0
6330,records100/06000/06330_lr,0
6331,records100/06000/06331_lr,1
6333,records100/06000/06333_lr,0
6336,records100/06000/06336_lr,0
6337,records100/06000/06337_lr,1
6338,records100/06000/06338_lr,1
6339,records100/06000/06339_lr,1
6340,records100/06000/06340_lr,0
6341,records100/06000/06341_lr,0
6344,records100/06000/06344_lr,0
6346,records100/06000/06346_lr,0
6348,records100/06000/06348_lr,0
6350,records100/06000/06350_lr,1
6351,records100/06000/06351_lr,0
6353,records100/06000/06353_lr,1
6354,records100/06000/06354_lr,0
6355,records100/06000/06355_lr,1
6357,records100/06000/06357_lr,0
6358,records100/06000/06358_lr,0
6360,records100/06000/06360_lr,0
6361,records100/06000/06361_lr,0
6362,records100/06000/06362_lr,0
6363,records100/06000/06363_lr,0
6364,records100/06000/06364_lr,0
6365,records100/06000/06365_lr,0
6367,records100/06000/06367_lr,0
6368,records100/06000/06368_lr,0
6370,records100/06000/06370_lr,0
6372,records100/06000/06372_lr,0
6373,records100/06000/06373_lr,1
6374,records100/06000/06374_lr,0
6378,records100/06000/06378_lr,0
6381,records100/06000/06381_lr,0
6383,records100/06000/06383_lr,0
6384,records100/06000/06384_lr,1
6385,records100/06000/06385_lr,0
6387,records100/06000/06387_lr,1
6388,records100/06000/06388_lr,0
6390,records100/06000/06390_lr,0
6391,records100/06000/06391_lr,0
6392,records100/06000/06392_lr,1
6393,records100/06000/06393_lr,0
6394,records100/06000/06394_lr,1
6399,records100/06000/06399_lr,0
6400,records100/06000/06400_lr,0
6401,records100/06000/06401_lr,0
6402,records100/06000/06402_lr,0
6404,records100/06000/06404_lr,1
6406,records100/06000/06406_lr,0
6407,records100/06000/06407_lr,0
6408,records100/06000/06408_lr,0
6409,records100/06000/06409_lr,1
6410,records100/06000/06410_lr,1
6411,records100/06000/06411_lr,1
6413,records100/06000/06413_lr,0
6414,records100/06000/06414_lr,0
6415,records100/06000/06415_lr,0
6417,records100/06000/06417_lr,1
6418,records100/06000/06418_lr,0
6419,records100/06000/06419_lr,0
6420,records100/06000/06420_lr,0
6421,records100/06000/06421_lr,0
6423,records100/06000/06423_lr,0
6425,records100/06000/06425_lr,0
6426,records100/06000/06426_lr,1
6429,records100/06000/06429_lr,0
6430,records100/06000/06430_lr,0
6431,records100/06000/06431_lr,0
6432,records100/06000/06432_lr,1
6434,records100/06000/06434_lr,0
6436,records100/06000/06436_lr,0
6437,records100/06000/06437_lr,0
6438,records100/06000/06438_lr,0
6440,records100/06000/06440_lr,0
6441,records100/06000/06441_lr,0
6442,records100/06000/06442_lr,0
6443,records100/06000/06443_lr,0
6445,records100/06000/06445_lr,1
6446,records100/06000/06446_lr,1
6448,records100/06000/06448_lr,0
6450,records100/06000/06450_lr,1
6454,records100/06000/06454_lr,1
6455,records100/06000/06455_lr,0
6456,records100/06000/06456_lr,1
6457,records100/06000/06457_lr,0
6458,records100/06000/06458_lr,0
6461,records100/06000/06461_lr,0
6462,records100/06000/06462_lr,0
6463,records100/06000/06463_lr,0
6464,records100/06000/06464_lr,0
6465,records100/06000/06465_lr,0
6466,records100/06000/06466_lr,0
6467,records100/06000/06467_lr,1
6469,records100/06000/06469_lr,1
6470,records100/06000/06470_lr,0
6474,records100/06000/06474_lr,0
6477,records100/06000/06477_lr,0
6480,records100/06000/06480_lr,1
6481,records100/06000/06481_lr,0
6482,records100/06000/06482_lr,0
6485,records100/06000/06485_lr,0
6487,records100/06000/06487_lr,1
6488,records100/06000/06488_lr,0
6489,records100/06000/06489_lr,0
6492,records100/06000/06492_lr,0
6493,records100/06000/06493_lr,0
6496,records100/06000/06496_lr,0
6497,records100/06000/06497_lr,0
6498,records100/06000/06498_lr,0
6499,records100/06000/06499_lr,0
6500,records100/06000/06500_lr,1
6501,records100/06000/06501_lr,0
6502,records100/06000/06502_lr,0
6503,records100/06000/06503_lr,0
6506,records100/06000/06506_lr,1
6512,records100/06000/06512_lr,1
6513,records100/06000/06513_lr,0
6514,records100/06000/06514_lr,0
6516,records100/06000/06516_lr,0
6518,records100/06000/06518_lr,0
6520,records100/06000/06520_lr,1
6523,records100/06000/06523_lr,1
6524,records100/06000/06524_lr,0
6525,records100/06000/06525_lr,0
6527,records100/06000/06527_lr,1
6528,records100/06000/06528_lr,0
6529,records100/06000/06529_lr,0
6532,records100/06000/06532_lr,1
6534,records100/06000/06534_lr,0
6535,records100/06000/06535_lr,0
6536,records100/06000/06536_lr,1
6538,records100/06000/06538_lr,1
6539,records100/06000/06539_lr,0
6540,records100/06000/06540_lr,1
6541,records100/06000/06541_lr,0
6543,records100/06000/06543_lr,1
6544,records100/06000/06544_lr,1
6545,records100/06000/06545_lr,1
6546,records100/06000/06546_lr,1
6547,records100/06000/06547_lr,1
6549,records100/06000/06549_lr,0
6550,records100/06000/06550_lr,0
6552,records100/06000/06552_lr,1
6553,records100/06000/06553_lr,0
6555,records100/06000/06555_lr,0
6556,records100/06000/06556_lr,1
6557,records100/06000/06557_lr,1
6558,records100/06000/06558_lr,1
6559,records100/06000/06559_lr,1
6564,records100/06000/06564_lr,0
6565,records100/06000/06565_lr,0
6566,records100/06000/06566_lr,0
6567,records100/06000/06567_lr,0
6568,records100/06000/06568_lr,0
6569,records100/06000/06569_lr,1
6570,records100/06000/06570_lr,0
6571,records100/06000/06571_lr,0
6573,records100/06000/06573_lr,0
6574,records100/06000/06574_lr,0
6577,records100/06000/06577_lr,0
6578,records100/06000/06578_lr,1
6580,records100/06000/06580_lr,1
6583,records100/06000/06583_lr,0
6584,records100/06000/06584_lr,0
6585,records100/06000/06585_lr,1
6587,records100/06000/06587_lr,0
6593,records100/06000/06593_lr,0
6595,records100/06000/06595_lr,1
6597,records100/06000/06597_lr,0
6598,records100/06000/06598_lr,0
6600,records100/06000/06600_lr,0
6601,records100/06000/06601_lr,0
6603,records100/06000/06603_lr,0
6604,records100/06000/06604_lr,0
6606,records100/06000/06606_lr,1
6609,records100/06000/06609_lr,1
6610,records100/06000/06610_lr,0
6611,records100/06000/06611_lr,0
6612,records100/06000/06612_lr,0
6613,records100/06000/06613_lr,0
6614,records100/06000/06614_lr,0
6617,records100/06000/06617_lr,0
6618,records100/06000/06618_lr,0
6619,records100/06000/06619_lr,0
6620,records100/06000/06620_lr,0
6622,records100/06000/06622_lr,0
6623,records100/06000/06623_lr,0
6625,records100/06000/06625_lr,1
6626,records100/06000/06626_lr,0
6628,records100/06000/06628_lr,1
6629,records100/06000/06629_lr,1
6630,records100/06000/06630_lr,1
6632,records100/06000/06632_lr,1
6633,records100/06000/06633_lr,1
6636,records100/06000/06636_lr,0
6637,records100/06000/06637_lr,0
6639,records100/06000/06639_lr,0
6640,records100/06000/06640_lr,0
6641,records100/06000/06641_lr,0
6642,records100/06000/06642_lr,1
6645,records100/06000/06645_lr,0
6646,records100/06000/06646_lr,0
6649,records100/06000/06649_lr,1
6650,records100/06000/06650_lr,0
6651,records100/06000/06651_lr,0
6653,records100/06000/06653_lr,0
6654,records100/06000/06654_lr,1
6655,records100/06000/06655_lr,0
6656,records100/06000/06656_lr,0
6657,records100/06000/06657_lr,0
6658,records100/06000/06658_lr,0
6659,records100/06000/06659_lr,0
6660,records100/06000/06660_lr,0
6663,records100/06000/06663_lr,1
6666,records100/06000/06666_lr,1
6667,records100/06000/06667_lr,0
6668,records100/06000/06668_lr,0
6669,records100/06000/06669_lr,1
6670,records100/06000/06670_lr,0
6671,records100/06000/06671_lr,1
6672,records100/06000/06672_lr,0
6674,records100/06000/06674_lr,0
6677,records100/06000/06677_lr,1
6679,records100/06000/06679_lr,0
6681,records100/06000/06681_lr,1
6682,records100/06000/06682_lr,0
6683,records100/06000/06683_lr,1
6686,records100/06000/06686_lr,0
6687,records100/06000/06687_lr,0
6688,records100/06000/06688_lr,0
6689,records100/06000/06689_lr,0
6690,records100/06000/06690_lr,1
6691,records100/06000/06691_lr,1
6692,records100/06000/06692_lr,1
6694,records100/06000/06694_lr,0
6695,records100/06000/06695_lr,1
6696,records100/06000/06696_lr,0
6699,records100/06000/06699_lr,0
6700,records100/06000/06700_lr,0
6701,records100/06000/06701_lr,1
6702,records100/06000/06702_lr,1
6703,records100/06000/06703_lr,1
6704,records100/06000/06704_lr,1
6705,records100/06000/06705_lr,1
6707,records100/06000/06707_lr,0
6708,records100/06000/06708_lr,1
6712,records100/06000/06712_lr,1
6713,records100/06000/06713_lr,0
6714,records100/06000/06714_lr,1
6715,records100/06000/06715_lr,1
6716,records100/06000/06716_lr,1
6717,records100/06000/06717_lr,0
6718,records100/06000/06718_lr,1
6720,records100/06000/06720_lr,0
6721,records100/06000/06721_lr,1
6723,records100/06000/06723_lr,0
6724,records100/06000/06724_lr,0
6725,records100/06000/06725_lr,0
6726,records100/06000/06726_lr,1
6728,records100/06000/06728_lr,0
6729,records100/06000/06729_lr,0
6730,records100/06000/06730_lr,0
6732,records100/06000/06732_lr,1
6733,records100/06000/06733_lr,0
6734,records100/06000/06734_lr,0
6736,records100/06000/06736_lr,1
6737,records100/06000/06737_lr,0
6739,records100/06000/06739_lr,0
6740,records100/06000/06740_lr,0
6741,records100/06000/06741_lr,0
6742,records100/06000/06742_lr,0
6743,records100/06000/06743_lr,0
6744,records100/06000/06744_lr,0
6745,records100/06000/06745_lr,0
6748,records100/06000/06748_lr,0
6749,records100/06000/06749_lr,0
6751,records100/06000/06751_lr,1
6752,records100/06000/06752_lr,0
6753,records100/06000/06753_lr,0
6757,records100/06000/06757_lr,0
6758,records100/06000/06758_lr,0
6760,records100/06000/06760_lr,1
6762,records100/06000/06762_lr,1
6763,records100/06000/06763_lr,0
6764,records100/06000/06764_lr,1
6765,records100/06000/06765_lr,0
6767,records100/06000/06767_lr,1
6768,records100/06000/06768_lr,0
6771,records100/06000/06771_lr,0
6772,records100/06000/06772_lr,0
6774,records100/06000/06774_lr,0
6775,records100/06000/06775_lr,0
6776,records100/06000/06776_lr,0
6779,records100/06000/06779_lr,0
6780,records100/06000/06780_lr,0
6782,records100/06000/06782_lr,0
6784,records100/06000/06784_lr,1
6785,records100/06000/06785_lr,1
6787,records100/06000/06787_lr,0
6788,records100/06000/06788_lr,1
6789,records100/06000/06789_lr,0
6791,records100/06000/06791_lr,0
6793,records100/06000/06793_lr,1
6794,records100/06000/06794_lr,1
6795,records100/06000/06795_lr,1
6797,records100/06000/06797_lr,1
6798,records100/06000/06798_lr,0
6799,records100/06000/06799_lr,0
6800,records100/06000/06800_lr,1
6802,records100/06000/06802_lr,0
6803,records100/06000/06803_lr,1
6810,records100/06000/06810_lr,1
6811,records100/06000/06811_lr,0
6813,records100/06000/06813_lr,0
6814,records100/06000/06814_lr,0
6815,records100/06000/06815_lr,0
6817,records100/06000/06817_lr,1
6818,records100/06000/06818_lr,1
6819,records100/06000/06819_lr,1
6820,records100/06000/06820_lr,0
6823,records100/06000/06823_lr,0
6825,records100/06000/06825_lr,1
6826,records100/06000/06826_lr,1
6827,records100/06000/06827_lr,1
6830,records100/06000/06830_lr,0
6831,records100/06000/06831_lr,1
6832,records100/06000/06832_lr,0
6835,records100/06000/06835_lr,1
6836,records100/06000/06836_lr,0
6837,records100/06000/06837_lr,0
6838,records100/06000/06838_lr,1
6839,records100/06000/06839_lr,0
6840,records100/06000/06840_lr,1
6843,records100/06000/06843_lr,0
6845,records100/06000/06845_lr,0
6848,records100/06000/06848_lr,0
6850,records100/06000/06850_lr,1
6852,records100/06000/06852_lr,1
6853,records100/06000/06853_lr,0
6854,records100/06000/06854_lr,0
6855,records100/06000/06855_lr,0
6857,records100/06000/06857_lr,1
6860,records100/06000/06860_lr,0
6861,records100/06000/06861_lr,0
6862,records100/06000/06862_lr,0
6863,records100/06000/06863_lr,1
6865,records100/06000/06865_lr,0
6867,records100/06000/06867_lr,0
6868,records100/06000/06868_lr,1
6869,records100/06000/06869_lr,0
6870,records100/06000/06870_lr,0
6871,records100/06000/06871_lr,0
6874,records100/06000/06874_lr,0
6875,records100/06000/06875_lr,0
6878,records100/06000/06878_lr,0
6879,records100/06000/06879_lr,0
6880,records100/06000/06880_lr,1
6881,records100/06000/06881_lr,0
6882,records100/06000/06882_lr,0
6883,records100/06000/06883_lr,0
6884,records100/06000/06884_lr,1
6886,records100/06000/06886_lr,0
6887,records100/06000/06887_lr,1
6888,records100/06000/06888_lr,0
6889,records100/06000/06889_lr,1
6890,records100/06000/06890_lr,0
6891,records100/06000/06891_lr,1
6892,records100/06000/06892_lr,1
6893,records100/06000/06893_lr,1
6896,records100/06000/06896_lr,0
6897,records100/06000/06897_lr,0
6898,records100/06000/06898_lr,0
6899,records100/06000/06899_lr,0
6900,records100/06000/06900_lr,0
6902,records100/06000/06902_lr,0
6903,records100/06000/06903_lr,1
6906,records100/06000/06906_lr,1
6907,records100/06000/06907_lr,1
6909,records100/06000/06909_lr,0
6911,records100/06000/06911_lr,0
6914,records100/06000/06914_lr,0
6916,records100/06000/06916_lr,0
6918,records100/06000/06918_lr,1
6921,records100/06000/06921_lr,0
6923,records100/06000/06923_lr,0
6924,records100/06000/06924_lr,0
6925,records100/06000/06925_lr,1
6928,records100/06000/06928_lr,0
6929,records100/06000/06929_lr,1
6930,records100/06000/06930_lr,0
6931,records100/06000/06931_lr,0
6933,records100/06000/06933_lr,0
6934,records100/06000/06934_lr,0
6939,records100/06000/06939_lr,0
6942,records100/06000/06942_lr,0
6943,records100/06000/06943_lr,0
6945,records100/06000/06945_lr,0
6946,records100/06000/06946_lr,0
6947,records100/06000/06947_lr,0
6948,records100/06000/06948_lr,0
6949,records100/06000/06949_lr,0
6950,records100/06000/06950_lr,1
6951,records100/06000/06951_lr,0
6952,records100/06000/06952_lr,0
6954,records100/06000/06954_lr,0
6957,records100/06000/06957_lr,1
6958,records100/06000/06958_lr,1
6959,records100/06000/06959_lr,0
6960,records100/06000/06960_lr,0
6961,records100/06000/06961_lr,1
6962,records100/06000/06962_lr,1
6963,records100/06000/06963_lr,0
6964,records100/06000/06964_lr,0
6966,records100/06000/06966_lr,0
6968,records100/06000/06968_lr,0
6971,records100/06000/06971_lr,0
6973,records100/06000/06973_lr,0
6975,records100/06000/06975_lr,1
6978,records100/06000/06978_lr,0
6979,records100/06000/06979_lr,0
6980,records100/06000/06980_lr,0
6981,records100/06000/06981_lr,0
6982,records100/06000/06982_lr,0
6983,records100/06000/06983_lr,0
6984,records100/06000/06984_lr,1
6985,records100/06000/06985_lr,0
6986,records100/06000/06986_lr,0
6987,records100/06000/06987_lr,1
6988,records100/06000/06988_lr,1
6989,records100/06000/06989_lr,1
6990,records100/06000/06990_lr,0
6992,records100/06000/06992_lr,1
6993,records100/06000/06993_lr,1
6994,records100/06000/06994_lr,1
6995,records100/06000/06995_lr,1
6996,records100/06000/06996_lr,0
6997,records100/06000/06997_lr,0
6998,records100/06000/06998_lr,0
6999,records100/06000/06999_lr,0
7000,records100/07000/07000_lr,1
7001,records100/07000/07001_lr,1
7003,records100/07000/07003_lr,1
7004,records100/07000/07004_lr,0
7006,records100/07000/07006_lr,1
7007,records100/07000/07007_lr,0
7008,records100/07000/07008_lr,0
7009,records100/07000/07009_lr,1
7010,records100/07000/07010_lr,1
7011,records100/07000/07011_lr,0
7012,records100/07000/07012_lr,1
7013,records100/07000/07013_lr,1
7016,records100/07000/07016_lr,1
7018,records100/07000/07018_lr,0
7019,records100/07000/07019_lr,1
7021,records100/07000/07021_lr,0
7023,records100/07000/07023_lr,1
7026,records100/07000/07026_lr,0
7028,records100/07000/07028_lr,1
7029,records100/07000/07029_lr,1
7031,records100/07000/07031_lr,0
7032,records100/07000/07032_lr,0
7033,records100/07000/07033_lr,1
7034,records100/07000/07034_lr,0
7037,records100/07000/07037_lr,1
7038,records100/07000/07038_lr,1
7039,records100/07000/07039_lr,0
7042,records100/07000/07042_lr,0
7044,records100/07000/07044_lr,0
7045,records100/07000/07045_lr,0
7047,records100/07000/07047_lr,0
7048,records100/07000/07048_lr,1
7051,records100/07000/07051_lr,0
7052,records100/07000/07052_lr,1
7053,records100/07000/07053_lr,0
7056,records100/07000/07056_lr,0
7057,records100/07000/07057_lr,1
7058,records100/07000/07058_lr,0
7059,records100/07000/07059_lr,0
7060,records100/07000/07060_lr,0
7064,records100/07000/07064_lr,1
7065,records100/07000/07065_lr,1
7068,records100/07000/07068_lr,0
7069,records100/07000/07069_lr,0
7070,records100/07000/07070_lr,0
7071,records100/07000/07071_lr,0
7072,records100/07000/07072_lr,1
7074,records100/07000/07074_lr,0
7077,records100/07000/07077_lr,0
7078,records100/07000/07078_lr,0
7080,records100/07000/07080_lr,0
7081,records100/07000/07081_lr,1
7082,records100/07000/07082_lr,0
7084,records100/07000/07084_lr,0
7085,records100/07000/07085_lr,0
7086,records100/07000/07086_lr,0
7087,records100/07000/07087_lr,0
7088,records100/07000/07088_lr,0
7089,records100/07000/07089_lr,0
7091,records100/07000/07091_lr,0
7092,records100/07000/07092_lr,0
7093,records100/07000/07093_lr,1
7096,records100/07000/07096_lr,0
7097,records100/07000/07097_lr,1
7099,records100/07000/07099_lr,0
7100,records100/07000/07100_lr,0
7101,records100/07000/07101_lr,0
7102,records100/07000/07102_lr,1
7103,records100/07000/07103_lr,0
7105,records100/07000/07105_lr,1
7106,records100/07000/07106_lr,0
7108,records100/07000/07108_lr,0
7109,records100/07000/07109_lr,0
7110,records100/07000/07110_lr,1
7111,records100/07000/07111_lr,1
7112,records100/07000/07112_lr,1
7113,records100/07000/07113_lr,0
7114,records100/07000/07114_lr,1
7115,records100/07000/07115_lr,0
7118,records100/07000/07118_lr,1
7119,records100/07000/07119_lr,1
7122,records100/07000/07122_lr,1
7123,records100/07000/07123_lr,1
7124,records100/07000/07124_lr,0
7125,records100/07000/07125_lr,0
7126,records100/07000/07126_lr,0
7127,records100/07000/07127_lr,0
7128,records100/07000/07128_lr,0
7129,records100/07000/07129_lr,0
7130,records100/07000/07130_lr,1
7131,records100/07000/07131_lr,0
7132,records100/07000/07132_lr,1
7133,records100/07000/07133_lr,0
7135,records100/07000/07135_lr,1
7136,records100/07000/07136_lr,1
7140,records100/07000/07140_lr,1
7141,records100/07000/07141_lr,1
7142,records100/07000/07142_lr,1
7144,records100/07000/07144_lr,0
7146,records100/07000/07146_lr,1
7147,records100/07000/07147_lr,0
7148,records100/07000/07148_lr,1
7150,records100/07000/07150_lr,0
7151,records100/07000/07151_lr,0
7152,records100/07000/07152_lr,1
7153,records100/07000/07153_lr,1
7154,records100/07000/07154_lr,0
7155,records100/07000/07155_lr,1
7156,records100/07000/07156_lr,0
7157,records100/07000/07157_lr,1
7161,records100/07000/07161_lr,0
7163,records100/07000/07163_lr,1
7164,records100/07000/07164_lr,0
7165,records100/07000/07165_lr,1
7166,records100/07000/07166_lr,1
7167,records100/07000/07167_lr,1
7168,records100/07000/07168_lr,1
7169,records100/07000/07169_lr,1
7170,records100/07000/07170_lr,0
7171,records100/07000/07171_lr,0
7172,records100/07000/07172_lr,1
7173,records100/07000/07173_lr,0
7175,records100/07000/07175_lr,1
7177,records100/07000/07177_lr,1
7178,records100/07000/07178_lr,1
7180,records100/07000/07180_lr,0
7182,records100/07000/07182_lr,0
7183,records100/07000/07183_lr,1
7184,records100/07000/07184_lr,0
7185,records100/07000/07185_lr,0
7186,records100/07000/07186_lr,0
7188,records100/07000/07188_lr,1
7189,records100/07000/07189_lr,1
7190,records100/07000/07190_lr,0
7193,records100/07000/07193_lr,1
7194,records100/07000/07194_lr,1
7196,records100/07000/07196_lr,1
7197,records100/07000/07197_lr,0
7199,records100/07000/07199_lr,1
7201,records100/07000/07201_lr,0
7202,records100/07000/07202_lr,0
7203,records100/07000/07203_lr,0
7205,records100/07000/07205_lr,0
7207,records100/07000/07207_lr,0
7208,records100/07000/07208_lr,1
7211,records100/07000/07211_lr,1
7212,records100/07000/07212_lr,1
7213,records100/07000/07213_lr,0
7214,records100/07000/07214_lr,0
7216,records100/07000/07216_lr,1
7217,records100/07000/07217_lr,0
7218,records100/07000/07218_lr,0
7219,records100/07000/07219_lr,0
7220,records100/07000/07220_lr,0
7222,records100/07000/07222_lr,1
7225,records100/07000/07225_lr,0
7228,records100/07000/07228_lr,1
7230,records100/07000/07230_lr,1
7231,records100/07000/07231_lr,0
7232,records100/07000/07232_lr,1
7236,records100/07000/07236_lr,0
7240,records100/07000/07240_lr,0
7241,records100/07000/07241_lr,1
7244,records100/07000/07244_lr,1
7245,records100/07000/07245_lr,0
7247,records100/07000/07247_lr,0
7250,records100/07000/07250_lr,1
7251,records100/07000/07251_lr,1
7254,records100/07000/07254_lr,0
7255,records100/07000/07255_lr,1
7256,records100/07000/07256_lr,0
7257,records100/07000/07257_lr,0
7258,records100/07000/07258_lr,0
7259,records100/07000/07259_lr,1
7260,records100/07000/07260_lr,1
7262,records100/07000/07262_lr,0
7263,records100/07000/07263_lr,0
7268,records100/07000/07268_lr,0
7269,records100/07000/07269_lr,0
7272,records100/07000/07272_lr,0
7273,records100/07000/07273_lr,0
7275,records100/07000/07275_lr,0
7276,records100/07000/07276_lr,1
7277,records100/07000/07277_lr,1
7278,records100/07000/07278_lr,1
7279,records100/07000/07279_lr,0
7280,records100/07000/07280_lr,1
7282,records100/07000/07282_lr,1
7283,records100/07000/07283_lr,1
7284,records100/07000/07284_lr,1
7285,records100/07000/07285_lr,1
7286,records100/07000/07286_lr,1
7287,records100/07000/07287_lr,1
7288,records100/07000/07288_lr,0
7289,records100/07000/07289_lr,1
7290,records100/07000/07290_lr,0
7292,records100/07000/07292_lr,0
7293,records100/07000/07293_lr,1
7294,records100/07000/07294_lr,0
7297,records100/07000/07297_lr,1
7298,records100/07000/07298_lr,1
7301,records100/07000/07301_lr,0
7302,records100/07000/07302_lr,1
7303,records100/07000/07303_lr,1
7305,records100/07000/07305_lr,0
7306,records100/07000/07306_lr,1
7307,records100/07000/07307_lr,1
7308,records100/07000/07308_lr,1
7309,records100/07000/07309_lr,0
7310,records100/07000/07310_lr,1
7311,records100/07000/07311_lr,1
7312,records100/07000/07312_lr,1
7313,records100/07000/07313_lr,1
7314,records100/07000/07314_lr,1
7317,records100/07000/07317_lr,1
7318,records100/07000/07318_lr,1
7320,records100/07000/07320_lr,0
7322,records100/07000/07322_lr,0
7323,records100/07000/07323_lr,0
7324,records100/07000/07324_lr,1
7325,records100/07000/07325_lr,1
7326,records100/07000/07326_lr,1
7327,records100/07000/07327_lr,1
7328,records100/07000/07328_lr,0
7329,records100/07000/07329_lr,0
7330,records100/07000/07330_lr,1
7332,records100/07000/07332_lr,0
7333,records100/07000/07333_lr,1
7334,records100/07000/07334_lr,0
7335,records100/07000/07335_lr,1
7337,records100/07000/07337_lr,0
7338,records100/07000/07338_lr,0
7340,records100/07000/07340_lr,0
7341,records100/07000/07341_lr,0
7342,records100/07000/07342_lr,1
7343,records100/07000/07343_lr,0
7344,records100/07000/07344_lr,0
7345,records100/07000/07345_lr,1
7346,records100/07000/07346_lr,0
7347,records100/07000/07347_lr,0
7348,records100/07000/07348_lr,0
7349,records100/07000/07349_lr,1
7351,records100/07000/07351_lr,0
7352,records100/07000/07352_lr,0
7353,records100/07000/07353_lr,0
7355,records100/07000/07355_lr,0
7356,records100/07000/07356_lr,1
7359,records100/07000/07359_lr,0
7361,records100/07000/07361_lr,1
7362,records100/07000/07362_lr,0
7363,records100/07000/07363_lr,0
7364,records100/07000/07364_lr,0
7366,records100/07000/07366_lr,1
7367,records100/07000/07367_lr,1
7368,records100/07000/07368_lr,0
7369,records100/07000/07369_lr,0
7371,records100/07000/07371_lr,0
7372,records100/07000/07372_lr,0
7375,records100/07000/07375_lr,0
7376,records100/07000/07376_lr,0
7377,records100/07000/07377_lr,0
7378,records100/07000/07378_lr,1
7380,records100/07000/07380_lr,0
7381,records100/07000/07381_lr,0
7382,records100/07000/07382_lr,0
7383,records100/07000/07383_lr,0
7384,records100/07000/07384_lr,0
7385,records100/07000/07385_lr,0
7389,records100/07000/07389_lr,1
7392,records100/07000/07392_lr,0
7394,records100/07000/07394_lr,0
7395,records100/07000/07395_lr,0
7396,records100/07000/07396_lr,0
7397,records100/07000/07397_lr,0
7398,records100/07000/07398_lr,0
7401,records100/07000/07401_lr,0
7404,records100/07000/07404_lr,1
7405,records100/07000/07405_lr,1
7406,records100/07000/07406_lr,0
7409,records100/07000/07409_lr,1
7413,records100/07000/07413_lr,0
7414,records100/07000/07414_lr,0
7415,records100/07000/07415_lr,0
7416,records100/07000/07416_lr,0
7417,records100/07000/07417_lr,0
7420,records100/07000/07420_lr,0
7421,records100/07000/07421_lr,0
7422,records100/07000/07422_lr,0
7423,records100/07000/07423_lr,1
7425,records100/07000/07425_lr,0
7427,records100/07000/07427_lr,0
7428,records100/07000/07428_lr,1
7430,records100/07000/07430_lr,0
7431,records100/07000/07431_lr,1
7432,records100/07000/07432_lr,1
7433,records100/07000/07433_lr,1
7435,records100/07000/07435_lr,0
7436,records100/07000/07436_lr,0
7439,records100/07000/07439_lr,0
7441,records100/07000/07441_lr,1
7443,records100/07000/07443_lr,0
7444,records100/07000/07444_lr,1
7446,records100/07000/07446_lr,1
7447,records100/07000/07447_lr,0
7448,records100/07000/07448_lr,1
7449,records100/07000/07449_lr,0
7450,records100/07000/07450_lr,1
7452,records100/07000/07452_lr,1
7453,records100/07000/07453_lr,0
7454,records100/07000/07454_lr,0
7455,records100/07000/07455_lr,0
7457,records100/07000/07457_lr,1
7458,records100/07000/07458_lr,1
7459,records100/07000/07459_lr,0
7460,records100/07000/07460_lr,1
7461,records100/07000/07461_lr,0
7464,records100/07000/07464_lr,0
7465,records100/07000/07465_lr,0
7468,records100/07000/07468_lr,1
7469,records100/07000/07469_lr,0
7470,records100/07000/07470_lr,0
7471,records100/07000/07471_lr,1
7472,records100/07000/07472_lr,0
7474,records100/07000/07474_lr,1
7475,records100/07000/07475_lr,0
7476,records100/07000/07476_lr,0
7477,records100/07000/07477_lr,0
7478,records100/07000/07478_lr,0
7479,records100/07000/07479_lr,0
7480,records100/07000/07480_lr,1
7481,records100/07000/07481_lr,1
7482,records100/07000/07482_lr,1
7483,records100/07000/07483_lr,0
7484,records100/07000/07484_lr,1
7486,records100/07000/07486_lr,1
7489,records100/07000/07489_lr,1
7490,records100/07000/07490_lr,0
7491,records100/07000/07491_lr,0
7494,records100/07000/07494_lr,0
7496,records100/07000/07496_lr,0
7498,records100/07000/07498_lr,1
7499,records100/07000/07499_lr,0
7500,records100/07000/07500_lr,1
7501,records100/07000/07501_lr,1
7506,records100/07000/07506_lr,1
7507,records100/07000/07507_lr,0
7508,records100/07000/07508_lr,1
7513,records100/07000/07513_lr,0
7514,records100/07000/07514_lr,1
7516,records100/07000/07516_lr,1
7518,records100/07000/07518_lr,1
7520,records100/07000/07520_lr,0
7521,records100/07000/07521_lr,1
7522,records100/07000/07522_lr,1
7526,records100/07000/07526_lr,1
7529,records100/07000/07529_lr,1
7530,records100/07000/07530_lr,0
7532,records100/07000/07532_lr,0
7535,records100/07000/07535_lr,0
7536,records100/07000/07536_lr,1
7537,records100/07000/07537_lr,1
7540,records100/07000/07540_lr,0
7542,records100/07000/07542_lr,1
7543,records100/07000/07543_lr,0
7544,records100/07000/07544_lr,0
7545,records100/07000/07545_lr,0
7547,records100/07000/07547_lr,0
7549,records100/07000/07549_lr,1
7550,records100/07000/07550_lr,1
7551,records100/07000/07551_lr,0
7553,records100/07000/07553_lr,0
7554,records100/07000/07554_lr,1
7555,records100/07000/07555_lr,0
7556,records100/07000/07556_lr,0
7557,records100/07000/07557_lr,1
7558,records100/07000/07558_lr,0
7559,records100/07000/07559_lr,0
7560,records100/07000/07560_lr,0
7561,records100/07000/07561_lr,0
7562,records100/07000/07562_lr,0
7563,records100/07000/07563_lr,0
7564,records100/07000/07564_lr,0
7566,records100/07000/07566_lr,0
7568,records100/07000/07568_lr,0
7569,records100/07000/07569_lr,1
7570,records100/07000/07570_lr,0
7571,records100/07000/07571_lr,1
7572,records100/07000/07572_lr,1
7573,records100/07000/07573_lr,1
7574,records100/07000/07574_lr,0
7576,records100/07000/07576_lr,0
7577,records100/07000/07577_lr,0
7578,records100/07000/07578_lr,0
7580,records100/07000/07580_lr,0
7581,records100/07000/07581_lr,0
7582,records100/07000/07582_lr,1
7583,records100/07000/07583_lr,0
7584,records100/07000/07584_lr,1
7585,records100/07000/07585_lr,0
7586,records100/07000/07586_lr,0
7588,records100/07000/07588_lr,1
7589,records100/07000/07589_lr,0
7590,records100/07000/07590_lr,0
7591,records100/07000/07591_lr,1
7593,records100/07000/07593_lr,1
7594,records100/07000/07594_lr,0
7596,records100/07000/07596_lr,0
7597,records100/07000/07597_lr,0
7599,records100/07000/07599_lr,0
7600,records100/07000/07600_lr,1
7601,records100/07000/07601_lr,1
7602,records100/07000/07602_lr,0
7604,records100/07000/07604_lr,1
7605,records100/07000/07605_lr,1
7606,records100/07000/07606_lr,0
7608,records100/07000/07608_lr,0
7609,records100/07000/07609_lr,0
7610,records100/07000/07610_lr,1
7613,records100/07000/07613_lr,1
7614,records100/07000/07614_lr,1
7615,records100/07000/07615_lr,0
7616,records100/07000/07616_lr,0
7620,records100/07000/07620_lr,0
7621,records100/07000/07621_lr,0
7622,records100/07000/07622_lr,1
7623,records100/07000/07623_lr,0
7625,records100/07000/07625_lr,1
7626,records100/07000/07626_lr,0
7627,records100/07000/07627_lr,0
7628,records100/07000/07628_lr,0
7631,records100/07000/07631_lr,1
7632,records100/07000/07632_lr,0
7633,records100/07000/07633_lr,0
7634,records100/07000/07634_lr,0
7635,records100/07000/07635_lr,0
7636,records100/07000/07636_lr,0
7637,records100/07000/07637_lr,1
7638,records100/07000/07638_lr,1
7639,records100/07000/07639_lr,1
7640,records100/07000/07640_lr,0
7641,records100/07000/07641_lr,0
7642,records100/07000/07642_lr,0
7644,records100/07000/07644_lr,0
7647,records100/07000/07647_lr,0
7648,records100/07000/07648_lr,0
7649,records100/07000/07649_lr,0
7650,records100/07000/07650_lr,0
7651,records100/07000/07651_lr,0
7653,records100/07000/07653_lr,1
7654,records100/07000/07654_lr,1
7655,records100/07000/07655_lr,1
7656,records100/07000/07656_lr,0
7659,records100/07000/07659_lr,0
7660,records100/07000/07660_lr,1
7661,records100/07000/07661_lr,1
7662,records100/07000/07662_lr,0
7663,records100/07000/07663_lr,0
7666,records100/07000/07666_lr,0
7667,records100/07000/07667_lr,1
7668,records100/07000/07668_lr,1
7669,records100/07000/07669_lr,0
7671,records100/07000/07671_lr,0
7672,records100/07000/07672_lr,0
7673,records100/07000/07673_lr,1
7675,records100/07000/07675_lr,0
7676,records100/07000/07676_lr,1
7677,records100/07000/07677_lr,1
7679,records100/07000/07679_lr,0
7680,records100/07000/07680_lr,0
7681,records100/07000/07681_lr,0
7683,records100/07000/07683_lr,1
7686,records100/07000/07686_lr,1
7687,records100/07000/07687_lr,1
7689,records100/07000/07689_lr,0
7691,records100/07000/07691_lr,0
7692,records100/07000/07692_lr,1
7694,records100/07000/07694_lr,0
7695,records100/07000/07695_lr,0
7696,records100/07000/07696_lr,0
7698,records100/07000/07698_lr,0
7700,records100/07000/07700_lr,1
7701,records100/07000/07701_lr,0
7702,records100/07000/07702_lr,0
7703,records100/07000/07703_lr,1
7704,records100/07000/07704_lr,0
7706,records100/07000/07706_lr,1
7708,records100/07000/07708_lr,1
7709,records100/07000/07709_lr,0
7710,records100/07000/07710_lr,0
7711,records100/07000/07711_lr,0
7712,records100/07000/07712_lr,0
7714,records100/07000/07714_lr,0
7715,records100/07000/07715_lr,0
7717,records100/07000/07717_lr,0
7718,records100/07000/07718_lr,0
7719,records100/07000/07719_lr,0
7721,records100/07000/07721_lr,0
7722,records100/07000/07722_lr,0
7723,records100/07000/07723_lr,1
7724,records100/07000/07724_lr,0
7727,records100/07000/07727_lr,1
7728,records100/07000/07728_lr,1
7729,records100/07000/07729_lr,1
7730,records100/07000/07730_lr,0
7733,records100/07000/07733_lr,0
7734,records100/07000/07734_lr,1
7735,records100/07000/07735_lr,0
7736,records100/07000/07736_lr,1
7737,records100/07000/07737_lr,1
7738,records100/07000/07738_lr,1
7739,records100/07000/07739_lr,0
7740,records100/07000/07740_lr,0
7741,records100/07000/07741_lr,1
7742,records100/07000/07742_lr,1
7744,records100/07000/07744_lr,1
7745,records100/07000/07745_lr,1
7746,records100/07000/07746_lr,1
7747,records100/07000/07747_lr,1
7748,records100/07000/07748_lr,0
7750,records100/07000/07750_lr,0
7751,records100/07000/07751_lr,1
7752,records100/07000/07752_lr,0
7753,records100/07000/07753_lr,1
7754,records100/07000/07754_lr,0
7757,records100/07000/07757_lr,0
7758,records100/07000/07758_lr,0
7760,records100/07000/07760_lr,1
7761,records100/07000/07761_lr,0
7762,records100/07000/07762_lr,0
7763,records100/07000/07763_lr,1
7764,records100/07000/07764_lr,0
7765,records100/07000/07765_lr,0
7766,records100/07000/07766_lr,0
7768,records100/07000/07768_lr,0
7770,records100/07000/07770_lr,0
7771,records100/07000/07771_lr,0
7772,records100/07000/07772_lr,0
7773,records100/07000/07773_lr,0
7775,records100/07000/07775_lr,0
7776,records100/07000/07776_lr,1
7780,records100/07000/07780_lr,1
7781,records100/07000/07781_lr,1
7784,records100/07000/07784_lr,0
7787,records100/07000/07787_lr,0
7788,records100/07000/07788_lr,0
7789,records100/07000/07789_lr,0
7790,records100/07000/07790_lr,1
7793,records100/07000/07793_lr,0
7795,records100/07000/07795_lr,0
7797,records100/07000/07797_lr,0
7798,records100/07000/07798_lr,1
7799,records100/07000/07799_lr,1
7800,records100/07000/07800_lr,0
7803,records100/07000/07803_lr,0
7805,records100/07000/07805_lr,0
7808,records100/07000/07808_lr,0
7809,records100/07000/07809_lr,1
7813,records100/07000/07813_lr,1
7814,records100/07000/07814_lr,1
7818,records100/07000/07818_lr,0
7819,records100/07000/07819_lr,0
7820,records100/07000/07820_lr,1
7822,records100/07000/07822_lr,1
7824,records100/07000/07824_lr,1
7825,records100/07000/07825_lr,1
7826,records100/07000/07826_lr,1
7827,records100/07000/07827_lr,1
7829,records100/07000/07829_lr,1
7830,records100/07000/07830_lr,0
7832,records100/07000/07832_lr,0
7833,records100/07000/07833_lr,0
7834,records100/07000/07834_lr,0
7835,records100/07000/07835_lr,1
7836,records100/07000/07836_lr,0
7838,records100/07000/07838_lr,1
7839,records100/07000/07839_lr,0
7840,records100/07000/07840_lr,0
7842,records100/07000/07842_lr,0
7843,records100/07000/07843_lr,0
7845,records100/07000/07845_lr,0
7846,records100/07000/07846_lr,1
7847,records100/07000/07847_lr,0
7848,records100/07000/07848_lr,0
7849,records100/07000/07849_lr,0
7850,records100/07000/07850_lr,0
7851,records100/07000/07851_lr,1
7853,records100/07000/07853_lr,0
7854,records100/07000/07854_lr,0
7855,records100/07000/07855_lr,0
7858,records100/07000/07858_lr,1
7859,records100/07000/07859_lr,1
7860,records100/07000/07860_lr,1
7861,records100/07000/07861_lr,1
7862,records100/07000/07862_lr,1
7863,records100/07000/07863_lr,0
7869,records100/07000/07869_lr,0
7870,records100/07000/07870_lr,0
7871,records100/07000/07871_lr,0
7872,records100/07000/07872_lr,0
7874,records100/07000/07874_lr,0
7875,records100/07000/07875_lr,0
7876,records100/07000/07876_lr,1
7877,records100/07000/07877_lr,1
7878,records100/07000/07878_lr,1
7879,records100/07000/07879_lr,0
7880,records100/07000/07880_lr,0
7881,records100/07000/07881_lr,1
7883,records100/07000/07883_lr,0
7886,records100/07000/07886_lr,0
7888,records100/07000/07888_lr,1
7891,records100/07000/07891_lr,0
7892,records100/07000/07892_lr,0
7894,records100/07000/07894_lr,0
7895,records100/07000/07895_lr,1
7896,records100/07000/07896_lr,1
7897,records100/07000/07897_lr,1
7898,records100/07000/07898_lr,0
7899,records100/07000/07899_lr,0
7900,records100/07000/07900_lr,0
7901,records100/07000/07901_lr,0
7902,records100/07000/07902_lr,1
7903,records100/07000/07903_lr,0
7904,records100/07000/07904_lr,1
7905,records100/07000/07905_lr,0
7908,records100/07000/07908_lr,0
7910,records100/07000/07910_lr,0
7911,records100/07000/07911_lr,0
7913,records100/07000/07913_lr,0
7914,records100/07000/07914_lr,0
7917,records100/07000/07917_lr,0
7918,records100/07000/07918_lr,0
7920,records100/07000/07920_lr,0
7921,records100/07000/07921_lr,0
7922,records100/07000/07922_lr,0
7923,records100/07000/07923_lr,0
7924,records100/07000/07924_lr,0
7925,records100/07000/07925_lr,0
7927,records100/07000/07927_lr,1
7928,records100/07000/07928_lr,0
7929,records100/07000/07929_lr,0
7930,records100/07000/07930_lr,1
7931,records100/07000/07931_lr,0
7932,records100/07000/07932_lr,0
7933,records100/07000/07933_lr,0
7934,records100/07000/07934_lr,0
7935,records100/07000/07935_lr,0
7937,records100/07000/07937_lr,0
7938,records100/07000/07938_lr,0
7940,records100/07000/07940_lr,1
7941,records100/07000/07941_lr,0
7942,records100/07000/07942_lr,0
7944,records100/07000/07944_lr,0
7948,records100/07000/07948_lr,0
7949,records100/07000/07949_lr,0
7950,records100/07000/07950_lr,0
7953,records100/07000/07953_lr,1
7954,records100/07000/07954_lr,0
7955,records100/07000/07955_lr,0
7956,records100/07000/07956_lr,0
7958,records100/07000/07958_lr,0
7959,records100/07000/07959_lr,1
7964,records100/07000/07964_lr,0
7965,records100/07000/07965_lr,0
7966,records100/07000/07966_lr,1
7968,records100/07000/07968_lr,0
7969,records100/07000/07969_lr,0
7971,records100/07000/07971_lr,1
7972,records100/07000/07972_lr,0
7974,records100/07000/07974_lr,0
7975,records100/07000/07975_lr,0
7976,records100/07000/07976_lr,1
7977,records100/07000/07977_lr,1
7978,records100/07000/07978_lr,0
7979,records100/07000/07979_lr,0
7980,records100/07000/07980_lr,0
7981,records100/07000/07981_lr,1
7982,records100/07000/07982_lr,0
7983,records100/07000/07983_lr,0
7984,records100/07000/07984_lr,0
7985,records100/07000/07985_lr,0
7986,records100/07000/07986_lr,0
7987,records100/07000/07987_lr,1
7988,records100/07000/07988_lr,1
7989,records100/07000/07989_lr,0
7991,records100/07000/07991_lr,1
7993,records100/07000/07993_lr,0
7995,records100/07000/07995_lr,0
7996,records100/07000/07996_lr,0
7997,records100/07000/07997_lr,1
7998,records100/07000/07998_lr,1
7999,records100/07000/07999_lr,1
8001,records100/08000/08001_lr,1
8005,records100/08000/08005_lr,1
8006,records100/08000/08006_lr,0
8008,records100/08000/08008_lr,0
8009,records100/08000/08009_lr,0
8010,records100/08000/08010_lr,0
8012,records100/08000/08012_lr,0
8013,records100/08000/08013_lr,1
8014,records100/08000/08014_lr,0
8019,records100/08000/08019_lr,1
8020,records100/08000/08020_lr,1
8023,records100/08000/08023_lr,0
8024,records100/08000/08024_lr,0
8025,records100/08000/08025_lr,1
8028,records100/08000/08028_lr,0
8029,records100/08000/08029_lr,0
8030,records100/08000/08030_lr,1
8031,records100/08000/08031_lr,1
8032,records100/08000/08032_lr,1
8033,records100/08000/08033_lr,0
8034,records100/08000/08034_lr,0
8035,records100/08000/08035_lr,0
8038,records100/08000/08038_lr,0
8039,records100/08000/08039_lr,1
8040,records100/08000/08040_lr,0
8041,records100/08000/08041_lr,1
8042,records100/08000/08042_lr,0
8043,records100/08000/08043_lr,1
8046,records100/08000/08046_lr,0
8047,records100/08000/08047_lr,0
8048,records100/08000/08048_lr,1
8050,records100/08000/08050_lr,0
8051,records100/08000/08051_lr,0
8052,records100/08000/08052_lr,0
8053,records100/08000/08053_lr,0
8056,records100/08000/08056_lr,0
8057,records100/08000/08057_lr,0
8058,records100/08000/08058_lr,0
8061,records100/08000/08061_lr,0
8064,records100/08000/08064_lr,0
8067,records100/08000/08067_lr,0
8068,records100/08000/08068_lr,0
8069,records100/08000/08069_lr,0
8070,records100/08000/08070_lr,0
8071,records100/08000/08071_lr,0
8072,records100/08000/08072_lr,1
8073,records100/08000/08073_lr,1
8074,records100/08000/08074_lr,0
8075,records100/08000/08075_lr,1
8076,records100/08000/08076_lr,0
8077,records100/08000/08077_lr,0
8078,records100/08000/08078_lr,0
8079,records100/08000/08079_lr,0
8080,records100/08000/08080_lr,0
8081,records100/08000/08081_lr,1
8084,records100/08000/08084_lr,0
8085,records100/08000/08085_lr,0
8086,records100/08000/08086_lr,0
8087,records100/08000/08087_lr,0
8088,records100/08000/08088_lr,0
8089,records100/08000/08089_lr,0
8090,records100/08000/08090_lr,0
8091,records100/08000/08091_lr,0
8093,records100/08000/08093_lr,0
8094,records100/08000/08094_lr,0
8095,records100/08000/08095_lr,1
8096,records100/08000/08096_lr,0
8097,records100/08000/08097_lr,0
8098,records100/08000/08098_lr,0
8099,records100/08000/08099_lr,0
8100,records100/08000/08100_lr,0
8101,records100/08000/08101_lr,0
8102,records100/08000/08102_lr,0
8104,records100/08000/08104_lr,0
8106,records100/08000/08106_lr,1
8107,records100/08000/08107_lr,0
8109,records100/08000/08109_lr,0
8110,records100/08000/08110_lr,1
8111,records100/08000/08111_lr,0
8113,records100/08000/08113_lr,0
8115,records100/08000/08115_lr,0
8116,records100/08000/08116_lr,0
8120,records100/08000/08120_lr,0
8122,records100/08000/08122_lr,0
8123,records100/08000/08123_lr,1
8124,records100/08000/08124_lr,0
8126,records100/08000/08126_lr,0
8127,records100/08000/08127_lr,0
8128,records100/08000/08128_lr,0
8129,records100/08000/08129_lr,1
8130,records100/08000/08130_lr,1
8131,records100/08000/08131_lr,1
8132,records100/08000/08132_lr,0
8133,records100/08000/08133_lr,0
8137,records100/08000/08137_lr,0
8138,records100/08000/08138_lr,0
8140,records100/08000/08140_lr,0
8142,records100/08000/08142_lr,0
8143,records100/08000/08143_lr,0
8144,records100/08000/08144_lr,0
8145,records100/08000/08145_lr,0
8146,records100/08000/08146_lr,0
8147,records100/08000/08147_lr,0
8148,records100/08000/08148_lr,0
8149,records100/08000/08149_lr,0
8150,records100/08000/08150_lr,0
8151,records100/08000/08151_lr,0
8153,records100/08000/08153_lr,1
8154,records100/08000/08154_lr,0
8155,records100/08000/08155_lr,0
8157,records100/08000/08157_lr,1
8158,records100/08000/08158_lr,0
8160,records100/08000/08160_lr,0
8161,records100/08000/08161_lr,1
8162,records100/08000/08162_lr,1
8163,records100/08000/08163_lr,1
8164,records100/08000/08164_lr,0
8165,records100/08000/08165_lr,0
8166,records100/08000/08166_lr,1
8167,records100/08000/08167_lr,0
8168,records100/08000/08168_lr,0
8169,records100/08000/08169_lr,1
8170,records100/08000/08170_lr,0
8172,records100/08000/08172_lr,0
8174,records100/08000/08174_lr,0
8176,records100/08000/08176_lr,0
8178,records100/08000/08178_lr,1
8179,records100/08000/08179_lr,0
8180,records100/08000/08180_lr,0
8181,records100/08000/08181_lr,0
8182,records100/08000/08182_lr,1
8183,records100/08000/08183_lr,0
8184,records100/08000/08184_lr,0
8186,records100/08000/08186_lr,1
8187,records100/08000/08187_lr,1
8188,records100/08000/08188_lr,0
8189,records100/08000/08189_lr,0
8190,records100/08000/08190_lr,0
8191,records100/08000/08191_lr,1
8192,records100/08000/08192_lr,0
8193,records100/08000/08193_lr,0
8195,records100/08000/08195_lr,1
8197,records100/08000/08197_lr,1
8198,records100/08000/08198_lr,0
8199,records100/08000/08199_lr,0
8200,records100/08000/08200_lr,0
8201,records100/08000/08201_lr,0
8202,records100/08000/08202_lr,0
8203,records100/08000/08203_lr,0
8205,records100/08000/08205_lr,0
8206,records100/08000/08206_lr,0
8208,records100/08000/08208_lr,0
8211,records100/08000/08211_lr,0
8213,records100/08000/08213_lr,0
8214,records100/08000/08214_lr,0
8216,records100/08000/08216_lr,0
8217,records100/08000/08217_lr,0
8218,records100/08000/08218_lr,1
8219,records100/08000/08219_lr,0
8220,records100/08000/08220_lr,1
8221,records100/08000/08221_lr,0
8222,records100/08000/08222_lr,0
8223,records100/08000/08223_lr,1
8224,records100/08000/08224_lr,0
8225,records100/08000/08225_lr,1
8226,records100/08000/08226_lr,1
8228,records100/08000/08228_lr,0
8229,records100/08000/08229_lr,1
8230,records100/08000/08230_lr,0
8232,records100/08000/08232_lr,1
8234,records100/08000/08234_lr,0
8235,records100/08000/08235_lr,0
8239,records100/08000/08239_lr,0
8240,records100/08000/08240_lr,0
8241,records100/08000/08241_lr,1
8243,records100/08000/08243_lr,0
8245,records100/08000/08245_lr,0
8246,records100/08000/08246_lr,0
8248,records100/08000/08248_lr,0
8249,records100/08000/08249_lr,0
8250,records100/08000/08250_lr,0
8252,records100/08000/08252_lr,1
8253,records100/08000/08253_lr,0
8254,records100/08000/08254_lr,0
8255,records100/08000/08255_lr,0
8256,records100/08000/08256_lr,1
8257,records100/08000/08257_lr,1
8258,records100/08000/08258_lr,0
8260,records100/08000/08260_lr,1
8261,records100/08000/08261_lr,0
8262,records100/08000/08262_lr,0
8264,records100/08000/08264_lr,0
8268,records100/08000/08268_lr,0
8269,records100/08000/08269_lr,0
8270,records100/08000/08270_lr,0
8275,records100/08000/08275_lr,1
8277,records100/08000/08277_lr,0
8278,records100/08000/08278_lr,1
8279,records100/08000/08279_lr,1
8280,records100/08000/08280_lr,0
8281,records100/08000/08281_lr,1
8285,records100/08000/08285_lr,1
8286,records100/08000/08286_lr,0
8287,records100/08000/08287_lr,0
8288,records100/08000/08288_lr,0
8289,records100/08000/08289_lr,0
8293,records100/08000/08293_lr,0
8295,records100/08000/08295_lr,0
8296,records100/08000/08296_lr,0
8299,records100/08000/08299_lr,0
8301,records100/08000/08301_lr,1
8303,records100/08000/08303_lr,0
8305,records100/08000/08305_lr,0
8306,records100/08000/08306_lr,0
8309,records100/08000/08309_lr,0
8310,records100/08000/08310_lr,0
8311,records100/08000/08311_lr,0
8313,records100/08000/08313_lr,0
8314,records100/08000/08314_lr,0
8318,records100/08000/08318_lr,0
8321,records100/08000/08321_lr,1
8322,records100/08000/08322_lr,0
8324,records100/08000/08324_lr,1
8325,records100/08000/08325_lr,0
8326,records100/08000/08326_lr,0
8328,records100/08000/08328_lr,1
8329,records100/08000/08329_lr,1
8330,records100/08000/08330_lr,0
8333,records100/08000/08333_lr,0
8336,records100/08000/08336_lr,0
8338,records100/08000/08338_lr,0
8340,records100/08000/08340_lr,0
8341,records100/08000/08341_lr,0
8342,records100/08000/08342_lr,1
8344,records100/08000/08344_lr,1
8347,records100/08000/08347_lr,1
8348,records100/08000/08348_lr,1
8350,records100/08000/08350_lr,1
8351,records100/08000/08351_lr,0
8352,records100/08000/08352_lr,1
8353,records100/08000/08353_lr,0
8355,records100/08000/08355_lr,1
8356,records100/08000/08356_lr,1
8358,records100/08000/08358_lr,0
8360,records100/08000/08360_lr,1
8362,records100/08000/08362_lr,0
8363,records100/08000/08363_lr,0
8365,records100/08000/08365_lr,1
8366,records100/08000/08366_lr,1
8368,records100/08000/08368_lr,0
8370,records100/08000/08370_lr,1
8372,records100/08000/08372_lr,1
8373,records100/08000/08373_lr,1
8376,records100/08000/08376_lr,0
8380,records100/08000/08380_lr,0
8383,records100/08000/08383_lr,0
8384,records100/08000/08384_lr,0
8386,records100/08000/08386_lr,0
8387,records100/08000/08387_lr,0
8388,records100/08000/08388_lr,0
8389,records100/08000/08389_lr,0
8390,records100/08000/08390_lr,0
8391,records100/08000/08391_lr,1
8394,records100/08000/08394_lr,0
8395,records100/08000/08395_lr,0
8396,records100/08000/08396_lr,0
8397,records100/08000/08397_lr,0
8399,records100/08000/08399_lr,1
8400,records100/08000/08400_lr,0
8401,records100/08000/08401_lr,1
8402,records100/08000/08402_lr,0
8403,records100/08000/08403_lr,1
8406,records100/08000/08406_lr,1
8407,records100/08000/08407_lr,0
8409,records100/08000/08409_lr,0
8410,records100/08000/08410_lr,0
8412,records100/08000/08412_lr,0
8413,records100/08000/08413_lr,1
8414,records100/08000/08414_lr,0
8415,records100/08000/08415_lr,1
8417,records100/08000/08417_lr,0
8418,records100/08000/08418_lr,1
8420,records100/08000/08420_lr,1
8421,records100/08000/08421_lr,1
8422,records100/08000/08422_lr,0
8423,records100/08000/08423_lr,1
8424,records100/08000/08424_lr,0
8425,records100/08000/08425_lr,1
8426,records100/08000/08426_lr,0
8427,records100/08000/08427_lr,0
8428,records100/08000/08428_lr,1
8429,records100/08000/08429_lr,1
8430,records100/08000/08430_lr,0
8431,records100/08000/08431_lr,1
8433,records100/08000/08433_lr,0
8434,records100/08000/08434_lr,0
8436,records100/08000/08436_lr,1
8437,records100/08000/08437_lr,0
8438,records100/08000/08438_lr,0
8439,records100/08000/08439_lr,0
8440,records100/08000/08440_lr,0
8441,records100/08000/08441_lr,0
8442,records100/08000/08442_lr,1
8443,records100/08000/08443_lr,0
8444,records100/08000/08444_lr,0
8446,records100/08000/08446_lr,1
8447,records100/08000/08447_lr,0
8449,records100/08000/08449_lr,1
8452,records100/08000/08452_lr,1
8453,records100/08000/08453_lr,0
8454,records100/08000/08454_lr,0
8455,records100/08000/08455_lr,0
8457,records100/08000/08457_lr,0
8458,records100/08000/08458_lr,0
8462,records100/08000/08462_lr,0
8464,records100/08000/08464_lr,0
8465,records100/08000/08465_lr,1
8466,records100/08000/08466_lr,0
8467,records100/08000/08467_lr,0
8469,records100/08000/08469_lr,0
8470,records100/08000/08470_lr,0
8471,records100/08000/08471_lr,0
8472,records100/08000/08472_lr,1
8473,records100/08000/08473_lr,1
8474,records100/08000/08474_lr,0
8476,records100/08000/08476_lr,1
8477,records100/08000/08477_lr,1
8480,records100/08000/08480_lr,0
8481,records100/08000/08481_lr,0
8483,records100/08000/08483_lr,0
8484,records100/08000/08484_lr,0
8485,records100/08000/08485_lr,0
8486,records100/08000/08486_lr,0
8488,records100/08000/08488_lr,1
8490,records100/08000/08490_lr,0
8491,records100/08000/08491_lr,1
8492,records100/08000/08492_lr,0
8493,records100/08000/08493_lr,0
8494,records100/08000/08494_lr,0
8495,records100/08000/08495_lr,1
8496,records100/08000/08496_lr,0
8499,records100/08000/08499_lr,1
8500,records100/08000/08500_lr,0
8502,records100/08000/08502_lr,1
8507,records100/08000/08507_lr,0
8509,records100/08000/08509_lr,1
8510,records100/08000/08510_lr,0
8511,records100/08000/08511_lr,0
8512,records100/08000/08512_lr,1
8513,records100/08000/08513_lr,1
8514,records100/08000/08514_lr,0
8515,records100/08000/08515_lr,1
8516,records100/08000/08516_lr,1
8519,records100/08000/08519_lr,0
8521,records100/08000/08521_lr,0
8526,records100/08000/08526_lr,0
8527,records100/08000/08527_lr,0
8528,records100/08000/08528_lr,0
8531,records100/08000/08531_lr,0
8532,records100/08000/08532_lr,1
8534,records100/08000/08534_lr,0
8535,records100/08000/08535_lr,0
8536,records100/08000/08536_lr,0
8537,records100/08000/08537_lr,0
8538,records100/08000/08538_lr,0
8540,records100/08000/08540_lr,1
8541,records100/08000/08541_lr,0
8542,records100/08000/08542_lr,1
8544,records100/08000/08544_lr,1
8545,records100/08000/08545_lr,0
8547,records100/08000/08547_lr,1
8548,records100/08000/08548_lr,0
8549,records100/08000/08549_lr,0
8551,records100/08000/08551_lr,1
8552,records100/08000/08552_lr,0
8553,records100/08000/08553_lr,0
8554,records100/08000/08554_lr,1
8555,records100/08000/08555_lr,0
8556,records100/08000/08556_lr,0
8558,records100/08000/08558_lr,0
8560,records100/08000/08560_lr,0
8561,records100/08000/08561_lr,0
8562,records100/08000/08562_lr,1
8563,records100/08000/08563_lr,0
8564,records100/08000/08564_lr,0
8565,records100/08000/08565_lr,0
8567,records100/08000/08567_lr,1
8569,records100/08000/08569_lr,0
8570,records100/08000/08570_lr,0
8571,records100/08000/08571_lr,0
8573,records100/08000/08573_lr,0
8574,records100/08000/08574_lr,0
8575,records100/08000/08575_lr,1
8576,records100/08000/08576_lr,1
8577,records100/08000/08577_lr,0
8578,records100/08000/08578_lr,1
8579,records100/08000/08579_lr,0
8580,records100/08000/08580_lr,0
8582,records100/08000/08582_lr,0
8583,records100/08000/08583_lr,0
8585,records100/08000/08585_lr,1
8586,records100/08000/08586_lr,1
8587,records100/08000/08587_lr,1
8588,records100/08000/08588_lr,1
8589,records100/08000/08589_lr,0
8590,records100/08000/08590_lr,0
8592,records100/08000/08592_lr,0
8594,records100/08000/08594_lr,0
8595,records100/08000/08595_lr,1
8596,records100/08000/08596_lr,0
8597,records100/08000/08597_lr,1
8598,records100/08000/08598_lr,0
8600,records100/08000/08600_lr,1
8603,records100/08000/08603_lr,0
8605,records100/08000/08605_lr,1
8607,records100/08000/08607_lr,0
8608,records100/08000/08608_lr,1
8609,records100/08000/08609_lr,1
8611,records100/08000/08611_lr,1
8612,records100/08000/08612_lr,1
8614,records100/08000/08614_lr,0
8615,records100/08000/08615_lr,1
8616,records100/08000/08616_lr,1
8617,records100/08000/08617_lr,0
8618,records100/08000/08618_lr,1
8619,records100/08000/08619_lr,0
8623,records100/08000/08623_lr,0
8624,records100/08000/08624_lr,1
8627,records100/08000/08627_lr,0
8628,records100/08000/08628_lr,1
8630,records100/08000/08630_lr,1
8631,records100/08000/08631_lr,0
8633,records100/08000/08633_lr,0
8636,records100/08000/08636_lr,1
8638,records100/08000/08638_lr,0
8639,records100/08000/08639_lr,0
8641,records100/08000/08641_lr,1
8642,records100/08000/08642_lr,0
8643,records100/08000/08643_lr,1
8644,records100/08000/08644_lr,0
8645,records100/08000/08645_lr,0
8647,records100/08000/08647_lr,0
8648,records100/08000/08648_lr,1
8649,records100/08000/08649_lr,0
8650,records100/08000/08650_lr,0
8651,records100/08000/08651_lr,1
8652,records100/08000/08652_lr,1
8653,records100/08000/08653_lr,0
8654,records100/08000/08654_lr,0
8655,records100/08000/08655_lr,1
8658,records100/08000/08658_lr,1
8659,records100/08000/08659_lr,0
8660,records100/08000/08660_lr,0
8661,records100/08000/08661_lr,0
8662,records100/08000/08662_lr,1
8663,records100/08000/08663_lr,0
8664,records100/08000/08664_lr,0
8665,records100/08000/08665_lr,0
8667,records100/08000/08667_lr,1
8668,records100/08000/08668_lr,1
8669,records100/08000/08669_lr,1
8670,records100/08000/08670_lr,1
8671,records100/08000/08671_lr,1
8672,records100/08000/08672_lr,1
8673,records100/08000/08673_lr,0
8674,records100/08000/08674_lr,1
8675,records100/08000/08675_lr,1
8676,records100/08000/08676_lr,1
8679,records100/08000/08679_lr,0
8680,records100/08000/08680_lr,1
8683,records100/08000/08683_lr,1
8684,records100/08000/08684_lr,1
8685,records100/08000/08685_lr,0
8687,records100/08000/08687_lr,1
8688,records100/08000/08688_lr,0
8689,records100/08000/08689_lr,0
8691,records100/08000/08691_lr,0
8692,records100/08000/08692_lr,0
8693,records100/08000/08693_lr,1
8694,records100/08000/08694_lr,1
8696,records100/08000/08696_lr,0
8697,records100/08000/08697_lr,0
8698,records100/08000/08698_lr,1
8699,records100/08000/08699_lr,1
8701,records100/08000/08701_lr,0
8702,records100/08000/08702_lr,0
8705,records100/08000/08705_lr,0
8706,records100/08000/08706_lr,0
8707,records100/08000/08707_lr,0
8708,records100/08000/08708_lr,1
8709,records100/08000/08709_lr,0
8710,records100/08000/08710_lr,1
8711,records100/08000/08711_lr,1
8713,records100/08000/08713_lr,0
8715,records100/08000/08715_lr,0
8716,records100/08000/08716_lr,0
8717,records100/08000/08717_lr,0
8719,records100/08000/08719_lr,0
8720,records100/08000/08720_lr,0
8722,records100/08000/08722_lr,1
8724,records100/08000/08724_lr,0
8725,records100/08000/08725_lr,1
8726,records100/08000/08726_lr,1
8727,records100/08000/08727_lr,0
8729,records100/08000/08729_lr,0
8733,records100/08000/08733_lr,1
8734,records100/08000/08734_lr,0
8739,records100/08000/08739_lr,0
8740,records100/08000/08740_lr,0
8742,records100/08000/08742_lr,1
8743,records100/08000/08743_lr,0
8745,records100/08000/08745_lr,1
8749,records100/08000/08749_lr,1
8751,records100/08000/08751_lr,0
8753,records100/08000/08753_lr,1
8754,records100/08000/08754_lr,0
8755,records100/08000/08755_lr,0
8756,records100/08000/08756_lr,0
8757,records100/08000/08757_lr,0
8759,records100/08000/08759_lr,1
8760,records100/08000/08760_lr,0
8761,records100/08000/08761_lr,1
8762,records100/08000/08762_lr,0
8765,records100/08000/08765_lr,0
8767,records100/08000/08767_lr,0
8768,records100/08000/08768_lr,1
8769,records100/08000/08769_lr,1
8770,records100/08000/08770_lr,0
8771,records100/08000/08771_lr,0
8772,records100/08000/08772_lr,1
8773,records100/08000/08773_lr,1
8774,records100/08000/08774_lr,0
8775,records100/08000/08775_lr,1
8776,records100/08000/08776_lr,0
8778,records100/08000/08778_lr,0
8780,records100/08000/08780_lr,0
8781,records100/08000/08781_lr,0
8783,records100/08000/08783_lr,0
8784,records100/08000/08784_lr,0
8785,records100/08000/08785_lr,1
8788,records100/08000/08788_lr,0
8789,records100/08000/08789_lr,0
8790,records100/08000/08790_lr,0
8791,records100/08000/08791_lr,0
8792,records100/08000/08792_lr,1
8793,records100/08000/08793_lr,1
8796,records100/08000/08796_lr,1
8797,records100/08000/08797_lr,1
8799,records100/08000/08799_lr,1
8801,records100/08000/08801_lr,1
8802,records100/08000/08802_lr,1
8803,records100/08000/08803_lr,1
8804,records100/08000/08804_lr,1
8805,records100/08000/08805_lr,0
8807,records100/08000/08807_lr,0
8809,records100/08000/08809_lr,0
8810,records100/08000/08810_lr,1
8811,records100/08000/08811_lr,1
8812,records100/08000/08812_lr,1
8814,records100/08000/08814_lr,1
8815,records100/08000/08815_lr,0
8816,records100/08000/08816_lr,0
8820,records100/08000/08820_lr,1
8822,records100/08000/08822_lr,1
8823,records100/08000/08823_lr,0
8824,records100/08000/08824_lr,1
8825,records100/08000/08825_lr,1
8826,records100/08000/08826_lr,0
8827,records100/08000/08827_lr,0
8828,records100/08000/08828_lr,1
8829,records100/08000/08829_lr,0
8830,records100/08000/08830_lr,0
8831,records100/08000/08831_lr,0
8833,records100/08000/08833_lr,0
8835,records100/08000/08835_lr,0
8836,records100/08000/08836_lr,1
8837,records100/08000/08837_lr,1
8839,records100/08000/08839_lr,0
8840,records100/08000/08840_lr,0
8841,records100/08000/08841_lr,1
8842,records100/08000/08842_lr,1
8844,records100/08000/08844_lr,0
8846,records100/08000/08846_lr,0
8847,records100/08000/08847_lr,0
8848,records100/08000/08848_lr,0
8850,records100/08000/08850_lr,1
8852,records100/08000/08852_lr,0
8853,records100/08000/08853_lr,0
8854,records100/08000/08854_lr,0
8855,records100/08000/08855_lr,0
8856,records100/08000/08856_lr,0
8857,records100/08000/08857_lr,0
8858,records100/08000/08858_lr,1
8859,records100/08000/08859_lr,1
8860,records100/08000/08860_lr,1
8861,records100/08000/08861_lr,0
8865,records100/08000/08865_lr,1
8867,records100/08000/08867_lr,0
8870,records100/08000/08870_lr,0
8871,records100/08000/08871_lr,0
8873,records100/08000/08873_lr,1
8874,records100/08000/08874_lr,0
8875,records100/08000/08875_lr,1
8876,records100/08000/08876_lr,0
8881,records100/08000/08881_lr,1
8882,records100/08000/08882_lr,1
8883,records100/08000/08883_lr,1
8884,records100/08000/08884_lr,1
8887,records100/08000/08887_lr,1
8888,records100/08000/08888_lr,1
8890,records100/08000/08890_lr,1
8891,records100/08000/08891_lr,1
8892,records100/08000/08892_lr,1
8896,records100/08000/08896_lr,0
8897,records100/08000/08897_lr,1
8898,records100/08000/08898_lr,0
8899,records100/08000/08899_lr,0
8900,records100/08000/08900_lr,0
8901,records100/08000/08901_lr,1
8902,records100/08000/08902_lr,0
8903,records100/08000/08903_lr,0
8904,records100/08000/08904_lr,1
8905,records100/08000/08905_lr,1
8906,records100/08000/08906_lr,0
8908,records100/08000/08908_lr,1
8909,records100/08000/08909_lr,1
8910,records100/08000/08910_lr,0
8913,records100/08000/08913_lr,1
8914,records100/08000/08914_lr,0
8916,records100/08000/08916_lr,0
8917,records100/08000/08917_lr,0
8918,records100/08000/08918_lr,1
8919,records100/08000/08919_lr,0
8920,records100/08000/08920_lr,0
8921,records100/08000/08921_lr,0
8922,records100/08000/08922_lr,0
8923,records100/08000/08923_lr,0
8924,records100/08000/08924_lr,1
8925,records100/08000/08925_lr,0
8926,records100/08000/08926_lr,0
8929,records100/08000/08929_lr,0
8931,records100/08000/08931_lr,0
8932,records100/08000/08932_lr,0
8933,records100/08000/08933_lr,0
8934,records100/08000/08934_lr,0
8935,records100/08000/08935_lr,0
8936,records100/08000/08936_lr,0
8937,records100/08000/08937_lr,1
8938,records100/08000/08938_lr,0
8939,records100/08000/08939_lr,1
8941,records100/08000/08941_lr,0
8942,records100/08000/08942_lr,0
8944,records100/08000/08944_lr,1
8945,records100/08000/08945_lr,0
8947,records100/08000/08947_lr,1
8948,records100/08000/08948_lr,0
8950,records100/08000/08950_lr,1
8951,records100/08000/08951_lr,0
8955,records100/08000/08955_lr,0
8958,records100/08000/08958_lr,1
8961,records100/08000/08961_lr,1
8963,records100/08000/08963_lr,0
8968,records100/08000/08968_lr,1
8972,records100/08000/08972_lr,0
8973,records100/08000/08973_lr,1
8976,records100/08000/08976_lr,0
8977,records100/08000/08977_lr,1
8978,records100/08000/08978_lr,0
8979,records100/08000/08979_lr,0
8981,records100/08000/08981_lr,1
8983,records100/08000/08983_lr,1
8984,records100/08000/08984_lr,0
8985,records100/08000/08985_lr,1
8987,records100/08000/08987_lr,0
8988,records100/08000/08988_lr,1
8991,records100/08000/08991_lr,1
8992,records100/08000/08992_lr,0
8993,records100/08000/08993_lr,0
8994,records100/08000/08994_lr,1
8995,records100/08000/08995_lr,0
8996,records100/08000/08996_lr,1
8997,records100/08000/08997_lr,0
8999,records100/08000/08999_lr,1
9000,records100/09000/09000_lr,0
9001,records100/09000/09001_lr,0
9002,records100/09000/09002_lr,0
9004,records100/09000/09004_lr,1
9006,records100/09000/09006_lr,0
9007,records100/09000/09007_lr,0
9010,records100/09000/09010_lr,0
9011,records100/09000/09011_lr,0
9013,records100/09000/09013_lr,0
9014,records100/09000/09014_lr,0
9015,records100/09000/09015_lr,1
9016,records100/09000/09016_lr,1
9018,records100/09000/09018_lr,1
9019,records100/09000/09019_lr,0
9020,records100/09000/09020_lr,1
9021,records100/09000/09021_lr,1
9022,records100/09000/09022_lr,1
9023,records100/09000/09023_lr,1
9027,records100/09000/09027_lr,1
9028,records100/09000/09028_lr,0
9029,records100/09000/09029_lr,0
9030,records100/09000/09030_lr,1
9033,records100/09000/09033_lr,1
9034,records100/09000/09034_lr,1
9035,records100/09000/09035_lr,1
9036,records100/09000/09036_lr,0
9037,records100/09000/09037_lr,0
9038,records100/09000/09038_lr,0
9039,records100/09000/09039_lr,1
9043,records100/09000/09043_lr,0
9044,records100/09000/09044_lr,0
9045,records100/09000/09045_lr,1
9047,records100/09000/09047_lr,1
9048,records100/09000/09048_lr,0
9049,records100/09000/09049_lr,0
9052,records100/09000/09052_lr,0
9053,records100/09000/09053_lr,1
9054,records100/09000/09054_lr,1
9056,records100/09000/09056_lr,0
9057,records100/09000/09057_lr,0
9058,records100/09000/09058_lr,0
9059,records100/09000/09059_lr,1
9060,records100/09000/09060_lr,1
9065,records100/09000/09065_lr,0
9066,records100/09000/09066_lr,0
9067,records100/09000/09067_lr,1
9068,records100/09000/09068_lr,1
9069,records100/09000/09069_lr,0
9071,records100/09000/09071_lr,0
9072,records100/09000/09072_lr,0
9073,records100/09000/09073_lr,0
9075,records100/09000/09075_lr,0
9076,records100/09000/09076_lr,0
9077,records100/09000/09077_lr,0
9078,records100/09000/09078_lr,0
9079,records100/09000/09079_lr,0
9080,records100/09000/09080_lr,0
9082,records100/09000/09082_lr,0
9083,records100/09000/09083_lr,0
9085,records100/09000/09085_lr,0
9088,records100/09000/09088_lr,0
9090,records100/09000/09090_lr,0
9091,records100/09000/09091_lr,0
9092,records100/09000/09092_lr,0
9094,records100/09000/09094_lr,1
9096,records100/09000/09096_lr,1
9097,records100/09000/09097_lr,0
9098,records100/09000/09098_lr,1
9099,records100/09000/09099_lr,0
9100,records100/09000/09100_lr,1
9102,records100/09000/09102_lr,1
9103,records100/09000/09103_lr,0
9104,records100/09000/09104_lr,0
9106,records100/09000/09106_lr,0
9107,records100/09000/09107_lr,1
9109,records100/09000/09109_lr,0
9117,records100/09000/09117_lr,0
9118,records100/09000/09118_lr,0
9119,records100/09000/09119_lr,1
9120,records100/09000/09120_lr,0
9121,records100/09000/09121_lr,0
9123,records100/09000/09123_lr,0
9125,records100/09000/09125_lr,1
9126,records100/09000/09126_lr,0
9127,records100/09000/09127_lr,0
9128,records100/09000/09128_lr,0
9132,records100/09000/09132_lr,0
9133,records100/09000/09133_lr,0
9135,records100/09000/09135_lr,0
9137,records100/09000/09137_lr,0
9138,records100/09000/09138_lr,1
9139,records100/09000/09139_lr,0
9140,records100/09000/09140_lr,0
9142,records100/09000/09142_lr,0
9144,records100/09000/09144_lr,1
9145,records100/09000/09145_lr,1
9146,records100/09000/09146_lr,1
9147,records100/09000/09147_lr,0
9148,records100/09000/09148_lr,0
9149,records100/09000/09149_lr,0
9150,records100/09000/09150_lr,0
9151,records100/09000/09151_lr,0
9152,records100/09000/09152_lr,1
9154,records100/09000/09154_lr,1
9155,records100/09000/09155_lr,0
9160,records100/09000/09160_lr,1
9162,records100/09000/09162_lr,0
9164,records100/09000/09164_lr,0
9165,records100/09000/09165_lr,1
9168,records100/09000/09168_lr,1
9169,records100/09000/09169_lr,0
9170,records100/09000/09170_lr,1
9171,records100/09000/09171_lr,1
9172,records100/09000/09172_lr,1
9174,records100/09000/09174_lr,0
9175,records100/09000/09175_lr,0
9177,records100/09000/09177_lr,1
9178,records100/09000/09178_lr,0
9179,records100/09000/09179_lr,1
9180,records100/09000/09180_lr,1
9181,records100/09000/09181_lr,0
9184,records100/09000/09184_lr,0
9185,records100/09000/09185_lr,1
9186,records100/09000/09186_lr,1
9187,records100/09000/09187_lr,0
9190,records100/09000/09190_lr,0
9191,records100/09000/09191_lr,0
9196,records100/09000/09196_lr,0
9197,records100/09000/09197_lr,0
9198,records100/09000/09198_lr,1
9201,records100/09000/09201_lr,0
9204,records100/09000/09204_lr,0
9205,records100/09000/09205_lr,1
9207,records100/09000/09207_lr,0
9208,records100/09000/09208_lr,0
9212,records100/09000/09212_lr,1
9213,records100/09000/09213_lr,0
9215,records100/09000/09215_lr,0
9216,records100/09000/09216_lr,1
9218,records100/09000/09218_lr,1
9219,records100/09000/09219_lr,0
9222,records100/09000/09222_lr,1
9223,records100/09000/09223_lr,1
9224,records100/09000/09224_lr,0
9225,records100/09000/09225_lr,0
9226,records100/09000/09226_lr,1
9227,records100/09000/09227_lr,1
9229,records100/09000/09229_lr,0
9230,records100/09000/09230_lr,1
9231,records100/09000/09231_lr,0
9234,records100/09000/09234_lr,0
9235,records100/09000/09235_lr,1
9236,records100/09000/09236_lr,1
9238,records100/09000/09238_lr,0
9239,records100/09000/09239_lr,0
9240,records100/09000/09240_lr,0
9241,records100/09000/09241_lr,1
9242,records100/09000/09242_lr,1
9243,records100/09000/09243_lr,1
9244,records100/09000/09244_lr,1
9245,records100/09000/09245_lr,0
9247,records100/09000/09247_lr,1
9248,records100/09000/09248_lr,1
9249,records100/09000/09249_lr,0
9250,records100/09000/09250_lr,0
9251,records100/09000/09251_lr,1
9252,records100/09000/09252_lr,0
9254,records100/09000/09254_lr,0
9255,records100/09000/09255_lr,1
9257,records100/09000/09257_lr,0
9258,records100/09000/09258_lr,0
9261,records100/09000/09261_lr,0
9262,records100/09000/09262_lr,1
9263,records100/09000/09263_lr,0
9265,records100/09000/09265_lr,1
9266,records100/09000/09266_lr,0
9267,records100/09000/09267_lr,1
9268,records100/09000/09268_lr,1
9269,records100/09000/09269_lr,1
9271,records100/09000/09271_lr,1
9272,records100/09000/09272_lr,0
9273,records100/09000/09273_lr,0
9274,records100/09000/09274_lr,0
9276,records100/09000/09276_lr,0
9277,records100/09000/09277_lr,0
9278,records100/09000/09278_lr,0
9279,records100/09000/09279_lr,0
9282,records100/09000/09282_lr,0
9283,records100/09000/09283_lr,1
9285,records100/09000/09285_lr,0
9286,records100/09000/09286_lr,0
9288,records100/09000/09288_lr,0
9290,records100/09000/09290_lr,0
9291,records100/09000/09291_lr,0
9292,records100/09000/09292_lr,0
9293,records100/09000/09293_lr,1
9295,records100/09000/09295_lr,1
9297,records100/09000/09297_lr,1
9298,records100/09000/09298_lr,1
9300,records100/09000/09300_lr,0
9303,records100/09000/09303_lr,0
9304,records100/09000/09304_lr,0
9306,records100/09000/09306_lr,1
9308,records100/09000/09308_lr,1
9309,records100/09000/09309_lr,0
9310,records100/09000/09310_lr,0
9311,records100/09000/09311_lr,0
9314,records100/09000/09314_lr,0
9315,records100/09000/09315_lr,0
9316,records100/09000/09316_lr,0
9317,records100/09000/09317_lr,1
9320,records100/09000/09320_lr,0
9321,records100/09000/09321_lr,0
9322,records100/09000/09322_lr,1
9323,records100/09000/09323_lr,0
9325,records100/09000/09325_lr,0
9327,records100/09000/09327_lr,1
9329,records100/09000/09329_lr,1
9330,records100/09000/09330_lr,0
9331,records100/09000/09331_lr,1
9332,records100/09000/09332_lr,0
9333,records100/09000/09333_lr,0
9336,records100/09000/09336_lr,0
9337,records100/09000/09337_lr,1
9338,records100/09000/09338_lr,0
9339,records100/09000/09339_lr,0
9340,records100/09000/09340_lr,0
9341,records100/09000/09341_lr,0
9343,records100/09000/09343_lr,0
9344,records100/09000/09344_lr,0
9345,records100/09000/09345_lr,0
9346,records100/09000/09346_lr,1
9350,records100/09000/09350_lr,1
9352,records100/09000/09352_lr,0
9353,records100/09000/09353_lr,0
9354,records100/09000/09354_lr,0
9355,records100/09000/09355_lr,0
9356,records100/09000/09356_lr,1
9357,records100/09000/09357_lr,1
9358,records100/09000/09358_lr,0
9360,records100/09000/09360_lr,1
9361,records100/09000/09361_lr,1
9362,records100/09000/09362_lr,0
9363,records100/09000/09363_lr,0
9366,records100/09000/09366_lr,1
9367,records100/09000/09367_lr,0
9368,records100/09000/09368_lr,1
9369,records100/09000/09369_lr,1
9370,records100/09000/09370_lr,1
9372,records100/09000/09372_lr,0
9373,records100/09000/09373_lr,1
9374,records100/09000/09374_lr,0
9376,records100/09000/09376_lr,0
9378,records100/09000/09378_lr,1
9379,records100/09000/09379_lr,1
9380,records100/09000/09380_lr,1
9381,records100/09000/09381_lr,0
9382,records100/09000/09382_lr,1
9385,records100/09000/09385_lr,1
9386,records100/09000/09386_lr,0
9389,records100/09000/09389_lr,0
9390,records100/09000/09390_lr,0
9392,records100/09000/09392_lr,0
9393,records100/09000/09393_lr,0
9396,records100/09000/09396_lr,0
9397,records100/09000/09397_lr,0
9398,records100/09000/09398_lr,0
9399,records100/09000/09399_lr,0
9402,records100/09000/09402_lr,1
9403,records100/09000/09403_lr,1
9405,records100/09000/09405_lr,1
9406,records100/09000/09406_lr,0
9407,records100/09000/09407_lr,0
9408,records100/09000/09408_lr,1
9409,records100/09000/09409_lr,1
9410,records100/09000/09410_lr,0
9411,records100/09000/09411_lr,1
9412,records100/09000/09412_lr,1
9413,records100/09000/09413_lr,0
9414,records100/09000/09414_lr,0
9416,records100/09000/09416_lr,1
9417,records100/09000/09417_lr,0
9419,records100/09000/09419_lr,0
9421,records100/09000/09421_lr,0
9422,records100/09000/09422_lr,1
9423,records100/09000/09423_lr,0
9425,records100/09000/09425_lr,1
9426,records100/09000/09426_lr,0
9427,records100/09000/09427_lr,0
9429,records100/09000/09429_lr,0
9430,records100/09000/09430_lr,0
9431,records100/09000/09431_lr,0
9432,records100/09000/09432_lr,0
9433,records100/09000/09433_lr,0
9434,records100/09000/09434_lr,0
9436,records100/09000/09436_lr,0
9437,records100/09000/09437_lr,0
9438,records100/09000/09438_lr,0
9439,records100/09000/09439_lr,0
9440,records100/09000/09440_lr,0
9441,records100/09000/09441_lr,1
9442,records100/09000/09442_lr,1
9444,records100/09000/09444_lr,1
9445,records100/09000/09445_lr,1
9446,records100/09000/09446_lr,0
9447,records100/09000/09447_lr,0
9448,records100/09000/09448_lr,1
9449,records100/09000/09449_lr,0
9450,records100/09000/09450_lr,0
9452,records100/09000/09452_lr,1
9453,records100/09000/09453_lr,1
9454,records100/09000/09454_lr,0
9455,records100/09000/09455_lr,0
9456,records100/09000/09456_lr,0
9457,records100/09000/09457_lr,1
9459,records100/09000/09459_lr,0
9460,records100/09000/09460_lr,1
9461,records100/09000/09461_lr,0
9462,records100/09000/09462_lr,1
9463,records100/09000/09463_lr,0
9464,records100/09000/09464_lr,0
9465,records100/09000/09465_lr,0
9466,records100/09000/09466_lr,1
9467,records100/09000/09467_lr,1
9468,records100/09000/09468_lr,0
9469,records100/09000/09469_lr,0
9470,records100/09000/09470_lr,0
9471,records100/09000/09471_lr,1
9473,records100/09000/09473_lr,0
9475,records100/09000/09475_lr,0
9476,records100/09000/09476_lr,0
9477,records100/09000/09477_lr,0
9479,records100/09000/09479_lr,0
9480,records100/09000/09480_lr,1
9481,records100/09000/09481_lr,0
9482,records100/09000/09482_lr,1
9483,records100/09000/09483_lr,0
9484,records100/09000/09484_lr,1
9487,records100/09000/09487_lr,0
9488,records100/09000/09488_lr,1
9489,records100/09000/09489_lr,0
9490,records100/09000/09490_lr,1
9491,records100/09000/09491_lr,0
9492,records100/09000/09492_lr,0
9494,records100/09000/09494_lr,1
9495,records100/09000/09495_lr,0
9497,records100/09000/09497_lr,0
9498,records100/09000/09498_lr,1
9499,records100/09000/09499_lr,0
9500,records100/09000/09500_lr,1
9501,records100/09000/09501_lr,0
9504,records100/09000/09504_lr,0
9505,records100/09000/09505_lr,0
9507,records100/09000/09507_lr,1
9508,records100/09000/09508_lr,1
9510,records100/09000/09510_lr,1
9513,records100/09000/09513_lr,0
9515,records100/09000/09515_lr,0
9516,records100/09000/09516_lr,1
9517,records100/09000/09517_lr,0
9519,records100/09000/09519_lr,1
9520,records100/09000/09520_lr,1
9521,records100/09000/09521_lr,0
9522,records100/09000/09522_lr,1
9524,records100/09000/09524_lr,0
9526,records100/09000/09526_lr,0
9528,records100/09000/09528_lr,1
9529,records100/09000/09529_lr,0
9530,records100/09000/09530_lr,1
9531,records100/09000/09531_lr,0
9532,records100/09000/09532_lr,0
9533,records100/09000/09533_lr,1
9534,records100/09000/09534_lr,1
9536,records100/09000/09536_lr,1
9538,records100/09000/09538_lr,0
9539,records100/09000/09539_lr,0
9540,records100/09000/09540_lr,1
9541,records100/09000/09541_lr,0
9543,records100/09000/09543_lr,1
9545,records100/09000/09545_lr,1
9547,records100/09000/09547_lr,0
9548,records100/09000/09548_lr,1
9552,records100/09000/09552_lr,1
9555,records100/09000/09555_lr,0
9558,records100/09000/09558_lr,0
9559,records100/09000/09559_lr,1
9560,records100/09000/09560_lr,0
9563,records100/09000/09563_lr,1
9564,records100/09000/09564_lr,1
9566,records100/09000/09566_lr,0
9567,records100/09000/09567_lr,0
9569,records100/09000/09569_lr,1
9570,records100/09000/09570_lr,1
9574,records100/09000/09574_lr,0
9577,records100/09000/09577_lr,1
9578,records100/09000/09578_lr,1
9579,records100/09000/09579_lr,0
9582,records100/09000/09582_lr,0
9583,records100/09000/09583_lr,1
9584,records100/09000/09584_lr,0
9585,records100/09000/09585_lr,0
9588,records100/09000/09588_lr,1
9589,records100/09000/09589_lr,0
9590,records100/09000/09590_lr,1
9593,records100/09000/09593_lr,0
9594,records100/09000/09594_lr,0
9595,records100/09000/09595_lr,1
9596,records100/09000/09596_lr,1
9597,records100/09000/09597_lr,0
9599,records100/09000/09599_lr,1
9600,records100/09000/09600_lr,1
9601,records100/09000/09601_lr,0
9603,records100/09000/09603_lr,0
9604,records100/09000/09604_lr,0
9605,records100/09000/09605_lr,0
9606,records100/09000/09606_lr,0
9607,records100/09000/09607_lr,1
9609,records100/09000/09609_lr,0
9612,records100/09000/09612_lr,0
9613,records100/09000/09613_lr,1
9616,records100/09000/09616_lr,0
9617,records100/09000/09617_lr,1
9618,records100/09000/09618_lr,0
9619,records100/09000/09619_lr,0
9621,records100/09000/09621_lr,0
9622,records100/09000/09622_lr,0
9624,records100/09000/09624_lr,0
9625,records100/09000/09625_lr,0
9626,records100/09000/09626_lr,1
9627,records100/09000/09627_lr,0
9630,records100/09000/09630_lr,1
9631,records100/09000/09631_lr,0
9632,records100/09000/09632_lr,0
9634,records100/09000/09634_lr,1
9635,records100/09000/09635_lr,0
9636,records100/09000/09636_lr,0
9637,records100/09000/09637_lr,0
9640,records100/09000/09640_lr,1
9641,records100/09000/09641_lr,1
9643,records100/09000/09643_lr,1
9644,records100/09000/09644_lr,0
9645,records100/09000/09645_lr,0
9646,records100/09000/09646_lr,0
9647,records100/09000/09647_lr,1
9648,records100/09000/09648_lr,1
9652,records100/09000/09652_lr,0
9653,records100/09000/09653_lr,1
9655,records100/09000/09655_lr,1
9656,records100/09000/09656_lr,1
9658,records100/09000/09658_lr,0
9661,records100/09000/09661_lr,0
9664,records100/09000/09664_lr,0
9665,records100/09000/09665_lr,1
9667,records100/09000/09667_lr,0
9669,records100/09000/09669_lr,0
9670,records100/09000/09670_lr,0
9671,records100/09000/09671_lr,0
9672,records100/09000/09672_lr,0
9674,records100/09000/09674_lr,0
9677,records100/09000/09677_lr,0
9678,records100/09000/09678_lr,0
9679,records100/09000/09679_lr,1
9680,records100/09000/09680_lr,0
9681,records100/09000/09681_lr,0
9684,records100/09000/09684_lr,1
9685,records100/09000/09685_lr,1
9687,records100/09000/09687_lr,1
9688,records100/09000/09688_lr,0
9689,records100/09000/09689_lr,0
9690,records100/09000/09690_lr,1
9691,records100/09000/09691_lr,0
9693,records100/09000/09693_lr,1
9695,records100/09000/09695_lr,0
9696,records100/09000/09696_lr,0
9697,records100/09000/09697_lr,1
9698,records100/09000/09698_lr,0
9700,records100/09000/09700_lr,0
9701,records100/09000/09701_lr,1
9702,records100/09000/09702_lr,0
9704,records100/09000/09704_lr,0
9705,records100/09000/09705_lr,1
9709,records100/09000/09709_lr,1
9710,records100/09000/09710_lr,0
9711,records100/09000/09711_lr,0
9712,records100/09000/09712_lr,1
9713,records100/09000/09713_lr,1
9715,records100/09000/09715_lr,1
9719,records100/09000/09719_lr,1
9720,records100/09000/09720_lr,0
9723,records100/09000/09723_lr,0
9724,records100/09000/09724_lr,0
9725,records100/09000/09725_lr,0
9727,records100/09000/09727_lr,1
9728,records100/09000/09728_lr,0
9729,records100/09000/09729_lr,0
9731,records100/09000/09731_lr,0
9732,records100/09000/09732_lr,1
9733,records100/09000/09733_lr,0
9734,records100/09000/09734_lr,0
9736,records100/09000/09736_lr,0
9737,records100/09000/09737_lr,1
9739,records100/09000/09739_lr,1
9740,records100/09000/09740_lr,0
9741,records100/09000/09741_lr,0
9743,records100/09000/09743_lr,0
9744,records100/09000/09744_lr,0
9745,records100/09000/09745_lr,0
9748,records100/09000/09748_lr,0
9750,records100/09000/09750_lr,0
9752,records100/09000/09752_lr,0
9753,records100/09000/09753_lr,0
9754,records100/09000/09754_lr,0
9756,records100/09000/09756_lr,1
9757,records100/09000/09757_lr,1
9759,records100/09000/09759_lr,0
9760,records100/09000/09760_lr,0
9761,records100/09000/09761_lr,0
9762,records100/09000/09762_lr,0
9763,records100/09000/09763_lr,0
9764,records100/09000/09764_lr,0
9765,records100/09000/09765_lr,1
9766,records100/09000/09766_lr,0
9767,records100/09000/09767_lr,1
9768,records100/09000/09768_lr,1
9769,records100/09000/09769_lr,1
9770,records100/09000/09770_lr,0
9771,records100/09000/09771_lr,0
9772,records100/09000/09772_lr,0
9773,records100/09000/09773_lr,0
9775,records100/09000/09775_lr,1
9776,records100/09000/09776_lr,0
9777,records100/09000/09777_lr,0
9778,records100/09000/09778_lr,0
9779,records100/09000/09779_lr,0
9780,records100/09000/09780_lr,0
9781,records100/09000/09781_lr,1
9782,records100/09000/09782_lr,0
9783,records100/09000/09783_lr,0
9785,records100/09000/09785_lr,1
9786,records100/09000/09786_lr,1
9790,records100/09000/09790_lr,0
9792,records100/09000/09792_lr,0
9793,records100/09000/09793_lr,0
9794,records100/09000/09794_lr,1
9796,records100/09000/09796_lr,0
9797,records100/09000/09797_lr,0
9798,records100/09000/09798_lr,0
9799,records100/09000/09799_lr,0
9800,records100/09000/09800_lr,0
9802,records100/09000/09802_lr,0
9803,records100/09000/09803_lr,0
9804,records100/09000/09804_lr,0
9806,records100/09000/09806_lr,0
9807,records100/09000/09807_lr,1
9808,records100/09000/09808_lr,0
9809,records100/09000/09809_lr,0
9812,records100/09000/09812_lr,1
9814,records100/09000/09814_lr,0
9815,records100/09000/09815_lr,0
9816,records100/09000/09816_lr,0
9817,records100/09000/09817_lr,0
9818,records100/09000/09818_lr,0
9819,records100/09000/09819_lr,1
9820,records100/09000/09820_lr,0
9822,records100/09000/09822_lr,1
9826,records100/09000/09826_lr,0
9829,records100/09000/09829_lr,0
9830,records100/09000/09830_lr,0
9831,records100/09000/09831_lr,0
9834,records100/09000/09834_lr,1
9836,records100/09000/09836_lr,0
9837,records100/09000/09837_lr,0
9838,records100/09000/09838_lr,0
9840,records100/09000/09840_lr,0
9841,records100/09000/09841_lr,0
9843,records100/09000/09843_lr,0
9846,records100/09000/09846_lr,0
9848,records100/09000/09848_lr,0
9849,records100/09000/09849_lr,1
9850,records100/09000/09850_lr,0
9851,records100/09000/09851_lr,0
9852,records100/09000/09852_lr,0
9853,records100/09000/09853_lr,0
9854,records100/09000/09854_lr,1
9855,records100/09000/09855_lr,0
9856,records100/09000/09856_lr,0
9857,records100/09000/09857_lr,0
9859,records100/09000/09859_lr,0
9860,records100/09000/09860_lr,1
9864,records100/09000/09864_lr,0
9865,records100/09000/09865_lr,0
9868,records100/09000/09868_lr,0
9871,records100/09000/09871_lr,0
9872,records100/09000/09872_lr,1
9873,records100/09000/09873_lr,1
9874,records100/09000/09874_lr,0
9875,records100/09000/09875_lr,1
9876,records100/09000/09876_lr,1
9877,records100/09000/09877_lr,0
9878,records100/09000/09878_lr,0
9879,records100/09000/09879_lr,1
9881,records100/09000/09881_lr,0
9882,records100/09000/09882_lr,0
9883,records100/09000/09883_lr,0
9884,records100/09000/09884_lr,0
9885,records100/09000/09885_lr,0
9886,records100/09000/09886_lr,0
9889,records100/09000/09889_lr,1
9890,records100/09000/09890_lr,0
9891,records100/09000/09891_lr,1
9892,records100/09000/09892_lr,0
9893,records100/09000/09893_lr,0
9895,records100/09000/09895_lr,1
9896,records100/09000/09896_lr,0
9898,records100/09000/09898_lr,0
9900,records100/09000/09900_lr,0
9901,records100/09000/09901_lr,0
9902,records100/09000/09902_lr,1
9903,records100/09000/09903_lr,0
9904,records100/09000/09904_lr,0
9906,records100/09000/09906_lr,1
9907,records100/09000/09907_lr,0
9909,records100/09000/09909_lr,0
9911,records100/09000/09911_lr,0
9912,records100/09000/09912_lr,1
9913,records100/09000/09913_lr,1
9915,records100/09000/09915_lr,1
9916,records100/09000/09916_lr,0
9917,records100/09000/09917_lr,1
9918,records100/09000/09918_lr,0
9919,records100/09000/09919_lr,1
9920,records100/09000/09920_lr,0
9921,records100/09000/09921_lr,1
9923,records100/09000/09923_lr,0
9924,records100/09000/09924_lr,0
9927,records100/09000/09927_lr,1
9928,records100/09000/09928_lr,0
9929,records100/09000/09929_lr,1
9930,records100/09000/09930_lr,0
9933,records100/09000/09933_lr,1
9934,records100/09000/09934_lr,0
9936,records100/09000/09936_lr,0
9937,records100/09000/09937_lr,0
9938,records100/09000/09938_lr,0
9939,records100/09000/09939_lr,0
9940,records100/09000/09940_lr,0
9942,records100/09000/09942_lr,0
9945,records100/09000/09945_lr,0
9948,records100/09000/09948_lr,0
9950,records100/09000/09950_lr,0
9952,records100/09000/09952_lr,0
9953,records100/09000/09953_lr,1
9954,records100/09000/09954_lr,0
9955,records100/09000/09955_lr,0
9956,records100/09000/09956_lr,0
9958,records100/09000/09958_lr,0
9959,records100/09000/09959_lr,0
9960,records100/09000/09960_lr,0
9961,records100/09000/09961_lr,0
9963,records100/09000/09963_lr,0
9964,records100/09000/09964_lr,0
9965,records100/09000/09965_lr,1
9966,records100/09000/09966_lr,0
9967,records100/09000/09967_lr,1
9968,records100/09000/09968_lr,0
9969,records100/09000/09969_lr,0
9970,records100/09000/09970_lr,0
9971,records100/09000/09971_lr,0
9972,records100/09000/09972_lr,0
9973,records100/09000/09973_lr,0
9974,records100/09000/09974_lr,0
9975,records100/09000/09975_lr,0
9976,records100/09000/09976_lr,0
9977,records100/09000/09977_lr,0
9979,records100/09000/09979_lr,0
9980,records100/09000/09980_lr,0
9981,records100/09000/09981_lr,0
9982,records100/09000/09982_lr,0
9983,records100/09000/09983_lr,0
9984,records100/09000/09984_lr,0
9987,records100/09000/09987_lr,1
9988,records100/09000/09988_lr,1
9991,records100/09000/09991_lr,1
9992,records100/09000/09992_lr,0
9994,records100/09000/09994_lr,0
9995,records100/09000/09995_lr,0
9997,records100/09000/09997_lr,0
10000,records100/10000/10000_lr,0
10005,records100/10000/10005_lr,0
10007,records100/10000/10007_lr,0
10008,records100/10000/10008_lr,0
10009,records100/10000/10009_lr,1
10011,records100/10000/10011_lr,0
10012,records100/10000/10012_lr,1
10013,records100/10000/10013_lr,0
10014,records100/10000/10014_lr,0
10016,records100/10000/10016_lr,0
10017,records100/10000/10017_lr,1
10018,records100/10000/10018_lr,0
10019,records100/10000/10019_lr,0
10020,records100/10000/10020_lr,0
10021,records100/10000/10021_lr,1
10023,records100/10000/10023_lr,0
10025,records100/10000/10025_lr,1
10026,records100/10000/10026_lr,0
10028,records100/10000/10028_lr,0
10029,records100/10000/10029_lr,0
10030,records100/10000/10030_lr,1
10031,records100/10000/10031_lr,0
10033,records100/10000/10033_lr,0
10035,records100/10000/10035_lr,0
10036,records100/10000/10036_lr,1
10037,records100/10000/10037_lr,1
10038,records100/10000/10038_lr,0
10039,records100/10000/10039_lr,0
10040,records100/10000/10040_lr,0
10041,records100/10000/10041_lr,0
10042,records100/10000/10042_lr,0
10043,records100/10000/10043_lr,0
10044,records100/10000/10044_lr,1
10047,records100/10000/10047_lr,1
10048,records100/10000/10048_lr,1
10049,records100/10000/10049_lr,1
10050,records100/10000/10050_lr,0
10051,records100/10000/10051_lr,1
10052,records100/10000/10052_lr,1
10055,records100/10000/10055_lr,1
10056,records100/10000/10056_lr,0
10058,records100/10000/10058_lr,0
10059,records100/10000/10059_lr,0
10064,records100/10000/10064_lr,0
10068,records100/10000/10068_lr,0
10069,records100/10000/10069_lr,0
10070,records100/10000/10070_lr,1
10071,records100/10000/10071_lr,1
10072,records100/10000/10072_lr,0
10074,records100/10000/10074_lr,1
10075,records100/10000/10075_lr,1
10076,records100/10000/10076_lr,1
10077,records100/10000/10077_lr,0
10078,records100/10000/10078_lr,0
10079,records100/10000/10079_lr,0
10085,records100/10000/10085_lr,0
10087,records100/10000/10087_lr,0
10089,records100/10000/10089_lr,1
10090,records100/10000/10090_lr,0
10091,records100/10000/10091_lr,0
10093,records100/10000/10093_lr,0
10095,records100/10000/10095_lr,1
10096,records100/10000/10096_lr,1
10097,records100/10000/10097_lr,1
10098,records100/10000/10098_lr,0
10099,records100/10000/10099_lr,0
10100,records100/10000/10100_lr,0
10101,records100/10000/10101_lr,1
10103,records100/10000/10103_lr,0
10104,records100/10000/10104_lr,0
10106,records100/10000/10106_lr,0
10108,records100/10000/10108_lr,1
10110,records100/10000/10110_lr,0
10112,records100/10000/10112_lr,1
10113,records100/10000/10113_lr,0
10114,records100/10000/10114_lr,0
10116,records100/10000/10116_lr,0
10118,records100/10000/10118_lr,0
10119,records100/10000/10119_lr,0
10121,records100/10000/10121_lr,0
10122,records100/10000/10122_lr,0
10124,records100/10000/10124_lr,0
10125,records100/10000/10125_lr,0
10126,records100/10000/10126_lr,1
10128,records100/10000/10128_lr,0
10135,records100/10000/10135_lr,1
10141,records100/10000/10141_lr,0
10142,records100/10000/10142_lr,0
10143,records100/10000/10143_lr,0
10145,records100/10000/10145_lr,0
10146,records100/10000/10146_lr,0
10147,records100/10000/10147_lr,1
10148,records100/10000/10148_lr,0
10149,records100/10000/10149_lr,0
10151,records100/10000/10151_lr,0
10152,records100/10000/10152_lr,0
10153,records100/10000/10153_lr,0
10155,records100/10000/10155_lr,0
10156,records100/10000/10156_lr,0
10157,records100/10000/10157_lr,1
10158,records100/10000/10158_lr,0
10159,records100/10000/10159_lr,0
10161,records100/10000/10161_lr,1
10162,records100/10000/10162_lr,0
10163,records100/10000/10163_lr,0
10164,records100/10000/10164_lr,0
10165,records100/10000/10165_lr,1
10166,records100/10000/10166_lr,0
10167,records100/10000/10167_lr,0
10168,records100/10000/10168_lr,0
10170,records100/10000/10170_lr,0
10172,records100/10000/10172_lr,0
10174,records100/10000/10174_lr,0
10175,records100/10000/10175_lr,0
10176,records100/10000/10176_lr,0
10178,records100/10000/10178_lr,0
10181,records100/10000/10181_lr,0
10182,records100/10000/10182_lr,0
10183,records100/10000/10183_lr,0
10184,records100/10000/10184_lr,0
10185,records100/10000/10185_lr,1
10186,records100/10000/10186_lr,0
10187,records100/10000/10187_lr,0
10188,records100/10000/10188_lr,0
10189,records100/10000/10189_lr,0
10191,records100/10000/10191_lr,0
10192,records100/10000/10192_lr,0
10193,records100/10000/10193_lr,1
10194,records100/10000/10194_lr,1
10195,records100/10000/10195_lr,0
10197,records100/10000/10197_lr,0
10198,records100/10000/10198_lr,0
10201,records100/10000/10201_lr,1
10202,records100/10000/10202_lr,1
10203,records100/10000/10203_lr,0
10204,records100/10000/10204_lr,1
10206,records100/10000/10206_lr,0
10207,records100/10000/10207_lr,1
10208,records100/10000/10208_lr,0
10209,records100/10000/10209_lr,0
10210,records100/10000/10210_lr,1
10213,records100/10000/10213_lr,0
10214,records100/10000/10214_lr,0
10215,records100/10000/10215_lr,0
10216,records100/10000/10216_lr,0
10217,records100/10000/10217_lr,0
10220,records100/10000/10220_lr,0
10221,records100/10000/10221_lr,0
10227,records100/10000/10227_lr,0
10229,records100/10000/10229_lr,0
10230,records100/10000/10230_lr,0
10231,records100/10000/10231_lr,0
10232,records100/10000/10232_lr,0
10233,records100/10000/10233_lr,1
10235,records100/10000/10235_lr,0
10236,records100/10000/10236_lr,1
10237,records100/10000/10237_lr,1
10238,records100/10000/10238_lr,0
10239,records100/10000/10239_lr,0
10240,records100/10000/10240_lr,0
10241,records100/10000/10241_lr,0
10242,records100/10000/10242_lr,1
10243,records100/10000/10243_lr,1
10244,records100/10000/10244_lr,1
10245,records100/10000/10245_lr,1
10249,records100/10000/10249_lr,1
10250,records100/10000/10250_lr,0
10251,records100/10000/10251_lr,0
10254,records100/10000/10254_lr,1
10255,records100/10000/10255_lr,0
10256,records100/10000/10256_lr,0
10257,records100/10000/10257_lr,0
10258,records100/10000/10258_lr,1
10259,records100/10000/10259_lr,0
10260,records100/10000/10260_lr,1
10261,records100/10000/10261_lr,0
10262,records100/10000/10262_lr,1
10264,records100/10000/10264_lr,0
10265,records100/10000/10265_lr,0
10267,records100/10000/10267_lr,0
10268,records100/10000/10268_lr,0
10270,records100/10000/10270_lr,0
10271,records100/10000/10271_lr,0
10272,records100/10000/10272_lr,0
10273,records100/10000/10273_lr,1
10274,records100/10000/10274_lr,1
10275,records100/10000/10275_lr,0
10276,records100/10000/10276_lr,0
10277,records100/10000/10277_lr,0
10278,records100/10000/10278_lr,0
10280,records100/10000/10280_lr,0
10281,records100/10000/10281_lr,1
10282,records100/10000/10282_lr,1
10285,records100/10000/10285_lr,0
10286,records100/10000/10286_lr,0
10289,records100/10000/10289_lr,0
10290,records100/10000/10290_lr,0
10291,records100/10000/10291_lr,0
10292,records100/10000/10292_lr,0
10293,records100/10000/10293_lr,1
10294,records100/10000/10294_lr,0
10295,records100/10000/10295_lr,0
10297,records100/10000/10297_lr,0
10298,records100/10000/10298_lr,0
10299,records100/10000/10299_lr,0
10301,records100/10000/10301_lr,1
10303,records100/10000/10303_lr,0
10307,records100/10000/10307_lr,0
10308,records100/10000/10308_lr,1
10311,records100/10000/10311_lr,1
10312,records100/10000/10312_lr,0
10313,records100/10000/10313_lr,1
10314,records100/10000/10314_lr,1
10315,records100/10000/10315_lr,0
10316,records100/10000/10316_lr,0
10317,records100/10000/10317_lr,0
10318,records100/10000/10318_lr,0
10319,records100/10000/10319_lr,0
10323,records100/10000/10323_lr,1
10325,records100/10000/10325_lr,0
10326,records100/10000/10326_lr,0
10327,records100/10000/10327_lr,0
10328,records100/10000/10328_lr,1
10329,records100/10000/10329_lr,0
10330,records100/10000/10330_lr,0
10332,records100/10000/10332_lr,0
10334,records100/10000/10334_lr,1
10335,records100/10000/10335_lr,0
10337,records100/10000/10337_lr,0
10338,records100/10000/10338_lr,0
10341,records100/10000/10341_lr,0
10343,records100/10000/10343_lr,1
10345,records100/10000/10345_lr,1
10346,records100/10000/10346_lr,1
10347,records100/10000/10347_lr,1
10348,records100/10000/10348_lr,0
10350,records100/10000/10350_lr,0
10351,records100/10000/10351_lr,0
10352,records100/10000/10352_lr,0
10354,records100/10000/10354_lr,0
10356,records100/10000/10356_lr,0
10357,records100/10000/10357_lr,0
10358,records100/10000/10358_lr,0
10361,records100/10000/10361_lr,1
10362,records100/10000/10362_lr,1
10363,records100/10000/10363_lr,0
10364,records100/10000/10364_lr,0
10365,records100/10000/10365_lr,1
10366,records100/10000/10366_lr,0
10367,records100/10000/10367_lr,1
10368,records100/10000/10368_lr,0
10369,records100/10000/10369_lr,0
10370,records100/10000/10370_lr,1
10372,records100/10000/10372_lr,0
10373,records100/10000/10373_lr,0
10374,records100/10000/10374_lr,0
10375,records100/10000/10375_lr,0
10377,records100/10000/10377_lr,0
10378,records100/10000/10378_lr,0
10380,records100/10000/10380_lr,0
10382,records100/10000/10382_lr,0
10384,records100/10000/10384_lr,0
10385,records100/10000/10385_lr,0
10386,records100/10000/10386_lr,0
10389,records100/10000/10389_lr,1
10391,records100/10000/10391_lr,0
10393,records100/10000/10393_lr,0
10394,records100/10000/10394_lr,0
10396,records100/10000/10396_lr,0
10397,records100/10000/10397_lr,0
10398,records100/10000/10398_lr,0
10400,records100/10000/10400_lr,1
10404,records100/10000/10404_lr,1
10405,records100/10000/10405_lr,0
10406,records100/10000/10406_lr,1
10407,records100/10000/10407_lr,0
10408,records100/10000/10408_lr,0
10409,records100/10000/10409_lr,0
10412,records100/10000/10412_lr,0
10413,records100/10000/10413_lr,0
10414,records100/10000/10414_lr,1
10416,records100/10000/10416_lr,1
10417,records100/10000/10417_lr,1
10418,records100/10000/10418_lr,0
10419,records100/10000/10419_lr,1
10420,records100/10000/10420_lr,0
10421,records100/10000/10421_lr,0
10422,records100/10000/10422_lr,0
10423,records100/10000/10423_lr,0
10424,records100/10000/10424_lr,0
10427,records100/10000/10427_lr,0
10428,records100/10000/10428_lr,0
10429,records100/10000/10429_lr,1
10430,records100/10000/10430_lr,1
10431,records100/10000/10431_lr,0
10432,records100/10000/10432_lr,0
10433,records100/10000/10433_lr,0
10434,records100/10000/10434_lr,0
10435,records100/10000/10435_lr,0
10436,records100/10000/10436_lr,0
10437,records100/10000/10437_lr,1
10438,records100/10000/10438_lr,0
10440,records100/10000/10440_lr,0
10441,records100/10000/10441_lr,0
10442,records100/10000/10442_lr,1
10443,records100/10000/10443_lr,0
10445,records100/10000/10445_lr,0
10446,records100/10000/10446_lr,1
10447,records100/10000/10447_lr,0
10448,records100/10000/10448_lr,1
10449,records100/10000/10449_lr,1
10450,records100/10000/10450_lr,1
10451,records100/10000/10451_lr,0
10452,records100/10000/10452_lr,1
10453,records100/10000/10453_lr,1
10454,records100/10000/10454_lr,0
10455,records100/10000/10455_lr,1
10457,records100/10000/10457_lr,0
10458,records100/10000/10458_lr,1
10460,records100/10000/10460_lr,0
10461,records100/10000/10461_lr,0
10462,records100/10000/10462_lr,0
10463,records100/10000/10463_lr,1
10464,records100/10000/10464_lr,1
10465,records100/10000/10465_lr,0
10467,records100/10000/10467_lr,1
10468,records100/10000/10468_lr,0
10471,records100/10000/10471_lr,0
10472,records100/10000/10472_lr,0
10473,records100/10000/10473_lr,1
10474,records100/10000/10474_lr,1
10475,records100/10000/10475_lr,0
10476,records100/10000/10476_lr,1
10478,records100/10000/10478_lr,1
10479,records100/10000/10479_lr,1
10481,records100/10000/10481_lr,1
10483,records100/10000/10483_lr,0
10484,records100/10000/10484_lr,0
10486,records100/10000/10486_lr,1
10489,records100/10000/10489_lr,0
10490,records100/10000/10490_lr,1
10491,records100/10000/10491_lr,0
10492,records100/10000/10492_lr,0
10495,records100/10000/10495_lr,0
10496,records100/10000/10496_lr,1
10497,records100/10000/10497_lr,0
10498,records100/10000/10498_lr,0
10500,records100/10000/10500_lr,1
10502,records100/10000/10502_lr,1
10503,records100/10000/10503_lr,0
10504,records100/10000/10504_lr,0
10506,records100/10000/10506_lr,1
10508,records100/10000/10508_lr,0
10509,records100/10000/10509_lr,0
10511,records100/10000/10511_lr,0
10515,records100/10000/10515_lr,1
10519,records100/10000/10519_lr,0
10521,records100/10000/10521_lr,1
10523,records100/10000/10523_lr,0
10524,records100/10000/10524_lr,0
10525,records100/10000/10525_lr,1
10526,records100/10000/10526_lr,1
10527,records100/10000/10527_lr,0
10528,records100/10000/10528_lr,0
10529,records100/10000/10529_lr,1
10530,records100/10000/10530_lr,0
10531,records100/10000/10531_lr,0
10532,records100/10000/10532_lr,1
10533,records100/10000/10533_lr,0
10534,records100/10000/10534_lr,0
10535,records100/10000/10535_lr,0
10536,records100/10000/10536_lr,0
10537,records100/10000/10537_lr,0
10538,records100/10000/10538_lr,1
10539,records100/10000/10539_lr,1
10541,records100/10000/10541_lr,0
10542,records100/10000/10542_lr,1
10543,records100/10000/10543_lr,0
10545,records100/10000/10545_lr,0
10546,records100/10000/10546_lr,0
10547,records100/10000/10547_lr,0
10548,records100/10000/10548_lr,1
10549,records100/10000/10549_lr,0
10552,records100/10000/10552_lr,0
10553,records100/10000/10553_lr,1
10554,records100/10000/10554_lr,1
10557,records100/10000/10557_lr,1
10559,records100/10000/10559_lr,0
10560,records100/10000/10560_lr,0
10561,records100/10000/10561_lr,0
10567,records100/10000/10567_lr,1
10568,records100/10000/10568_lr,1
10570,records100/10000/10570_lr,0
10571,records100/10000/10571_lr,1
10572,records100/10000/10572_lr,0
10573,records100/10000/10573_lr,1
10574,records100/10000/10574_lr,1
10578,records100/10000/10578_lr,0
10581,records100/10000/10581_lr,1
10582,records100/10000/10582_lr,0
10583,records100/10000/10583_lr,0
10584,records100/10000/10584_lr,0
10585,records100/10000/10585_lr,0
10587,records100/10000/10587_lr,1
10588,records100/10000/10588_lr,0
10589,records100/10000/10589_lr,0
10591,records100/10000/10591_lr,1
10592,records100/10000/10592_lr,0
10593,records100/10000/10593_lr,0
10595,records100/10000/10595_lr,0
10596,records100/10000/10596_lr,0
10597,records100/10000/10597_lr,0
10598,records100/10000/10598_lr,1
10599,records100/10000/10599_lr,1
10600,records100/10000/10600_lr,0
10603,records100/10000/10603_lr,0
10606,records100/10000/10606_lr,0
10607,records100/10000/10607_lr,0
10609,records100/10000/10609_lr,1
10610,records100/10000/10610_lr,0
10612,records100/10000/10612_lr,0
10614,records100/10000/10614_lr,1
10615,records100/10000/10615_lr,1
10617,records100/10000/10617_lr,0
10619,records100/10000/10619_lr,1
10620,records100/10000/10620_lr,0
10621,records100/10000/10621_lr,0
10622,records100/10000/10622_lr,0
10623,records100/10000/10623_lr,1
10625,records100/10000/10625_lr,1
10627,records100/10000/10627_lr,0
10628,records100/10000/10628_lr,1
10629,records100/10000/10629_lr,0
10630,records100/10000/10630_lr,0
10631,records100/10000/10631_lr,0
10632,records100/10000/10632_lr,1
10633,records100/10000/10633_lr,1
10634,records100/10000/10634_lr,0
10635,records100/10000/10635_lr,0
10641,records100/10000/10641_lr,0
10644,records100/10000/10644_lr,0
10646,records100/10000/10646_lr,1
10648,records100/10000/10648_lr,0
10650,records100/10000/10650_lr,0
10651,records100/10000/10651_lr,0
10652,records100/10000/10652_lr,1
10653,records100/10000/10653_lr,0
10654,records100/10000/10654_lr,1
10655,records100/10000/10655_lr,0
10657,records100/10000/10657_lr,1
10658,records100/10000/10658_lr,0
10660,records100/10000/10660_lr,1
10662,records100/10000/10662_lr,1
10664,records100/10000/10664_lr,0
10665,records100/10000/10665_lr,0
10666,records100/10000/10666_lr,0
10668,records100/10000/10668_lr,1
10669,records100/10000/10669_lr,0
10670,records100/10000/10670_lr,0
10673,records100/10000/10673_lr,1
10674,records100/10000/10674_lr,0
10679,records100/10000/10679_lr,0
10680,records100/10000/10680_lr,0
10681,records100/10000/10681_lr,0
10682,records100/10000/10682_lr,0
10684,records100/10000/10684_lr,0
10685,records100/10000/10685_lr,0
10686,records100/10000/10686_lr,0
10687,records100/10000/10687_lr,0
10688,records100/10000/10688_lr,0
10690,records100/10000/10690_lr,0
10691,records100/10000/10691_lr,0
10692,records100/10000/10692_lr,0
10693,records100/10000/10693_lr,0
10694,records100/10000/10694_lr,0
10696,records100/10000/10696_lr,0
10697,records100/10000/10697_lr,1
10699,records100/10000/10699_lr,0
10700,records100/10000/10700_lr,0
10705,records100/10000/10705_lr,0
10707,records100/10000/10707_lr,1
10710,records100/10000/10710_lr,0
10711,records100/10000/10711_lr,0
10712,records100/10000/10712_lr,0
10713,records100/10000/10713_lr,0
10714,records100/10000/10714_lr,1
10715,records100/10000/10715_lr,1
10716,records100/10000/10716_lr,0
10717,records100/10000/10717_lr,0
10718,records100/10000/10718_lr,0
10719,records100/10000/10719_lr,1
10720,records100/10000/10720_lr,1
10721,records100/10000/10721_lr,1
10725,records100/10000/10725_lr,1
10726,records100/10000/10726_lr,1
10728,records100/10000/10728_lr,1
10731,records100/10000/10731_lr,0
10732,records100/10000/10732_lr,0
10734,records100/10000/10734_lr,1
10735,records100/10000/10735_lr,0
10737,records100/10000/10737_lr,1
10740,records100/10000/10740_lr,0
10742,records100/10000/10742_lr,1
10744,records100/10000/10744_lr,1
10745,records100/10000/10745_lr,0
10747,records100/10000/10747_lr,0
10748,records100/10000/10748_lr,0
10749,records100/10000/10749_lr,0
10750,records100/10000/10750_lr,0
10755,records100/10000/10755_lr,1
10756,records100/10000/10756_lr,0
10758,records100/10000/10758_lr,0
10759,records100/10000/10759_lr,0
10760,records100/10000/10760_lr,0
10761,records100/10000/10761_lr,1
10762,records100/10000/10762_lr,0
10767,records100/10000/10767_lr,0
10768,records100/10000/10768_lr,0
10769,records100/10000/10769_lr,1
10770,records100/10000/10770_lr,0
10771,records100/10000/10771_lr,1
10773,records100/10000/10773_lr,0
10774,records100/10000/10774_lr,0
10776,records100/10000/10776_lr,0
10779,records100/10000/10779_lr,1
10781,records100/10000/10781_lr,0
10782,records100/10000/10782_lr,1
10783,records100/10000/10783_lr,0
10786,records100/10000/10786_lr,1
10787,records100/10000/10787_lr,0
10788,records100/10000/10788_lr,0
10790,records100/10000/10790_lr,1
10791,records100/10000/10791_lr,1
10792,records100/10000/10792_lr,1
10795,records100/10000/10795_lr,0
10798,records100/10000/10798_lr,0
10799,records100/10000/10799_lr,0
10804,records100/10000/10804_lr,0
10806,records100/10000/10806_lr,0
10807,records100/10000/10807_lr,1
10808,records100/10000/10808_lr,0
10810,records100/10000/10810_lr,0
10812,records100/10000/10812_lr,0
10813,records100/10000/10813_lr,1
10814,records100/10000/10814_lr,1
10818,records100/10000/10818_lr,1
10820,records100/10000/10820_lr,0
10821,records100/10000/10821_lr,0
10823,records100/10000/10823_lr,0
10824,records100/10000/10824_lr,0
10826,records100/10000/10826_lr,1
10827,records100/10000/10827_lr,0
10828,records100/10000/10828_lr,1
10829,records100/10000/10829_lr,0
10830,records100/10000/10830_lr,0
10831,records100/10000/10831_lr,0
10832,records100/10000/10832_lr,1
10833,records100/10000/10833_lr,0
10834,records100/10000/10834_lr,0
10835,records100/10000/10835_lr,1
10836,records100/10000/10836_lr,0
10837,records100/10000/10837_lr,1
10838,records100/10000/10838_lr,1
10840,records100/10000/10840_lr,0
10841,records100/10000/10841_lr,0
10842,records100/10000/10842_lr,0
10844,records100/10000/10844_lr,1
10845,records100/10000/10845_lr,0
10846,records100/10000/10846_lr,0
10847,records100/10000/10847_lr,0
10849,records100/10000/10849_lr,1
10850,records100/10000/10850_lr,0
10852,records100/10000/10852_lr,1
10853,records100/10000/10853_lr,0
10854,records100/10000/10854_lr,0
10855,records100/10000/10855_lr,0
10856,records100/10000/10856_lr,0
10857,records100/10000/10857_lr,0
10858,records100/10000/10858_lr,0
10863,records100/10000/10863_lr,1
10864,records100/10000/10864_lr,1
10865,records100/10000/10865_lr,1
10866,records100/10000/10866_lr,1
10867,records100/10000/10867_lr,1
10871,records100/10000/10871_lr,0
10872,records100/10000/10872_lr,1
10873,records100/10000/10873_lr,1
10874,records100/10000/10874_lr,1
10878,records100/10000/10878_lr,1
10879,records100/10000/10879_lr,1
10880,records100/10000/10880_lr,1
10881,records100/10000/10881_lr,1
10883,records100/10000/10883_lr,0
10884,records100/10000/10884_lr,0
10885,records100/10000/10885_lr,0
10886,records100/10000/10886_lr,1
10887,records100/10000/10887_lr,0
10888,records100/10000/10888_lr,1
10889,records100/10000/10889_lr,0
10890,records100/10000/10890_lr,1
10891,records100/10000/10891_lr,0
10892,records100/10000/10892_lr,1
10893,records100/10000/10893_lr,1
10896,records100/10000/10896_lr,0
10898,records100/10000/10898_lr,1
10899,records100/10000/10899_lr,0
10901,records100/10000/10901_lr,1
10902,records100/10000/10902_lr,1
10903,records100/10000/10903_lr,0
10904,records100/10000/10904_lr,0
10905,records100/10000/10905_lr,0
10906,records100/10000/10906_lr,0
10911,records100/10000/10911_lr,0
10912,records100/10000/10912_lr,1
10914,records100/10000/10914_lr,1
10915,records100/10000/10915_lr,0
10917,records100/10000/10917_lr,0
10919,records100/10000/10919_lr,1
10920,records100/10000/10920_lr,0
10924,records100/10000/10924_lr,1
10926,records100/10000/10926_lr,0
10928,records100/10000/10928_lr,0
10929,records100/10000/10929_lr,1
10932,records100/10000/10932_lr,1
10937,records100/10000/10937_lr,1
10938,records100/10000/10938_lr,1
10940,records100/10000/10940_lr,1
10941,records100/10000/10941_lr,1
10942,records100/10000/10942_lr,1
10944,records100/10000/10944_lr,1
10946,records100/10000/10946_lr,1
10947,records100/10000/10947_lr,0
10949,records100/10000/10949_lr,1
10950,records100/10000/10950_lr,1
10951,records100/10000/10951_lr,0
10953,records100/10000/10953_lr,1
10955,records100/10000/10955_lr,0
10956,records100/10000/10956_lr,0
10957,records100/10000/10957_lr,0
10958,records100/10000/10958_lr,0
10959,records100/10000/10959_lr,0
10960,records100/10000/10960_lr,0
10961,records100/10000/10961_lr,1
10962,records100/10000/10962_lr,0
10964,records100/10000/10964_lr,0
10965,records100/10000/10965_lr,1
10966,records100/10000/10966_lr,1
10968,records100/10000/10968_lr,0
10969,records100/10000/10969_lr,0
10970,records100/10000/10970_lr,0
10972,records100/10000/10972_lr,1
10973,records100/10000/10973_lr,0
10974,records100/10000/10974_lr,0
10975,records100/10000/10975_lr,0
10976,records100/10000/10976_lr,0
10977,records100/10000/10977_lr,1
10978,records100/10000/10978_lr,1
10979,records100/10000/10979_lr,0
10981,records100/10000/10981_lr,0
10982,records100/10000/10982_lr,1
10983,records100/10000/10983_lr,0
10984,records100/10000/10984_lr,1
10985,records100/10000/10985_lr,0
10987,records100/10000/10987_lr,0
10989,records100/10000/10989_lr,0
10990,records100/10000/10990_lr,0
10992,records100/10000/10992_lr,0
10993,records100/10000/10993_lr,0
10995,records100/10000/10995_lr,1
10997,records100/10000/10997_lr,0
10998,records100/10000/10998_lr,1
11000,records100/11000/11000_lr,0
11001,records100/11000/11001_lr,1
11002,records100/11000/11002_lr,0
11003,records100/11000/11003_lr,1
11005,records100/11000/11005_lr,1
11007,records100/11000/11007_lr,1
11008,records100/11000/11008_lr,0
11009,records100/11000/11009_lr,1
11010,records100/11000/11010_lr,1
11011,records100/11000/11011_lr,0
11012,records100/11000/11012_lr,0
11013,records100/11000/11013_lr,1
11014,records100/11000/11014_lr,0
11017,records100/11000/11017_lr,0
11018,records100/11000/11018_lr,1
11019,records100/11000/11019_lr,1
11021,records100/11000/11021_lr,0
11022,records100/11000/11022_lr,0
11023,records100/11000/11023_lr,1
11025,records100/11000/11025_lr,1
11026,records100/11000/11026_lr,1
11027,records100/11000/11027_lr,0
11029,records100/11000/11029_lr,1
11031,records100/11000/11031_lr,1
11032,records100/11000/11032_lr,1
11033,records100/11000/11033_lr,1
11037,records100/11000/11037_lr,1
11038,records100/11000/11038_lr,1
11039,records100/11000/11039_lr,1
11040,records100/11000/11040_lr,1
11041,records100/11000/11041_lr,0
11043,records100/11000/11043_lr,1
11044,records100/11000/11044_lr,0
11047,records100/11000/11047_lr,1
11049,records100/11000/11049_lr,0
11050,records100/11000/11050_lr,0
11055,records100/11000/11055_lr,0
11056,records100/11000/11056_lr,0
11057,records100/11000/11057_lr,0
11058,records100/11000/11058_lr,0
11060,records100/11000/11060_lr,1
11061,records100/11000/11061_lr,1
11064,records100/11000/11064_lr,0
11065,records100/11000/11065_lr,0
11066,records100/11000/11066_lr,1
11067,records100/11000/11067_lr,0
11069,records100/11000/11069_lr,0
11071,records100/11000/11071_lr,1
11072,records100/11000/11072_lr,0
11073,records100/11000/11073_lr,1
11074,records100/11000/11074_lr,0
11076,records100/11000/11076_lr,0
11077,records100/11000/11077_lr,0
11078,records100/11000/11078_lr,0
11079,records100/11000/11079_lr,0
11082,records100/11000/11082_lr,0
11083,records100/11000/11083_lr,1
11084,records100/11000/11084_lr,0
11085,records100/11000/11085_lr,1
11086,records100/11000/11086_lr,0
11087,records100/11000/11087_lr,0
11088,records100/11000/11088_lr,0
11089,records100/11000/11089_lr,1
11092,records100/11000/11092_lr,0
11096,records100/11000/11096_lr,1
11097,records100/11000/11097_lr,1
11098,records100/11000/11098_lr,0
11101,records100/11000/11101_lr,1
11102,records100/11000/11102_lr,0
11104,records100/11000/11104_lr,1
11105,records100/11000/11105_lr,0
11106,records100/11000/11106_lr,1
11108,records100/11000/11108_lr,1
11110,records100/11000/11110_lr,1
11111,records100/11000/11111_lr,1
11112,records100/11000/11112_lr,0
11113,records100/11000/11113_lr,0
11114,records100/11000/11114_lr,0
11115,records100/11000/11115_lr,0
11116,records100/11000/11116_lr,0
11118,records100/11000/11118_lr,1
11119,records100/11000/11119_lr,1
11120,records100/11000/11120_lr,0
11121,records100/11000/11121_lr,0
11122,records100/11000/11122_lr,0
11124,records100/11000/11124_lr,0
11125,records100/11000/11125_lr,1
11126,records100/11000/11126_lr,0
11127,records100/11000/11127_lr,0
11128,records100/11000/11128_lr,0
11129,records100/11000/11129_lr,0
11131,records100/11000/11131_lr,0
11134,records100/11000/11134_lr,1
11136,records100/11000/11136_lr,0
11137,records100/11000/11137_lr,0
11138,records100/11000/11138_lr,0
11139,records100/11000/11139_lr,1
11141,records100/11000/11141_lr,0
11142,records100/11000/11142_lr,0
11143,records100/11000/11143_lr,0
11144,records100/11000/11144_lr,0
11145,records100/11000/11145_lr,0
11147,records100/11000/11147_lr,0
11148,records100/11000/11148_lr,1
11149,records100/11000/11149_lr,0
11151,records100/11000/11151_lr,0
11152,records100/11000/11152_lr,0
11153,records100/11000/11153_lr,1
11155,records100/11000/11155_lr,0
11158,records100/11000/11158_lr,1
11160,records100/11000/11160_lr,1
11161,records100/11000/11161_lr,1
11164,records100/11000/11164_lr,1
11166,records100/11000/11166_lr,1
11167,records100/11000/11167_lr,1
11168,records100/11000/11168_lr,0
11169,records100/11000/11169_lr,0
11170,records100/11000/11170_lr,1
11171,records100/11000/11171_lr,1
11172,records100/11000/11172_lr,0
11173,records100/11000/11173_lr,1
11175,records100/11000/11175_lr,0
11176,records100/11000/11176_lr,1
11177,records100/11000/11177_lr,1
11178,records100/11000/11178_lr,0
11179,records100/11000/11179_lr,1
11180,records100/11000/11180_lr,1
11181,records100/11000/11181_lr,0
11182,records100/11000/11182_lr,0
11184,records100/11000/11184_lr,0
11186,records100/11000/11186_lr,1
11187,records100/11000/11187_lr,1
11188,records100/11000/11188_lr,0
11189,records100/11000/11189_lr,1
11191,records100/11000/11191_lr,1
11192,records100/11000/11192_lr,1
11194,records100/11000/11194_lr,1
11195,records100/11000/11195_lr,0
11196,records100/11000/11196_lr,0
11197,records100/11000/11197_lr,1
11198,records100/11000/11198_lr,0
11199,records100/11000/11199_lr,0
11200,records100/11000/11200_lr,0
11202,records100/11000/11202_lr,0
11204,records100/11000/11204_lr,0
11206,records100/11000/11206_lr,1
11209,records100/11000/11209_lr,0
11210,records100/11000/11210_lr,0
11211,records100/11000/11211_lr,0
11212,records100/11000/11212_lr,1
11213,records100/11000/11213_lr,0
11214,records100/11000/11214_lr,1
11215,records100/11000/11215_lr,1
11217,records100/11000/11217_lr,1
11220,records100/11000/11220_lr,1
11222,records100/11000/11222_lr,0
11224,records100/11000/11224_lr,1
11225,records100/11000/11225_lr,0
11227,records100/11000/11227_lr,1
11228,records100/11000/11228_lr,0
11230,records100/11000/11230_lr,0
11231,records100/11000/11231_lr,1
11232,records100/11000/11232_lr,1
11233,records100/11000/11233_lr,0
11234,records100/11000/11234_lr,0
11235,records100/11000/11235_lr,1
11237,records100/11000/11237_lr,1
11238,records100/11000/11238_lr,1
11240,records100/11000/11240_lr,0
11241,records100/11000/11241_lr,1
11242,records100/11000/11242_lr,0
11243,records100/11000/11243_lr,1
11244,records100/11000/11244_lr,1
11245,records100/11000/11245_lr,0
11246,records100/11000/11246_lr,1
11247,records100/11000/11247_lr,0
11248,records100/11000/11248_lr,0
11249,records100/11000/11249_lr,0
11250,records100/11000/11250_lr,1
11252,records100/11000/11252_lr,0
11253,records100/11000/11253_lr,0
11254,records100/11000/11254_lr,0
11255,records100/11000/11255_lr,1
11256,records100/11000/11256_lr,0
11257,records100/11000/11257_lr,0
11258,records100/11000/11258_lr,1
11259,records100/11000/11259_lr,1
11260,records100/11000/11260_lr,1
11261,records100/11000/11261_lr,1
11263,records100/11000/11263_lr,1
11265,records100/11000/11265_lr,0
11267,records100/11000/11267_lr,0
11271,records100/11000/11271_lr,0
11272,records100/11000/11272_lr,1
11273,records100/11000/11273_lr,1
11275,records100/11000/11275_lr,1
11276,records100/11000/11276_lr,0
11277,records100/11000/11277_lr,0
11279,records100/11000/11279_lr,0
11281,records100/11000/11281_lr,0
11283,records100/11000/11283_lr,1
11285,records100/11000/11285_lr,1
11286,records100/11000/11286_lr,1
11287,records100/11000/11287_lr,1
11289,records100/11000/11289_lr,1
11291,records100/11000/11291_lr,1
11292,records100/11000/11292_lr,0
11293,records100/11000/11293_lr,1
11294,records100/11000/11294_lr,0
11296,records100/11000/11296_lr,1
11298,records100/11000/11298_lr,0
11299,records100/11000/11299_lr,0
11301,records100/11000/11301_lr,1
11302,records100/11000/11302_lr,1
11303,records100/11000/11303_lr,1
11304,records100/11000/11304_lr,0
11306,records100/11000/11306_lr,0
11307,records100/11000/11307_lr,0
11309,records100/11000/11309_lr,0
11310,records100/11000/11310_lr,1
11312,records100/11000/11312_lr,1
11314,records100/11000/11314_lr,0
11316,records100/11000/11316_lr,0
11317,records100/11000/11317_lr,1
11318,records100/11000/11318_lr,0
11319,records100/11000/11319_lr,1
11320,records100/11000/11320_lr,1
11321,records100/11000/11321_lr,0
11324,records100/11000/11324_lr,0
11325,records100/11000/11325_lr,0
11326,records100/11000/11326_lr,1
11329,records100/11000/11329_lr,1
11330,records100/11000/11330_lr,1
11331,records100/11000/11331_lr,0
11332,records100/11000/11332_lr,0
11333,records100/11000/11333_lr,0
11336,records100/11000/11336_lr,1
11337,records100/11000/11337_lr,0
11339,records100/11000/11339_lr,1
11340,records100/11000/11340_lr,0
11341,records100/11000/11341_lr,0
11342,records100/11000/11342_lr,1
11345,records100/11000/11345_lr,0
11347,records100/11000/11347_lr,0
11348,records100/11000/11348_lr,0
11350,records100/11000/11350_lr,1
11351,records100/11000/11351_lr,0
11352,records100/11000/11352_lr,1
11353,records100/11000/11353_lr,1
11354,records100/11000/11354_lr,0
11355,records100/11000/11355_lr,0
11357,records100/11000/11357_lr,0
11358,records100/11000/11358_lr,0
11359,records100/11000/11359_lr,1
11361,records100/11000/11361_lr,0
11363,records100/11000/11363_lr,1
11364,records100/11000/11364_lr,0
11366,records100/11000/11366_lr,0
11367,records100/11000/11367_lr,0
11368,records100/11000/11368_lr,0
11369,records100/11000/11369_lr,0
11370,records100/11000/11370_lr,1
11372,records100/11000/11372_lr,0
11373,records100/11000/11373_lr,0
11374,records100/11000/11374_lr,1
11375,records100/11000/11375_lr,0
11376,records100/11000/11376_lr,1
11379,records100/11000/11379_lr,0
11381,records100/11000/11381_lr,0
11382,records100/11000/11382_lr,0
11384,records100/11000/11384_lr,1
11385,records100/11000/11385_lr,0
11388,records100/11000/11388_lr,0
11391,records100/11000/11391_lr,1
11392,records100/11000/11392_lr,0
11395,records100/11000/11395_lr,1
11396,records100/11000/11396_lr,1
11397,records100/11000/11397_lr,1
11398,records100/11000/11398_lr,1
11399,records100/11000/11399_lr,0
11402,records100/11000/11402_lr,0
11403,records100/11000/11403_lr,0
11404,records100/11000/11404_lr,0
11406,records100/11000/11406_lr,1
11407,records100/11000/11407_lr,0
11408,records100/11000/11408_lr,1
11409,records100/11000/11409_lr,1
11411,records100/11000/11411_lr,0
11414,records100/11000/11414_lr,0
11416,records100/11000/11416_lr,0
11419,records100/11000/11419_lr,0
11421,records100/11000/11421_lr,0
11422,records100/11000/11422_lr,1
11423,records100/11000/11423_lr,0
11424,records100/11000/11424_lr,1
11425,records100/11000/11425_lr,0
11426,records100/11000/11426_lr,1
11427,records100/11000/11427_lr,1
11428,records100/11000/11428_lr,0
11429,records100/11000/11429_lr,0
11431,records100/11000/11431_lr,1
11432,records100/11000/11432_lr,0
11433,records100/11000/11433_lr,0
11434,records100/11000/11434_lr,1
11435,records100/11000/11435_lr,0
11438,records100/11000/11438_lr,0
11439,records100/11000/11439_lr,0
11440,records100/11000/11440_lr,0
11442,records100/11000/11442_lr,1
11443,records100/11000/11443_lr,1
11445,records100/11000/11445_lr,0
11446,records100/11000/11446_lr,0
11448,records100/11000/11448_lr,0
11450,records100/11000/11450_lr,1
11451,records100/11000/11451_lr,0
11452,records100/11000/11452_lr,0
11453,records100/11000/11453_lr,1
11454,records100/11000/11454_lr,0
11455,records100/11000/11455_lr,0
11456,records100/11000/11456_lr,0
11457,records100/11000/11457_lr,1
11459,records100/11000/11459_lr,0
11460,records100/11000/11460_lr,1
11461,records100/11000/11461_lr,0
11462,records100/11000/11462_lr,0
11464,records100/11000/11464_lr,1
11465,records100/11000/11465_lr,0
11467,records100/11000/11467_lr,0
11470,records100/11000/11470_lr,0
11471,records100/11000/11471_lr,0
11472,records100/11000/11472_lr,1
11473,records100/11000/11473_lr,0
11477,records100/11000/11477_lr,1
11478,records100/11000/11478_lr,0
11483,records100/11000/11483_lr,1
11484,records100/11000/11484_lr,0
11485,records100/11000/11485_lr,1
11486,records100/11000/11486_lr,0
11488,records100/11000/11488_lr,1
11489,records100/11000/11489_lr,0
11490,records100/11000/11490_lr,0
11492,records100/11000/11492_lr,0
11493,records100/11000/11493_lr,0
11497,records100/11000/11497_lr,0
11498,records100/11000/11498_lr,1
11499,records100/11000/11499_lr,0
11500,records100/11000/11500_lr,1
11501,records100/11000/11501_lr,0
11502,records100/11000/11502_lr,0
11503,records100/11000/11503_lr,0
11504,records100/11000/11504_lr,0
11507,records100/11000/11507_lr,0
11509,records100/11000/11509_lr,1
11511,records100/11000/11511_lr,0
11512,records100/11000/11512_lr,1
11515,records100/11000/11515_lr,0
11519,records100/11000/11519_lr,0
11520,records100/11000/11520_lr,0
11522,records100/11000/11522_lr,0
11523,records100/11000/11523_lr,0
11525,records100/11000/11525_lr,1
11527,records100/11000/11527_lr,1
11528,records100/11000/11528_lr,0
11530,records100/11000/11530_lr,0
11531,records100/11000/11531_lr,0
11532,records100/11000/11532_lr,0
11533,records100/11000/11533_lr,0
11534,records100/11000/11534_lr,0
11536,records100/11000/11536_lr,1
11537,records100/11000/11537_lr,0
11538,records100/11000/11538_lr,0
11542,records100/11000/11542_lr,1
11543,records100/11000/11543_lr,0
11544,records100/11000/11544_lr,1
11545,records100/11000/11545_lr,1
11547,records100/11000/11547_lr,1
11548,records100/11000/11548_lr,0
11549,records100/11000/11549_lr,0
11552,records100/11000/11552_lr,0
11553,records100/11000/11553_lr,0
11554,records100/11000/11554_lr,1
11558,records100/11000/11558_lr,0
11559,records100/11000/11559_lr,0
11561,records100/11000/11561_lr,0
11563,records100/11000/11563_lr,0
11564,records100/11000/11564_lr,0
11565,records100/11000/11565_lr,1
11566,records100/11000/11566_lr,1
11569,records100/11000/11569_lr,1
11570,records100/11000/11570_lr,0
11574,records100/11000/11574_lr,0
11575,records100/11000/11575_lr,0
11576,records100/11000/11576_lr,0
11580,records100/11000/11580_lr,0
11581,records100/11000/11581_lr,1
11582,records100/11000/11582_lr,0
11583,records100/11000/11583_lr,1
11584,records100/11000/11584_lr,0
11585,records100/11000/11585_lr,1
11586,records100/11000/11586_lr,0
11587,records100/11000/11587_lr,0
11588,records100/11000/11588_lr,1
11592,records100/11000/11592_lr,1
11593,records100/11000/11593_lr,1
11596,records100/11000/11596_lr,0
11598,records100/11000/11598_lr,0
11600,records100/11000/11600_lr,0
11601,records100/11000/11601_lr,0
11602,records100/11000/11602_lr,1
11603,records100/11000/11603_lr,0
11604,records100/11000/11604_lr,0
11605,records100/11000/11605_lr,1
11606,records100/11000/11606_lr,0
11608,records100/11000/11608_lr,1
11609,records100/11000/11609_lr,0
11610,records100/11000/11610_lr,0
11611,records100/11000/11611_lr,0
11613,records100/11000/11613_lr,0
11615,records100/11000/11615_lr,0
11616,records100/11000/11616_lr,1
11617,records100/11000/11617_lr,0
11619,records100/11000/11619_lr,0
11621,records100/11000/11621_lr,1
11622,records100/11000/11622_lr,0
11623,records100/11000/11623_lr,0
11624,records100/11000/11624_lr,0
11625,records100/11000/11625_lr,0
11627,records100/11000/11627_lr,0
11628,records100/11000/11628_lr,0
11629,records100/11000/11629_lr,1
11631,records100/11000/11631_lr,0
11632,records100/11000/11632_lr,0
11633,records100/11000/11633_lr,0
11634,records100/11000/11634_lr,0
11635,records100/11000/11635_lr,0
11637,records100/11000/11637_lr,1
11638,records100/11000/11638_lr,1
11641,records100/11000/11641_lr,1
11643,records100/11000/11643_lr,1
11645,records100/11000/11645_lr,1
11646,records100/11000/11646_lr,1
11647,records100/11000/11647_lr,0
11648,records100/11000/11648_lr,1
11649,records100/11000/11649_lr,1
11650,records100/11000/11650_lr,1
11652,records100/11000/11652_lr,1
11653,records100/11000/11653_lr,0
11654,records100/11000/11654_lr,0
11655,records100/11000/11655_lr,1
11657,records100/11000/11657_lr,1
11658,records100/11000/11658_lr,1
11659,records100/11000/11659_lr,1
11660,records100/11000/11660_lr,0
11662,records100/11000/11662_lr,1
11663,records100/11000/11663_lr,1
11664,records100/11000/11664_lr,1
11666,records100/11000/11666_lr,0
11667,records100/11000/11667_lr,0
11668,records100/11000/11668_lr,1
11669,records100/11000/11669_lr,0
11670,records100/11000/11670_lr,0
11671,records100/11000/11671_lr,1
11673,records100/11000/11673_lr,0
11676,records100/11000/11676_lr,1
11677,records100/11000/11677_lr,0
11678,records100/11000/11678_lr,1
11679,records100/11000/11679_lr,0
11680,records100/11000/11680_lr,1
11683,records100/11000/11683_lr,0
11684,records100/11000/11684_lr,0
11686,records100/11000/11686_lr,1
11687,records100/11000/11687_lr,1
11688,records100/11000/11688_lr,0
11689,records100/11000/11689_lr,1
11692,records100/11000/11692_lr,0
11693,records100/11000/11693_lr,0
11694,records100/11000/11694_lr,0
11695,records100/11000/11695_lr,0
11696,records100/11000/11696_lr,0
11697,records100/11000/11697_lr,0
11698,records100/11000/11698_lr,0
11699,records100/11000/11699_lr,1
11701,records100/11000/11701_lr,1
11702,records100/11000/11702_lr,0
11703,records100/11000/11703_lr,0
11704,records100/11000/11704_lr,0
11705,records100/11000/11705_lr,0
11706,records100/11000/11706_lr,0
11708,records100/11000/11708_lr,0
11710,records100/11000/11710_lr,0
11711,records100/11000/11711_lr,0
11713,records100/11000/11713_lr,0
11714,records100/11000/11714_lr,0
11715,records100/11000/11715_lr,1
11717,records100/11000/11717_lr,1
11718,records100/11000/11718_lr,0
11719,records100/11000/11719_lr,1
11720,records100/11000/11720_lr,0
11721,records100/11000/11721_lr,0
11722,records100/11000/11722_lr,0
11723,records100/11000/11723_lr,0
11725,records100/11000/11725_lr,1
11726,records100/11000/11726_lr,1
11727,records100/11000/11727_lr,0
11731,records100/11000/11731_lr,0
11732,records100/11000/11732_lr,0
11733,records100/11000/11733_lr,1
11734,records100/11000/11734_lr,0
11736,records100/11000/11736_lr,0
11739,records100/11000/11739_lr,0
11742,records100/11000/11742_lr,0
11743,records100/11000/11743_lr,1
11744,records100/11000/11744_lr,1
11745,records100/11000/11745_lr,0
11747,records100/11000/11747_lr,1
11748,records100/11000/11748_lr,1
11749,records100/11000/11749_lr,0
11750,records100/11000/11750_lr,0
11751,records100/11000/11751_lr,1
11753,records100/11000/11753_lr,0
11755,records100/11000/11755_lr,1
11756,records100/11000/11756_lr,1
11757,records100/11000/11757_lr,1
11762,records100/11000/11762_lr,0
11764,records100/11000/11764_lr,0
11765,records100/11000/11765_lr,0
11767,records100/11000/11767_lr,1
11768,records100/11000/11768_lr,0
11769,records100/11000/11769_lr,1
11770,records100/11000/11770_lr,1
11771,records100/11000/11771_lr,0
11773,records100/11000/11773_lr,1
11779,records100/11000/11779_lr,1
11780,records100/11000/11780_lr,0
11781,records100/11000/11781_lr,0
11782,records100/11000/11782_lr,0
11783,records100/11000/11783_lr,0
11784,records100/11000/11784_lr,1
11786,records100/11000/11786_lr,1
11787,records100/11000/11787_lr,1
11789,records100/11000/11789_lr,0
11790,records100/11000/11790_lr,0
11791,records100/11000/11791_lr,0
11792,records100/11000/11792_lr,0
11793,records100/11000/11793_lr,1
11794,records100/11000/11794_lr,0
11795,records100/11000/11795_lr,0
11796,records100/11000/11796_lr,1
11797,records100/11000/11797_lr,0
11798,records100/11000/11798_lr,0
11799,records100/11000/11799_lr,1
11800,records100/11000/11800_lr,0
11801,records100/11000/11801_lr,0
11802,records100/11000/11802_lr,0
11803,records100/11000/11803_lr,0
11805,records100/11000/11805_lr,0
11806,records100/11000/11806_lr,1
11807,records100/11000/11807_lr,0
11808,records100/11000/11808_lr,0
11809,records100/11000/11809_lr,0
11811,records100/11000/11811_lr,1
11813,records100/11000/11813_lr,0
11819,records100/11000/11819_lr,0
11820,records100/11000/11820_lr,0
11821,records100/11000/11821_lr,1
11823,records100/11000/11823_lr,1
11824,records100/11000/11824_lr,0
11825,records100/11000/11825_lr,0
11829,records100/11000/11829_lr,0
11831,records100/11000/11831_lr,0
11832,records100/11000/11832_lr,1
11833,records100/11000/11833_lr,0
11835,records100/11000/11835_lr,0
11836,records100/11000/11836_lr,1
11839,records100/11000/11839_lr,1
11841,records100/11000/11841_lr,1
11842,records100/11000/11842_lr,0
11843,records100/11000/11843_lr,0
11844,records100/11000/11844_lr,1
11845,records100/11000/11845_lr,1
11846,records100/11000/11846_lr,1
11850,records100/11000/11850_lr,0
11853,records100/11000/11853_lr,0
11855,records100/11000/11855_lr,1
11856,records100/11000/11856_lr,1
11857,records100/11000/11857_lr,0
11858,records100/11000/11858_lr,0
11861,records100/11000/11861_lr,0
11862,records100/11000/11862_lr,0
11863,records100/11000/11863_lr,1
11864,records100/11000/11864_lr,0
11866,records100/11000/11866_lr,1
11869,records100/11000/11869_lr,1
11871,records100/11000/11871_lr,1
11872,records100/11000/11872_lr,1
11874,records100/11000/11874_lr,0
11875,records100/11000/11875_lr,1
11876,records100/11000/11876_lr,0
11877,records100/11000/11877_lr,1
11878,records100/11000/11878_lr,0
11880,records100/11000/11880_lr,1
11881,records100/11000/11881_lr,1
11883,records100/11000/11883_lr,1
11884,records100/11000/11884_lr,0
11885,records100/11000/11885_lr,0
11887,records100/11000/11887_lr,0
11888,records100/11000/11888_lr,0
11890,records100/11000/11890_lr,0
11891,records100/11000/11891_lr,0
11892,records100/11000/11892_lr,1
11893,records100/11000/11893_lr,1
11896,records100/11000/11896_lr,1
11898,records100/11000/11898_lr,0
11899,records100/11000/11899_lr,1
11900,records100/11000/11900_lr,0
11902,records100/11000/11902_lr,1
11903,records100/11000/11903_lr,1
11904,records100/11000/11904_lr,1
11905,records100/11000/11905_lr,0
11907,records100/11000/11907_lr,0
11908,records100/11000/11908_lr,0
11912,records100/11000/11912_lr,0
11913,records100/11000/11913_lr,0
11917,records100/11000/11917_lr,1
11918,records100/11000/11918_lr,0
11919,records100/11000/11919_lr,1
11921,records100/11000/11921_lr,0
11924,records100/11000/11924_lr,0
11925,records100/11000/11925_lr,0
11926,records100/11000/11926_lr,1
11928,records100/11000/11928_lr,0
11929,records100/11000/11929_lr,1
11930,records100/11000/11930_lr,0
11931,records100/11000/11931_lr,0
11932,records100/11000/11932_lr,0
11933,records100/11000/11933_lr,0
11934,records100/11000/11934_lr,0
11935,records100/11000/11935_lr,0
11936,records100/11000/11936_lr,0
11937,records100/11000/11937_lr,1
11938,records100/11000/11938_lr,0
11939,records100/11000/11939_lr,0
11940,records100/11000/11940_lr,1
11941,records100/11000/11941_lr,0
11942,records100/11000/11942_lr,0
11943,records100/11000/11943_lr,0
11944,records100/11000/11944_lr,1
11946,records100/11000/11946_lr,0
11948,records100/11000/11948_lr,1
11950,records100/11000/11950_lr,0
11951,records100/11000/11951_lr,0
11955,records100/11000/11955_lr,0
11956,records100/11000/11956_lr,0
11957,records100/11000/11957_lr,0
11958,records100/11000/11958_lr,1
11959,records100/11000/11959_lr,0
11960,records100/11000/11960_lr,0
11961,records100/11000/11961_lr,0
11962,records100/11000/11962_lr,0
11963,records100/11000/11963_lr,1
11964,records100/11000/11964_lr,1
11965,records100/11000/11965_lr,0
11966,records100/11000/11966_lr,0
11968,records100/11000/11968_lr,0
11969,records100/11000/11969_lr,1
11970,records100/11000/11970_lr,1
11973,records100/11000/11973_lr,0
11974,records100/11000/11974_lr,0
11975,records100/11000/11975_lr,0
11979,records100/11000/11979_lr,0
11981,records100/11000/11981_lr,1
11983,records100/11000/11983_lr,1
11984,records100/11000/11984_lr,0
11985,records100/11000/11985_lr,1
11986,records100/11000/11986_lr,0
11987,records100/11000/11987_lr,0
11988,records100/11000/11988_lr,0
11989,records100/11000/11989_lr,0
11990,records100/11000/11990_lr,0
11991,records100/11000/11991_lr,0
11992,records100/11000/11992_lr,0
11995,records100/11000/11995_lr,0
11996,records100/11000/11996_lr,0
11998,records100/11000/11998_lr,1
12001,records100/12000/12001_lr,0
12002,records100/12000/12002_lr,0
12004,records100/12000/12004_lr,0
12005,records100/12000/12005_lr,0
12006,records100/12000/12006_lr,0
12007,records100/12000/12007_lr,0
12008,records100/12000/12008_lr,0
12010,records100/12000/12010_lr,0
12014,records100/12000/12014_lr,0
12020,records100/12000/12020_lr,0
12022,records100/12000/12022_lr,0
12024,records100/12000/12024_lr,1
12029,records100/12000/12029_lr,0
12030,records100/12000/12030_lr,0
12032,records100/12000/12032_lr,1
12033,records100/12000/12033_lr,0
12034,records100/12000/12034_lr,0
12035,records100/12000/12035_lr,1
12036,records100/12000/12036_lr,1
12037,records100/12000/12037_lr,1
12038,records100/12000/12038_lr,0
12040,records100/12000/12040_lr,0
12041,records100/12000/12041_lr,0
12043,records100/12000/12043_lr,0
12046,records100/12000/12046_lr,0
12048,records100/12000/12048_lr,0
12049,records100/12000/12049_lr,1
12050,records100/12000/12050_lr,0
12051,records100/12000/12051_lr,0
12053,records100/12000/12053_lr,1
12055,records100/12000/12055_lr,0
12056,records100/12000/12056_lr,0
12059,records100/12000/12059_lr,0
12060,records100/12000/12060_lr,0
12061,records100/12000/12061_lr,0
12062,records100/12000/12062_lr,1
12064,records100/12000/12064_lr,0
12065,records100/12000/12065_lr,0
12067,records100/12000/12067_lr,0
12069,records100/12000/12069_lr,1
12071,records100/12000/12071_lr,0
12072,records100/12000/12072_lr,0
12073,records100/12000/12073_lr,0
12074,records100/12000/12074_lr,0
12075,records100/12000/12075_lr,0
12076,records100/12000/12076_lr,0
12077,records100/12000/12077_lr,1
12078,records100/12000/12078_lr,1
12079,records100/12000/12079_lr,0
12080,records100/12000/12080_lr,0
12081,records100/12000/12081_lr,1
12082,records100/12000/12082_lr,0
12084,records100/12000/12084_lr,1
12086,records100/12000/12086_lr,0
12088,records100/12000/12088_lr,0
12089,records100/12000/12089_lr,0
12090,records100/12000/12090_lr,1
12092,records100/12000/12092_lr,1
12093,records100/12000/12093_lr,0
12095,records100/12000/12095_lr,0
12097,records100/12000/12097_lr,0
12099,records100/12000/12099_lr,0
12100,records100/12000/12100_lr,1
12101,records100/12000/12101_lr,0
12103,records100/12000/12103_lr,1
12104,records100/12000/12104_lr,0
12105,records100/12000/12105_lr,0
12107,records100/12000/12107_lr,1
12108,records100/12000/12108_lr,0
12109,records100/12000/12109_lr,0
12110,records100/12000/12110_lr,0
12111,records100/12000/12111_lr,0
12112,records100/12000/12112_lr,1
12114,records100/12000/12114_lr,0
12115,records100/12000/12115_lr,0
12116,records100/12000/12116_lr,0
12117,records100/12000/12117_lr,0
12118,records100/12000/12118_lr,0
12119,records100/12000/12119_lr,0
12120,records100/12000/12120_lr,0
12123,records100/12000/12123_lr,0
12124,records100/12000/12124_lr,1
12127,records100/12000/12127_lr,0
12128,records100/12000/12128_lr,0
12129,records100/12000/12129_lr,0
12130,records100/12000/12130_lr,1
12132,records100/12000/12132_lr,0
12133,records100/12000/12133_lr,0
12134,records100/12000/12134_lr,0
12135,records100/12000/12135_lr,0
12137,records100/12000/12137_lr,1
12138,records100/12000/12138_lr,1
12139,records100/12000/12139_lr,0
12140,records100/12000/12140_lr,0
12142,records100/12000/12142_lr,0
12143,records100/12000/12143_lr,1
12144,records100/12000/12144_lr,0
12145,records100/12000/12145_lr,1
12146,records100/12000/12146_lr,0
12147,records100/12000/12147_lr,0
12148,records100/12000/12148_lr,0
12150,records100/12000/12150_lr,1
12151,records100/12000/12151_lr,1
12152,records100/12000/12152_lr,0
12153,records100/12000/12153_lr,1
12154,records100/12000/12154_lr,0
12156,records100/12000/12156_lr,1
12158,records100/12000/12158_lr,0
12160,records100/12000/12160_lr,0
12162,records100/12000/12162_lr,1
12163,records100/12000/12163_lr,0
12164,records100/12000/12164_lr,0
12166,records100/12000/12166_lr,0
12167,records100/12000/12167_lr,1
12169,records100/12000/12169_lr,1
12170,records100/12000/12170_lr,0
12171,records100/12000/12171_lr,0
12172,records100/12000/12172_lr,0
12173,records100/12000/12173_lr,1
12174,records100/12000/12174_lr,0
12175,records100/12000/12175_lr,0
12176,records100/12000/12176_lr,1
12179,records100/12000/12179_lr,0
12180,records100/12000/12180_lr,0
12181,records100/12000/12181_lr,0
12182,records100/12000/12182_lr,0
12183,records100/12000/12183_lr,0
12184,records100/12000/12184_lr,0
12185,records100/12000/12185_lr,0
12187,records100/12000/12187_lr,0
12188,records100/12000/12188_lr,0
12189,records100/12000/12189_lr,1
12190,records100/12000/12190_lr,1
12191,records100/12000/12191_lr,1
12193,records100/12000/12193_lr,0
12194,records100/12000/12194_lr,0
12197,records100/12000/12197_lr,1
12198,records100/12000/12198_lr,1
12199,records100/12000/12199_lr,0
12200,records100/12000/12200_lr,0
12201,records100/12000/12201_lr,1
12202,records100/12000/12202_lr,0
12206,records100/12000/12206_lr,1
12207,records100/12000/12207_lr,1
12208,records100/12000/12208_lr,1
12209,records100/12000/12209_lr,1
12210,records100/12000/12210_lr,0
12212,records100/12000/12212_lr,1
12213,records100/12000/12213_lr,1
12214,records100/12000/12214_lr,0
12216,records100/12000/12216_lr,0
12217,records100/12000/12217_lr,1
12218,records100/12000/12218_lr,0
12219,records100/12000/12219_lr,0
12220,records100/12000/12220_lr,0
12221,records100/12000/12221_lr,1
12222,records100/12000/12222_lr,0
12223,records100/12000/12223_lr,1
12224,records100/12000/12224_lr,1
12226,records100/12000/12226_lr,0
12228,records100/12000/12228_lr,1
12229,records100/12000/12229_lr,0
12230,records100/12000/12230_lr,0
12231,records100/12000/12231_lr,1
12232,records100/12000/12232_lr,0
12235,records100/12000/12235_lr,1
12237,records100/12000/12237_lr,1
12238,records100/12000/12238_lr,0
12241,records100/12000/12241_lr,1
12242,records100/12000/12242_lr,1
12243,records100/12000/12243_lr,0
12246,records100/12000/12246_lr,0
12249,records100/12000/12249_lr,1
12250,records100/12000/12250_lr,0
12251,records100/12000/12251_lr,0
12253,records100/12000/12253_lr,0
12254,records100/12000/12254_lr,0
12255,records100/12000/12255_lr,0
12256,records100/12000/12256_lr,0
12257,records100/12000/12257_lr,0
12258,records100/12000/12258_lr,1
12260,records100/12000/12260_lr,1
12261,records100/12000/12261_lr,0
12262,records100/12000/12262_lr,1
12263,records100/12000/12263_lr,0
12266,records100/12000/12266_lr,0
12267,records100/12000/12267_lr,0
12268,records100/12000/12268_lr,0
12270,records100/12000/12270_lr,0
12271,records100/12000/12271_lr,0
12272,records100/12000/12272_lr,0
12274,records100/12000/12274_lr,0
12275,records100/12000/12275_lr,0
12276,records100/12000/12276_lr,0
12277,records100/12000/12277_lr,0
12278,records100/12000/12278_lr,0
12280,records100/12000/12280_lr,0
12282,records100/12000/12282_lr,0
12283,records100/12000/12283_lr,0
12284,records100/12000/12284_lr,0
12285,records100/12000/12285_lr,1
12287,records100/12000/12287_lr,0
12288,records100/12000/12288_lr,1
12289,records100/12000/12289_lr,0
12290,records100/12000/12290_lr,1
12291,records100/12000/12291_lr,0
12293,records100/12000/12293_lr,0
12294,records100/12000/12294_lr,0
12295,records100/12000/12295_lr,0
12296,records100/12000/12296_lr,0
12297,records100/12000/12297_lr,1
12298,records100/12000/12298_lr,0
12299,records100/12000/12299_lr,0
12300,records100/12000/12300_lr,1
12306,records100/12000/12306_lr,0
12308,records100/12000/12308_lr,1
12310,records100/12000/12310_lr,0
12312,records100/12000/12312_lr,0
12313,records100/12000/12313_lr,0
12314,records100/12000/12314_lr,1
12315,records100/12000/12315_lr,0
12316,records100/12000/12316_lr,0
12319,records100/12000/12319_lr,0
12320,records100/12000/12320_lr,0
12321,records100/12000/12321_lr,0
12322,records100/12000/12322_lr,1
12324,records100/12000/12324_lr,1
12326,records100/12000/12326_lr,0
12327,records100/12000/12327_lr,0
12328,records100/12000/12328_lr,1
12330,records100/12000/12330_lr,0
12331,records100/12000/12331_lr,1
12332,records100/12000/12332_lr,0
12334,records100/12000/12334_lr,1
12335,records100/12000/12335_lr,1
12336,records100/12000/12336_lr,0
12337,records100/12000/12337_lr,0
12340,records100/12000/12340_lr,1
12344,records100/12000/12344_lr,0
12345,records100/12000/12345_lr,0
12347,records100/12000/12347_lr,0
12348,records100/12000/12348_lr,0
12349,records100/12000/12349_lr,1
12351,records100/12000/12351_lr,0
12354,records100/12000/12354_lr,1
12355,records100/12000/12355_lr,0
12356,records100/12000/12356_lr,0
12357,records100/12000/12357_lr,0
12358,records100/12000/12358_lr,0
12359,records100/12000/12359_lr,0
12361,records100/12000/12361_lr,0
12362,records100/12000/12362_lr,0
12364,records100/12000/12364_lr,1
12365,records100/12000/12365_lr,0
12366,records100/12000/12366_lr,0
12367,records100/12000/12367_lr,1
12368,records100/12000/12368_lr,1
12370,records100/12000/12370_lr,0
12373,records100/12000/12373_lr,1
12376,records100/12000/12376_lr,0
12378,records100/12000/12378_lr,1
12380,records100/12000/12380_lr,0
12381,records100/12000/12381_lr,1
12382,records100/12000/12382_lr,0
12383,records100/12000/12383_lr,1
12388,records100/12000/12388_lr,1
12389,records100/12000/12389_lr,0
12390,records100/12000/12390_lr,0
12395,records100/12000/12395_lr,0
12396,records100/12000/12396_lr,0
12397,records100/12000/12397_lr,0
12398,records100/12000/12398_lr,1
12401,records100/12000/12401_lr,0
12403,records100/12000/12403_lr,1
12405,records100/12000/12405_lr,1
12406,records100/12000/12406_lr,1
12407,records100/12000/12407_lr,0
12408,records100/12000/12408_lr,0
12409,records100/12000/12409_lr,0
12411,records100/12000/12411_lr,0
12413,records100/12000/12413_lr,0
12414,records100/12000/12414_lr,0
12418,records100/12000/12418_lr,1
12419,records100/12000/12419_lr,1
12420,records100/12000/12420_lr,0
12421,records100/12000/12421_lr,1
12422,records100/12000/12422_lr,1
12423,records100/12000/12423_lr,0
12426,records100/12000/12426_lr,1
12427,records100/12000/12427_lr,0
12428,records100/12000/12428_lr,1
12429,records100/12000/12429_lr,1
12430,records100/12000/12430_lr,1
12431,records100/12000/12431_lr,1
12432,records100/12000/12432_lr,1
12433,records100/12000/12433_lr,1
12435,records100/12000/12435_lr,1
12436,records100/12000/12436_lr,0
12438,records100/12000/12438_lr,0
12439,records100/12000/12439_lr,0
12442,records100/12000/12442_lr,1
12444,records100/12000/12444_lr,1
12445,records100/12000/12445_lr,1
12446,records100/12000/12446_lr,0
12447,records100/12000/12447_lr,1
12448,records100/12000/12448_lr,0
12449,records100/12000/12449_lr,1
12451,records100/12000/12451_lr,0
12452,records100/12000/12452_lr,0
12453,records100/12000/12453_lr,0
12454,records100/12000/12454_lr,1
12455,records100/12000/12455_lr,0
12457,records100/12000/12457_lr,0
12458,records100/12000/12458_lr,0
12460,records100/12000/12460_lr,0
12462,records100/12000/12462_lr,1
12465,records100/12000/12465_lr,0
12466,records100/12000/12466_lr,0
12467,records100/12000/12467_lr,0
12468,records100/12000/12468_lr,0
12469,records100/12000/12469_lr,0
12470,records100/12000/12470_lr,0
12471,records100/12000/12471_lr,0
12472,records100/12000/12472_lr,0
12474,records100/12000/12474_lr,0
12475,records100/12000/12475_lr,0
12477,records100/12000/12477_lr,0
12478,records100/12000/12478_lr,0
12479,records100/12000/12479_lr,0
12480,records100/12000/12480_lr,0
12482,records100/12000/12482_lr,0
12484,records100/12000/12484_lr,1
12485,records100/12000/12485_lr,0
12486,records100/12000/12486_lr,0
12487,records100/12000/12487_lr,0
12488,records100/12000/12488_lr,1
12490,records100/12000/12490_lr,1
12491,records100/12000/12491_lr,0
12492,records100/12000/12492_lr,0
12493,records100/12000/12493_lr,1
12494,records100/12000/12494_lr,1
12495,records100/12000/12495_lr,1
12496,records100/12000/12496_lr,0
12497,records100/12000/12497_lr,1
12498,records100/12000/12498_lr,1
12499,records100/12000/12499_lr,0
12500,records100/12000/12500_lr,0
12501,records100/12000/12501_lr,1
12502,records100/12000/12502_lr,1
12503,records100/12000/12503_lr,1
12505,records100/12000/12505_lr,0
12509,records100/12000/12509_lr,1
12510,records100/12000/12510_lr,1
12512,records100/12000/12512_lr,0
12513,records100/12000/12513_lr,0
12514,records100/12000/12514_lr,0
12517,records100/12000/12517_lr,0
12520,records100/12000/12520_lr,0
12521,records100/12000/12521_lr,1
12522,records100/12000/12522_lr,0
12523,records100/12000/12523_lr,1
12524,records100/12000/12524_lr,0
12526,records100/12000/12526_lr,0
12528,records100/12000/12528_lr,0
12529,records100/12000/12529_lr,0
12530,records100/12000/12530_lr,0
12531,records100/12000/12531_lr,0
12533,records100/12000/12533_lr,1
12534,records100/12000/12534_lr,0
12535,records100/12000/12535_lr,1
12536,records100/12000/12536_lr,1
12539,records100/12000/12539_lr,0
12541,records100/12000/12541_lr,0
12543,records100/12000/12543_lr,0
12545,records100/12000/12545_lr,1
12546,records100/12000/12546_lr,0
12547,records100/12000/12547_lr,1
12549,records100/12000/12549_lr,0
12551,records100/12000/12551_lr,0
12553,records100/12000/12553_lr,0
12554,records100/12000/12554_lr,0
12555,records100/12000/12555_lr,1
12556,records100/12000/12556_lr,0
12557,records100/12000/12557_lr,0
12558,records100/12000/12558_lr,0
12560,records100/12000/12560_lr,1
12561,records100/12000/12561_lr,1
12563,records100/12000/12563_lr,0
12564,records100/12000/12564_lr,0
12566,records100/12000/12566_lr,1
12567,records100/12000/12567_lr,1
12572,records100/12000/12572_lr,1
12573,records100/12000/12573_lr,0
12574,records100/12000/12574_lr,0
12575,records100/12000/12575_lr,0
12577,records100/12000/12577_lr,0
12578,records100/12000/12578_lr,0
12579,records100/12000/12579_lr,0
12584,records100/12000/12584_lr,1
12588,records100/12000/12588_lr,0
12589,records100/12000/12589_lr,1
12591,records100/12000/12591_lr,1
12592,records100/12000/12592_lr,0
12593,records100/12000/12593_lr,1
12594,records100/12000/12594_lr,0
12595,records100/12000/12595_lr,0
12598,records100/12000/12598_lr,0
12599,records100/12000/12599_lr,0
12600,records100/12000/12600_lr,1
12604,records100/12000/12604_lr,0
12605,records100/12000/12605_lr,1
12606,records100/12000/12606_lr,0
12607,records100/12000/12607_lr,0
12608,records100/12000/12608_lr,0
12609,records100/12000/12609_lr,0
12610,records100/12000/12610_lr,1
12612,records100/12000/12612_lr,1
12613,records100/12000/12613_lr,0
12615,records100/12000/12615_lr,1
12616,records100/12000/12616_lr,1
12617,records100/12000/12617_lr,0
12618,records100/12000/12618_lr,1
12619,records100/12000/12619_lr,0
12620,records100/12000/12620_lr,0
12621,records100/12000/12621_lr,0
12622,records100/12000/12622_lr,0
12624,records100/12000/12624_lr,0
12625,records100/12000/12625_lr,0
12626,records100/12000/12626_lr,0
12629,records100/12000/12629_lr,1
12631,records100/12000/12631_lr,1
12634,records100/12000/12634_lr,1
12636,records100/12000/12636_lr,1
12637,records100/12000/12637_lr,0
12638,records100/12000/12638_lr,0
12639,records100/12000/12639_lr,1
12640,records100/12000/12640_lr,1
12641,records100/12000/12641_lr,1
12643,records100/12000/12643_lr,1
12645,records100/12000/12645_lr,0
12648,records100/12000/12648_lr,1
12651,records100/12000/12651_lr,0
12652,records100/12000/12652_lr,0
12653,records100/12000/12653_lr,0
12654,records100/12000/12654_lr,1
12655,records100/12000/12655_lr,1
12656,records100/12000/12656_lr,1
12657,records100/12000/12657_lr,0
12658,records100/12000/12658_lr,1
12659,records100/12000/12659_lr,0
12660,records100/12000/12660_lr,0
12661,records100/12000/12661_lr,0
12664,records100/12000/12664_lr,1
12665,records100/12000/12665_lr,1
12666,records100/12000/12666_lr,0
12667,records100/12000/12667_lr,1
12668,records100/12000/12668_lr,0
12669,records100/12000/12669_lr,1
12671,records100/12000/12671_lr,1
12672,records100/12000/12672_lr,0
12675,records100/12000/12675_lr,1
12676,records100/12000/12676_lr,0
12677,records100/12000/12677_lr,0
12678,records100/12000/12678_lr,1
12683,records100/12000/12683_lr,0
12684,records100/12000/12684_lr,1
12685,records100/12000/12685_lr,1
12686,records100/12000/12686_lr,0
12689,records100/12000/12689_lr,0
12691,records100/12000/12691_lr,0
12694,records100/12000/12694_lr,0
12695,records100/12000/12695_lr,0
12696,records100/12000/12696_lr,0
12697,records100/12000/12697_lr,0
12698,records100/12000/12698_lr,0
12699,records100/12000/12699_lr,0
12700,records100/12000/12700_lr,0
12701,records100/12000/12701_lr,0
12702,records100/12000/12702_lr,0
12704,records100/12000/12704_lr,0
12705,records100/12000/12705_lr,0
12706,records100/12000/12706_lr,0
12707,records100/12000/12707_lr,0
12708,records100/12000/12708_lr,1
12709,records100/12000/12709_lr,0
12710,records100/12000/12710_lr,1
12711,records100/12000/12711_lr,0
12713,records100/12000/12713_lr,0
12715,records100/12000/12715_lr,0
12719,records100/12000/12719_lr,1
12720,records100/12000/12720_lr,0
12721,records100/12000/12721_lr,1
12722,records100/12000/12722_lr,1
12724,records100/12000/12724_lr,1
12725,records100/12000/12725_lr,0
12726,records100/12000/12726_lr,1
12727,records100/12000/12727_lr,0
12728,records100/12000/12728_lr,0
12729,records100/12000/12729_lr,0
12730,records100/12000/12730_lr,0
12732,records100/12000/12732_lr,0
12733,records100/12000/12733_lr,0
12734,records100/12000/12734_lr,0
12735,records100/12000/12735_lr,1
12739,records100/12000/12739_lr,0
12740,records100/12000/12740_lr,1
12741,records100/12000/12741_lr,1
12742,records100/12000/12742_lr,0
12743,records100/12000/12743_lr,0
12744,records100/12000/12744_lr,0
12745,records100/12000/12745_lr,0
12746,records100/12000/12746_lr,1
12751,records100/12000/12751_lr,0
12752,records100/12000/12752_lr,0
12754,records100/12000/12754_lr,0
12756,records100/12000/12756_lr,1
12757,records100/12000/12757_lr,0
12758,records100/12000/12758_lr,1
12759,records100/12000/12759_lr,0
12760,records100/12000/12760_lr,0
12763,records100/12000/12763_lr,0
12764,records100/12000/12764_lr,0
12765,records100/12000/12765_lr,0
12766,records100/12000/12766_lr,0
12768,records100/12000/12768_lr,0
12771,records100/12000/12771_lr,0
12772,records100/12000/12772_lr,1
12773,records100/12000/12773_lr,0
12774,records100/12000/12774_lr,1
12778,records100/12000/12778_lr,0
12780,records100/12000/12780_lr,1
12782,records100/12000/12782_lr,0
12783,records100/12000/12783_lr,0
12784,records100/12000/12784_lr,0
12789,records100/12000/12789_lr,0
12790,records100/12000/12790_lr,1
12791,records100/12000/12791_lr,0
12794,records100/12000/12794_lr,0
12796,records100/12000/12796_lr,1
12798,records100/12000/12798_lr,1
12801,records100/12000/12801_lr,1
12803,records100/12000/12803_lr,1
12804,records100/12000/12804_lr,1
12805,records100/12000/12805_lr,0
12806,records100/12000/12806_lr,0
12810,records100/12000/12810_lr,1
12812,records100/12000/12812_lr,0
12815,records100/12000/12815_lr,0
12817,records100/12000/12817_lr,0
12819,records100/12000/12819_lr,0
12820,records100/12000/12820_lr,0
12824,records100/12000/12824_lr,0
12825,records100/12000/12825_lr,1
12828,records100/12000/12828_lr,1
12829,records100/12000/12829_lr,0
12830,records100/12000/12830_lr,1
12832,records100/12000/12832_lr,0
12833,records100/12000/12833_lr,0
12835,records100/12000/12835_lr,0
12836,records100/12000/12836_lr,0
12837,records100/12000/12837_lr,0
12839,records100/12000/12839_lr,0
12841,records100/12000/12841_lr,1
12842,records100/12000/12842_lr,0
12843,records100/12000/12843_lr,1
12844,records100/12000/12844_lr,1
12846,records100/12000/12846_lr,0
12848,records100/12000/12848_lr,1
12850,records100/12000/12850_lr,1
12853,records100/12000/12853_lr,0
12855,records100/12000/12855_lr,0
12857,records100/12000/12857_lr,1
12859,records100/12000/12859_lr,0
12860,records100/12000/12860_lr,0
12861,records100/12000/12861_lr,0
12862,records100/12000/12862_lr,0
12864,records100/12000/12864_lr,0
12867,records100/12000/12867_lr,1
12870,records100/12000/12870_lr,1
12871,records100/12000/12871_lr,1
12873,records100/12000/12873_lr,1
12875,records100/12000/12875_lr,0
12876,records100/12000/12876_lr,1
12877,records100/12000/12877_lr,0
12878,records100/12000/12878_lr,0
12880,records100/12000/12880_lr,0
12883,records100/12000/12883_lr,0
12884,records100/12000/12884_lr,0
12885,records100/12000/12885_lr,0
12886,records100/12000/12886_lr,0
12888,records100/12000/12888_lr,1
12890,records100/12000/12890_lr,0
12892,records100/12000/12892_lr,0
12893,records100/12000/12893_lr,1
12895,records100/12000/12895_lr,1
12897,records100/12000/12897_lr,1
12898,records100/12000/12898_lr,1
12899,records100/12000/12899_lr,1
12900,records100/12000/12900_lr,0
12901,records100/12000/12901_lr,0
12905,records100/12000/12905_lr,0
12906,records100/12000/12906_lr,1
12908,records100/12000/12908_lr,1
12910,records100/12000/12910_lr,1
12911,records100/12000/12911_lr,0
12912,records100/12000/12912_lr,1
12913,records100/12000/12913_lr,0
12914,records100/12000/12914_lr,1
12916,records100/12000/12916_lr,0
12918,records100/12000/12918_lr,0
12919,records100/12000/12919_lr,0
12924,records100/12000/12924_lr,1
12925,records100/12000/12925_lr,0
12927,records100/12000/12927_lr,1
12928,records100/12000/12928_lr,0
12929,records100/12000/12929_lr,0
12931,records100/12000/12931_lr,0
12932,records100/12000/12932_lr,0
12933,records100/12000/12933_lr,1
12934,records100/12000/12934_lr,1
12935,records100/12000/12935_lr,1
12936,records100/12000/12936_lr,1
12940,records100/12000/12940_lr,1
12941,records100/12000/12941_lr,1
12944,records100/12000/12944_lr,0
12946,records100/12000/12946_lr,0
12947,records100/12000/12947_lr,0
12949,records100/12000/12949_lr,0
12951,records100/12000/12951_lr,0
12952,records100/12000/12952_lr,1
12954,records100/12000/12954_lr,0
12956,records100/12000/12956_lr,0
12957,records100/12000/12957_lr,0
12959,records100/12000/12959_lr,1
12960,records100/12000/12960_lr,1
12961,records100/12000/12961_lr,1
12962,records100/12000/12962_lr,0
12964,records100/12000/12964_lr,0
12965,records100/12000/12965_lr,0
12966,records100/12000/12966_lr,0
12967,records100/12000/12967_lr,0
12968,records100/12000/12968_lr,1
12969,records100/12000/12969_lr,0
12971,records100/12000/12971_lr,1
12972,records100/12000/12972_lr,1
12973,records100/12000/12973_lr,1
12975,records100/12000/12975_lr,1
12976,records100/12000/12976_lr,1
12978,records100/12000/12978_lr,1
12981,records100/12000/12981_lr,0
12982,records100/12000/12982_lr,0
12983,records100/12000/12983_lr,1
12985,records100/12000/12985_lr,0
12988,records100/12000/12988_lr,1
12989,records100/12000/12989_lr,1
12991,records100/12000/12991_lr,1
12992,records100/12000/12992_lr,1
12994,records100/12000/12994_lr,1
12995,records100/12000/12995_lr,0
12996,records100/12000/12996_lr,0
12998,records100/12000/12998_lr,1
12999,records100/12000/12999_lr,0
13000,records100/13000/13000_lr,0
13002,records100/13000/13002_lr,0
13003,records100/13000/13003_lr,0
13004,records100/13000/13004_lr,1
13005,records100/13000/13005_lr,0
13006,records100/13000/13006_lr,0
13008,records100/13000/13008_lr,0
13009,records100/13000/13009_lr,0
13010,records100/13000/13010_lr,0
13011,records100/13000/13011_lr,0
13012,records100/13000/13012_lr,1
13013,records100/13000/13013_lr,1
13014,records100/13000/13014_lr,0
13016,records100/13000/13016_lr,1
13017,records100/13000/13017_lr,0
13018,records100/13000/13018_lr,0
13019,records100/13000/13019_lr,1
13020,records100/13000/13020_lr,1
13021,records100/13000/13021_lr,0
13022,records100/13000/13022_lr,1
13025,records100/13000/13025_lr,0
13026,records100/13000/13026_lr,0
13027,records100/13000/13027_lr,0
13028,records100/13000/13028_lr,0
13029,records100/13000/13029_lr,0
13030,records100/13000/13030_lr,1
13031,records100/13000/13031_lr,1
13032,records100/13000/13032_lr,1
13034,records100/13000/13034_lr,0
13035,records100/13000/13035_lr,0
13036,records100/13000/13036_lr,0
13038,records100/13000/13038_lr,1
13042,records100/13000/13042_lr,0
13043,records100/13000/13043_lr,1
13044,records100/13000/13044_lr,1
13045,records100/13000/13045_lr,0
13048,records100/13000/13048_lr,1
13049,records100/13000/13049_lr,0
13050,records100/13000/13050_lr,1
13051,records100/13000/13051_lr,0
13052,records100/13000/13052_lr,0
13053,records100/13000/13053_lr,1
13054,records100/13000/13054_lr,1
13055,records100/13000/13055_lr,1
13056,records100/13000/13056_lr,0
13058,records100/13000/13058_lr,1
13059,records100/13000/13059_lr,0
13062,records100/13000/13062_lr,0
13063,records100/13000/13063_lr,0
13065,records100/13000/13065_lr,1
13066,records100/13000/13066_lr,0
13067,records100/13000/13067_lr,0
13069,records100/13000/13069_lr,1
13070,records100/13000/13070_lr,0
13071,records100/13000/13071_lr,0
13072,records100/13000/13072_lr,1
13073,records100/13000/13073_lr,0
13074,records100/13000/13074_lr,0
13075,records100/13000/13075_lr,0
13076,records100/13000/13076_lr,0
13077,records100/13000/13077_lr,1
13078,records100/13000/13078_lr,1
13079,records100/13000/13079_lr,1
13080,records100/13000/13080_lr,0
13081,records100/13000/13081_lr,0
13083,records100/13000/13083_lr,1
13084,records100/13000/13084_lr,1
13086,records100/13000/13086_lr,1
13088,records100/13000/13088_lr,0
13089,records100/13000/13089_lr,0
13091,records100/13000/13091_lr,0
13092,records100/13000/13092_lr,0
13093,records100/13000/13093_lr,0
13094,records100/13000/13094_lr,1
13095,records100/13000/13095_lr,0
13099,records100/13000/13099_lr,1
13101,records100/13000/13101_lr,1
13102,records100/13000/13102_lr,0
13103,records100/13000/13103_lr,0
13104,records100/13000/13104_lr,0
13105,records100/13000/13105_lr,0
13107,records100/13000/13107_lr,1
13109,records100/13000/13109_lr,0
13111,records100/13000/13111_lr,1
13113,records100/13000/13113_lr,0
13114,records100/13000/13114_lr,0
13117,records100/13000/13117_lr,0
13118,records100/13000/13118_lr,0
13119,records100/13000/13119_lr,0
13120,records100/13000/13120_lr,0
13121,records100/13000/13121_lr,0
13123,records100/13000/13123_lr,0
13125,records100/13000/13125_lr,0
13126,records100/13000/13126_lr,0
13127,records100/13000/13127_lr,1
13128,records100/13000/13128_lr,0
13129,records100/13000/13129_lr,0
13130,records100/13000/13130_lr,1
13132,records100/13000/13132_lr,1
13133,records100/13000/13133_lr,1
13134,records100/13000/13134_lr,0
13135,records100/13000/13135_lr,1
13138,records100/13000/13138_lr,0
13140,records100/13000/13140_lr,0
13141,records100/13000/13141_lr,0
13142,records100/13000/13142_lr,1
13144,records100/13000/13144_lr,1
13145,records100/13000/13145_lr,0
13146,records100/13000/13146_lr,0
13147,records100/13000/13147_lr,0
13148,records100/13000/13148_lr,1
13149,records100/13000/13149_lr,0
13150,records100/13000/13150_lr,1
13151,records100/13000/13151_lr,1
13152,records100/13000/13152_lr,0
13153,records100/13000/13153_lr,1
13156,records100/13000/13156_lr,1
13157,records100/13000/13157_lr,1
13158,records100/13000/13158_lr,1
13159,records100/13000/13159_lr,1
13160,records100/13000/13160_lr,1
13161,records100/13000/13161_lr,0
13162,records100/13000/13162_lr,0
13163,records100/13000/13163_lr,1
13166,records100/13000/13166_lr,1
13168,records100/13000/13168_lr,1
13169,records100/13000/13169_lr,0
13170,records100/13000/13170_lr,1
13172,records100/13000/13172_lr,0
13174,records100/13000/13174_lr,1
13178,records100/13000/13178_lr,0
13179,records100/13000/13179_lr,1
13180,records100/13000/13180_lr,0
13181,records100/13000/13181_lr,0
13183,records100/13000/13183_lr,0
13185,records100/13000/13185_lr,0
13187,records100/13000/13187_lr,0
13189,records100/13000/13189_lr,1
13190,records100/13000/13190_lr,1
13191,records100/13000/13191_lr,0
13192,records100/13000/13192_lr,0
13194,records100/13000/13194_lr,0
13195,records100/13000/13195_lr,0
13198,records100/13000/13198_lr,1
13202,records100/13000/13202_lr,0
13203,records100/13000/13203_lr,0
13204,records100/13000/13204_lr,1
13205,records100/13000/13205_lr,1
13206,records100/13000/13206_lr,0
13207,records100/13000/13207_lr,0
13209,records100/13000/13209_lr,1
13210,records100/13000/13210_lr,0
13211,records100/13000/13211_lr,0
13212,records100/13000/13212_lr,0
13213,records100/13000/13213_lr,0
13218,records100/13000/13218_lr,1
13219,records100/13000/13219_lr,1
13220,records100/13000/13220_lr,0
13224,records100/13000/13224_lr,1
13225,records100/13000/13225_lr,1
13226,records100/13000/13226_lr,0
13227,records100/13000/13227_lr,1
13228,records100/13000/13228_lr,1
13229,records100/13000/13229_lr,0
13231,records100/13000/13231_lr,0
13232,records100/13000/13232_lr,0
13233,records100/13000/13233_lr,1
13234,records100/13000/13234_lr,0
13236,records100/13000/13236_lr,0
13239,records100/13000/13239_lr,1
13240,records100/13000/13240_lr,0
13241,records100/13000/13241_lr,1
13242,records100/13000/13242_lr,0
13243,records100/13000/13243_lr,1
13245,records100/13000/13245_lr,0
13246,records100/13000/13246_lr,1
13249,records100/13000/13249_lr,1
13250,records100/13000/13250_lr,0
13252,records100/13000/13252_lr,0
13253,records100/13000/13253_lr,1
13254,records100/13000/13254_lr,0
13255,records100/13000/13255_lr,1
13256,records100/13000/13256_lr,0
13260,records100/13000/13260_lr,0
13263,records100/13000/13263_lr,1
13265,records100/13000/13265_lr,0
13266,records100/13000/13266_lr,1
13267,records100/13000/13267_lr,0
13268,records100/13000/13268_lr,0
13269,records100/13000/13269_lr,1
13270,records100/13000/13270_lr,0
13272,records100/13000/13272_lr,1
13273,records100/13000/13273_lr,0
13274,records100/13000/13274_lr,0
13279,records100/13000/13279_lr,0
13282,records100/13000/13282_lr,0
13283,records100/13000/13283_lr,0
13284,records100/13000/13284_lr,1
13285,records100/13000/13285_lr,0
13286,records100/13000/13286_lr,0
13288,records100/13000/13288_lr,0
13289,records100/13000/13289_lr,1
13290,records100/13000/13290_lr,1
13291,records100/13000/13291_lr,1
13293,records100/13000/13293_lr,1
13294,records100/13000/13294_lr,0
13295,records100/13000/13295_lr,0
13297,records100/13000/13297_lr,1
13298,records100/13000/13298_lr,1
13303,records100/13000/13303_lr,1
13304,records100/13000/13304_lr,0
13306,records100/13000/13306_lr,1
13309,records100/13000/13309_lr,1
13310,records100/13000/13310_lr,0
13311,records100/13000/13311_lr,0
13312,records100/13000/13312_lr,0
13313,records100/13000/13313_lr,1
13314,records100/13000/13314_lr,0
13315,records100/13000/13315_lr,0
13316,records100/13000/13316_lr,0
13317,records100/13000/13317_lr,0
13318,records100/13000/13318_lr,1
13319,records100/13000/13319_lr,0
13320,records100/13000/13320_lr,0
13323,records100/13000/13323_lr,0
13324,records100/13000/13324_lr,0
13326,records100/13000/13326_lr,1
13328,records100/13000/13328_lr,1
13329,records100/13000/13329_lr,1
13330,records100/13000/13330_lr,0
13332,records100/13000/13332_lr,0
13335,records100/13000/13335_lr,1
13337,records100/13000/13337_lr,1
13338,records100/13000/13338_lr,1
13340,records100/13000/13340_lr,1
13341,records100/13000/13341_lr,0
13342,records100/13000/13342_lr,0
13344,records100/13000/13344_lr,0
13345,records100/13000/13345_lr,1
13346,records100/13000/13346_lr,0
13347,records100/13000/13347_lr,1
13348,records100/13000/13348_lr,0
13349,records100/13000/13349_lr,0
13351,records100/13000/13351_lr,1
13353,records100/13000/13353_lr,0
13354,records100/13000/13354_lr,0
13355,records100/13000/13355_lr,0
13356,records100/13000/13356_lr,0
13359,records100/13000/13359_lr,0
13360,records100/13000/13360_lr,0
13362,records100/13000/13362_lr,1
13363,records100/13000/13363_lr,0
13364,records100/13000/13364_lr,0
13366,records100/13000/13366_lr,1
13367,records100/13000/13367_lr,0
13368,records100/13000/13368_lr,0
13370,records100/13000/13370_lr,0
13372,records100/13000/13372_lr,0
13373,records100/13000/13373_lr,0
13375,records100/13000/13375_lr,1
13377,records100/13000/13377_lr,0
13378,records100/13000/13378_lr,1
13379,records100/13000/13379_lr,0
13380,records100/13000/13380_lr,0
13381,records100/13000/13381_lr,1
13382,records100/13000/13382_lr,0
13383,records100/13000/13383_lr,0
13384,records100/13000/13384_lr,0
13385,records100/13000/13385_lr,1
13390,records100/13000/13390_lr,1
13391,records100/13000/13391_lr,0
13392,records100/13000/13392_lr,1
13393,records100/13000/13393_lr,1
13394,records100/13000/13394_lr,0
13395,records100/13000/13395_lr,0
13396,records100/13000/13396_lr,0
13398,records100/13000/13398_lr,0
13400,records100/13000/13400_lr,0
13403,records100/13000/13403_lr,0
13404,records100/13000/13404_lr,0
13405,records100/13000/13405_lr,1
13406,records100/13000/13406_lr,1
13407,records100/13000/13407_lr,0
13408,records100/13000/13408_lr,0
13409,records100/13000/13409_lr,0
13410,records100/13000/13410_lr,0
13413,records100/13000/13413_lr,0
13414,records100/13000/13414_lr,0
13417,records100/13000/13417_lr,1
13418,records100/13000/13418_lr,0
13424,records100/13000/13424_lr,1
13425,records100/13000/13425_lr,1
13426,records100/13000/13426_lr,0
13427,records100/13000/13427_lr,0
13428,records100/13000/13428_lr,0
13429,records100/13000/13429_lr,1
13430,records100/13000/13430_lr,0
13431,records100/13000/13431_lr,1
13432,records100/13000/13432_lr,1
13433,records100/13000/13433_lr,1
13434,records100/13000/13434_lr,1
13435,records100/13000/13435_lr,1
13436,records100/13000/13436_lr,0
13438,records100/13000/13438_lr,0
13439,records100/13000/13439_lr,1
13440,records100/13000/13440_lr,0
13445,records100/13000/13445_lr,1
13447,records100/13000/13447_lr,0
13448,records100/13000/13448_lr,0
13449,records100/13000/13449_lr,1
13450,records100/13000/13450_lr,0
13451,records100/13000/13451_lr,0
13452,records100/13000/13452_lr,0
13454,records100/13000/13454_lr,1
13457,records100/13000/13457_lr,1
13459,records100/13000/13459_lr,1
13460,records100/13000/13460_lr,1
13462,records100/13000/13462_lr,1
13463,records100/13000/13463_lr,0
13464,records100/13000/13464_lr,1
13465,records100/13000/13465_lr,1
13467,records100/13000/13467_lr,0
13468,records100/13000/13468_lr,1
13469,records100/13000/13469_lr,1
13470,records100/13000/13470_lr,1
13471,records100/13000/13471_lr,1
13472,records100/13000/13472_lr,0
13476,records100/13000/13476_lr,0
13478,records100/13000/13478_lr,0
13480,records100/13000/13480_lr,0
13481,records100/13000/13481_lr,1
13484,records100/13000/13484_lr,1
13485,records100/13000/13485_lr,1
13488,records100/13000/13488_lr,0
13489,records100/13000/13489_lr,1
13490,records100/13000/13490_lr,0
13491,records100/13000/13491_lr,0
13492,records100/13000/13492_lr,0
13493,records100/13000/13493_lr,0
13494,records100/13000/13494_lr,0
13495,records100/13000/13495_lr,1
13496,records100/13000/13496_lr,0
13497,records100/13000/13497_lr,0
13498,records100/13000/13498_lr,0
13499,records100/13000/13499_lr,1
13500,records100/13000/13500_lr,1
13502,records100/13000/13502_lr,0
13503,records100/13000/13503_lr,1
13504,records100/13000/13504_lr,0
13505,records100/13000/13505_lr,0
13506,records100/13000/13506_lr,0
13508,records100/13000/13508_lr,0
13509,records100/13000/13509_lr,0
13511,records100/13000/13511_lr,0
13512,records100/13000/13512_lr,0
13513,records100/13000/13513_lr,0
13514,records100/13000/13514_lr,1
13515,records100/13000/13515_lr,1
13516,records100/13000/13516_lr,1
13518,records100/13000/13518_lr,1
13519,records100/13000/13519_lr,0
13520,records100/13000/13520_lr,1
13521,records100/13000/13521_lr,0
13522,records100/13000/13522_lr,0
13525,records100/13000/13525_lr,0
13526,records100/13000/13526_lr,0
13527,records100/13000/13527_lr,0
13529,records100/13000/13529_lr,1
13531,records100/13000/13531_lr,0
13532,records100/13000/13532_lr,1
13533,records100/13000/13533_lr,1
13534,records100/13000/13534_lr,1
13535,records100/13000/13535_lr,1
13536,records100/13000/13536_lr,0
13537,records100/13000/13537_lr,0
13540,records100/13000/13540_lr,0
13541,records100/13000/13541_lr,0
13543,records100/13000/13543_lr,0
13544,records100/13000/13544_lr,0
13545,records100/13000/13545_lr,0
13546,records100/13000/13546_lr,0
13547,records100/13000/13547_lr,1
13549,records100/13000/13549_lr,0
13550,records100/13000/13550_lr,0
13551,records100/13000/13551_lr,0
13552,records100/13000/13552_lr,1
13553,records100/13000/13553_lr,1
13555,records100/13000/13555_lr,0
13556,records100/13000/13556_lr,1
13557,records100/13000/13557_lr,1
13558,records100/13000/13558_lr,0
13559,records100/13000/13559_lr,1
13560,records100/13000/13560_lr,0
13561,records100/13000/13561_lr,1
13562,records100/13000/13562_lr,1
13563,records100/13000/13563_lr,1
13564,records100/13000/13564_lr,1
13565,records100/13000/13565_lr,1
13567,records100/13000/13567_lr,0
13568,records100/13000/13568_lr,0
13571,records100/13000/13571_lr,0
13572,records100/13000/13572_lr,0
13573,records100/13000/13573_lr,0
13575,records100/13000/13575_lr,0
13576,records100/13000/13576_lr,0
13577,records100/13000/13577_lr,1
13578,records100/13000/13578_lr,0
13579,records100/13000/13579_lr,0
13580,records100/13000/13580_lr,1
13581,records100/13000/13581_lr,1
13582,records100/13000/13582_lr,0
13583,records100/13000/13583_lr,1
13584,records100/13000/13584_lr,1
13585,records100/13000/13585_lr,1
13586,records100/13000/13586_lr,1
13587,records100/13000/13587_lr,0
13589,records100/13000/13589_lr,0
13590,records100/13000/13590_lr,1
13591,records100/13000/13591_lr,0
13593,records100/13000/13593_lr,0
13594,records100/13000/13594_lr,0
13595,records100/13000/13595_lr,0
13596,records100/13000/13596_lr,0
13597,records100/13000/13597_lr,0
13598,records100/13000/13598_lr,1
13599,records100/13000/13599_lr,0
13600,records100/13000/13600_lr,0
13602,records100/13000/13602_lr,0
13604,records100/13000/13604_lr,0
13605,records100/13000/13605_lr,0
13606,records100/13000/13606_lr,1
13607,records100/13000/13607_lr,1
13608,records100/13000/13608_lr,0
13609,records100/13000/13609_lr,0
13610,records100/13000/13610_lr,0
13611,records100/13000/13611_lr,0
13613,records100/13000/13613_lr,0
13615,records100/13000/13615_lr,1
13616,records100/13000/13616_lr,1
13617,records100/13000/13617_lr,1
13618,records100/13000/13618_lr,1
13621,records100/13000/13621_lr,0
13622,records100/13000/13622_lr,0
13625,records100/13000/13625_lr,0
13626,records100/13000/13626_lr,0
13627,records100/13000/13627_lr,0
13628,records100/13000/13628_lr,1
13630,records100/13000/13630_lr,0
13631,records100/13000/13631_lr,0
13632,records100/13000/13632_lr,1
13633,records100/13000/13633_lr,1
13635,records100/13000/13635_lr,1
13636,records100/13000/13636_lr,0
13637,records100/13000/13637_lr,0
13640,records100/13000/13640_lr,1
13642,records100/13000/13642_lr,0
13643,records100/13000/13643_lr,0
13644,records100/13000/13644_lr,0
13645,records100/13000/13645_lr,0
13646,records100/13000/13646_lr,0
13647,records100/13000/13647_lr,0
13649,records100/13000/13649_lr,0
13650,records100/13000/13650_lr,1
13651,records100/13000/13651_lr,0
13652,records100/13000/13652_lr,1
13654,records100/13000/13654_lr,1
13656,records100/13000/13656_lr,0
13657,records100/13000/13657_lr,1
13659,records100/13000/13659_lr,0
13660,records100/13000/13660_lr,0
13663,records100/13000/13663_lr,0
13664,records100/13000/13664_lr,1
13665,records100/13000/13665_lr,1
13667,records100/13000/13667_lr,0
13668,records100/13000/13668_lr,0
13669,records100/13000/13669_lr,0
13672,records100/13000/13672_lr,1
13673,records100/13000/13673_lr,0
13675,records100/13000/13675_lr,0
13676,records100/13000/13676_lr,1
13677,records100/13000/13677_lr,0
13678,records100/13000/13678_lr,0
13679,records100/13000/13679_lr,1
13680,records100/13000/13680_lr,0
13681,records100/13000/13681_lr,1
13683,records100/13000/13683_lr,0
13684,records100/13000/13684_lr,1
13685,records100/13000/13685_lr,0
13687,records100/13000/13687_lr,1
13688,records100/13000/13688_lr,0
13690,records100/13000/13690_lr,0
13691,records100/13000/13691_lr,0
13692,records100/13000/13692_lr,0
13695,records100/13000/13695_lr,1
13696,records100/13000/13696_lr,0
13697,records100/13000/13697_lr,0
13698,records100/13000/13698_lr,1
13699,records100/13000/13699_lr,0
13701,records100/13000/13701_lr,0
13703,records100/13000/13703_lr,0
13704,records100/13000/13704_lr,0
13705,records100/13000/13705_lr,0
13706,records100/13000/13706_lr,0
13707,records100/13000/13707_lr,0
13708,records100/13000/13708_lr,0
13709,records100/13000/13709_lr,0
13712,records100/13000/13712_lr,0
13713,records100/13000/13713_lr,0
13714,records100/13000/13714_lr,0
13716,records100/13000/13716_lr,0
13717,records100/13000/13717_lr,0
13718,records100/13000/13718_lr,1
13721,records100/13000/13721_lr,1
13722,records100/13000/13722_lr,0
13723,records100/13000/13723_lr,0
13726,records100/13000/13726_lr,1
13727,records100/13000/13727_lr,0
13729,records100/13000/13729_lr,1
13730,records100/13000/13730_lr,1
13733,records100/13000/13733_lr,0
13735,records100/13000/13735_lr,0
13736,records100/13000/13736_lr,0
13737,records100/13000/13737_lr,0
13738,records100/13000/13738_lr,0
13740,records100/13000/13740_lr,0
13743,records100/13000/13743_lr,0
13744,records100/13000/13744_lr,1
13746,records100/13000/13746_lr,0
13747,records100/13000/13747_lr,0
13748,records100/13000/13748_lr,0
13749,records100/13000/13749_lr,0
13750,records100/13000/13750_lr,0
13751,records100/13000/13751_lr,0
13752,records100/13000/13752_lr,0
13753,records100/13000/13753_lr,0
13754,records100/13000/13754_lr,0
13755,records100/13000/13755_lr,0
13756,records100/13000/13756_lr,0
13758,records100/13000/13758_lr,0
13759,records100/13000/13759_lr,0
13761,records100/13000/13761_lr,0
13762,records100/13000/13762_lr,0
13763,records100/13000/13763_lr,1
13765,records100/13000/13765_lr,0
13766,records100/13000/13766_lr,0
13767,records100/13000/13767_lr,0
13768,records100/13000/13768_lr,0
13770,records100/13000/13770_lr,0
13771,records100/13000/13771_lr,1
13773,records100/13000/13773_lr,0
13774,records100/13000/13774_lr,1
13775,records100/13000/13775_lr,1
13776,records100/13000/13776_lr,0
13777,records100/13000/13777_lr,0
13778,records100/13000/13778_lr,1
13779,records100/13000/13779_lr,1
13780,records100/13000/13780_lr,0
13781,records100/13000/13781_lr,0
13782,records100/13000/13782_lr,0
13783,records100/13000/13783_lr,0
13784,records100/13000/13784_lr,0
13785,records100/13000/13785_lr,0
13786,records100/13000/13786_lr,0
13787,records100/13000/13787_lr,1
13788,records100/13000/13788_lr,1
13792,records100/13000/13792_lr,0
13794,records100/13000/13794_lr,1
13795,records100/13000/13795_lr,0
13800,records100/13000/13800_lr,1
13801,records100/13000/13801_lr,0
13802,records100/13000/13802_lr,0
13804,records100/13000/13804_lr,1
13805,records100/13000/13805_lr,0
13806,records100/13000/13806_lr,0
13807,records100/13000/13807_lr,0
13808,records100/13000/13808_lr,0
13809,records100/13000/13809_lr,0
13810,records100/13000/13810_lr,1
13811,records100/13000/13811_lr,0
13812,records100/13000/13812_lr,0
13815,records100/13000/13815_lr,1
13816,records100/13000/13816_lr,0
13817,records100/13000/13817_lr,0
13818,records100/13000/13818_lr,0
13819,records100/13000/13819_lr,1
13821,records100/13000/13821_lr,0
13822,records100/13000/13822_lr,0
13824,records100/13000/13824_lr,0
13825,records100/13000/13825_lr,1
13826,records100/13000/13826_lr,1
13828,records100/13000/13828_lr,1
13831,records100/13000/13831_lr,1
13833,records100/13000/13833_lr,0
13834,records100/13000/13834_lr,0
13835,records100/13000/13835_lr,1
13836,records100/13000/13836_lr,0
13839,records100/13000/13839_lr,1
13841,records100/13000/13841_lr,0
13842,records100/13000/13842_lr,0
13843,records100/13000/13843_lr,1
13844,records100/13000/13844_lr,1
13845,records100/13000/13845_lr,1
13846,records100/13000/13846_lr,0
13847,records100/13000/13847_lr,1
13848,records100/13000/13848_lr,0
13849,records100/13000/13849_lr,1
13850,records100/13000/13850_lr,0
13851,records100/13000/13851_lr,1
13852,records100/13000/13852_lr,1
13853,records100/13000/13853_lr,1
13854,records100/13000/13854_lr,0
13855,records100/13000/13855_lr,1
13857,records100/13000/13857_lr,0
13858,records100/13000/13858_lr,1
13860,records100/13000/13860_lr,0
13862,records100/13000/13862_lr,0
13863,records100/13000/13863_lr,0
13865,records100/13000/13865_lr,0
13866,records100/13000/13866_lr,0
13868,records100/13000/13868_lr,1
13869,records100/13000/13869_lr,1
13870,records100/13000/13870_lr,0
13871,records100/13000/13871_lr,0
13873,records100/13000/13873_lr,1
13875,records100/13000/13875_lr,0
13876,records100/13000/13876_lr,0
13878,records100/13000/13878_lr,0
13879,records100/13000/13879_lr,0
13880,records100/13000/13880_lr,1
13884,records100/13000/13884_lr,0
13886,records100/13000/13886_lr,1
13887,records100/13000/13887_lr,0
13888,records100/13000/13888_lr,1
13889,records100/13000/13889_lr,0
13891,records100/13000/13891_lr,1
13892,records100/13000/13892_lr,0
13893,records100/13000/13893_lr,1
13894,records100/13000/13894_lr,0
13895,records100/13000/13895_lr,0
13896,records100/13000/13896_lr,1
13898,records100/13000/13898_lr,0
13900,records100/13000/13900_lr,0
13901,records100/13000/13901_lr,0
13902,records100/13000/13902_lr,0
13903,records100/13000/13903_lr,0
13905,records100/13000/13905_lr,0
13906,records100/13000/13906_lr,0
13909,records100/13000/13909_lr,0
13910,records100/13000/13910_lr,1
13911,records100/13000/13911_lr,0
13912,records100/13000/13912_lr,1
13913,records100/13000/13913_lr,1
13915,records100/13000/13915_lr,0
13916,records100/13000/13916_lr,0
13917,records100/13000/13917_lr,0
13918,records100/13000/13918_lr,0
13920,records100/13000/13920_lr,0
13922,records100/13000/13922_lr,0
13923,records100/13000/13923_lr,0
13924,records100/13000/13924_lr,0
13925,records100/13000/13925_lr,0
13928,records100/13000/13928_lr,0
13929,records100/13000/13929_lr,0
13930,records100/13000/13930_lr,0
13931,records100/13000/13931_lr,1
13932,records100/13000/13932_lr,0
13933,records100/13000/13933_lr,0
13934,records100/13000/13934_lr,0
13936,records100/13000/13936_lr,0
13937,records100/13000/13937_lr,0
13939,records100/13000/13939_lr,0
13940,records100/13000/13940_lr,0
13942,records100/13000/13942_lr,0
13943,records100/13000/13943_lr,1
13944,records100/13000/13944_lr,0
13945,records100/13000/13945_lr,0
13947,records100/13000/13947_lr,0
13948,records100/13000/13948_lr,1
13951,records100/13000/13951_lr,1
13952,records100/13000/13952_lr,0
13953,records100/13000/13953_lr,1
13956,records100/13000/13956_lr,1
13957,records100/13000/13957_lr,0
13958,records100/13000/13958_lr,0
13959,records100/13000/13959_lr,0
13960,records100/13000/13960_lr,0
13961,records100/13000/13961_lr,0
13962,records100/13000/13962_lr,1
13963,records100/13000/13963_lr,0
13964,records100/13000/13964_lr,1
13968,records100/13000/13968_lr,0
13969,records100/13000/13969_lr,0
13970,records100/13000/13970_lr,0
13971,records100/13000/13971_lr,0
13972,records100/13000/13972_lr,0
13973,records100/13000/13973_lr,0
13974,records100/13000/13974_lr,1
13975,records100/13000/13975_lr,1
13976,records100/13000/13976_lr,0
13977,records100/13000/13977_lr,0
13978,records100/13000/13978_lr,1
13979,records100/13000/13979_lr,1
13980,records100/13000/13980_lr,1
13981,records100/13000/13981_lr,0
13982,records100/13000/13982_lr,0
13983,records100/13000/13983_lr,1
13985,records100/13000/13985_lr,0
13986,records100/13000/13986_lr,0
13989,records100/13000/13989_lr,1
13990,records100/13000/13990_lr,1
13991,records100/13000/13991_lr,0
13993,records100/13000/13993_lr,0
13994,records100/13000/13994_lr,1
13995,records100/13000/13995_lr,0
13997,records100/13000/13997_lr,1
13999,records100/13000/13999_lr,0
14000,records100/14000/14000_lr,0
14001,records100/14000/14001_lr,0
14002,records100/14000/14002_lr,0
14003,records100/14000/14003_lr,0
14004,records100/14000/14004_lr,1
14005,records100/14000/14005_lr,1
14006,records100/14000/14006_lr,0
14007,records100/14000/14007_lr,1
14008,records100/14000/14008_lr,1
14011,records100/14000/14011_lr,1
14012,records100/14000/14012_lr,0
14013,records100/14000/14013_lr,0
14015,records100/14000/14015_lr,0
14018,records100/14000/14018_lr,1
14019,records100/14000/14019_lr,1
14021,records100/14000/14021_lr,0
14022,records100/14000/14022_lr,0
14023,records100/14000/14023_lr,0
14025,records100/14000/14025_lr,0
14027,records100/14000/14027_lr,0
14028,records100/14000/14028_lr,0
14030,records100/14000/14030_lr,0
14032,records100/14000/14032_lr,0
14035,records100/14000/14035_lr,1
14036,records100/14000/14036_lr,0
14037,records100/14000/14037_lr,1
14038,records100/14000/14038_lr,0
14039,records100/14000/14039_lr,0
14040,records100/14000/14040_lr,0
14042,records100/14000/14042_lr,1
14043,records100/14000/14043_lr,0
14044,records100/14000/14044_lr,0
14046,records100/14000/14046_lr,0
14049,records100/14000/14049_lr,0
14050,records100/14000/14050_lr,0
14051,records100/14000/14051_lr,0
14052,records100/14000/14052_lr,0
14055,records100/14000/14055_lr,0
14056,records100/14000/14056_lr,0
14057,records100/14000/14057_lr,0
14058,records100/14000/14058_lr,0
14061,records100/14000/14061_lr,0
14062,records100/14000/14062_lr,0
14063,records100/14000/14063_lr,0
14064,records100/14000/14064_lr,0
14065,records100/14000/14065_lr,0
14066,records100/14000/14066_lr,0
14067,records100/14000/14067_lr,0
14068,records100/14000/14068_lr,0
14071,records100/14000/14071_lr,0
14073,records100/14000/14073_lr,1
14075,records100/14000/14075_lr,0
14076,records100/14000/14076_lr,0
14077,records100/14000/14077_lr,0
14078,records100/14000/14078_lr,0
14079,records100/14000/14079_lr,0
14080,records100/14000/14080_lr,0
14082,records100/14000/14082_lr,0
14083,records100/14000/14083_lr,1
14084,records100/14000/14084_lr,0
14087,records100/14000/14087_lr,1
14092,records100/14000/14092_lr,0
14093,records100/14000/14093_lr,1
14094,records100/14000/14094_lr,1
14095,records100/14000/14095_lr,0
14096,records100/14000/14096_lr,0
14097,records100/14000/14097_lr,0
14098,records100/14000/14098_lr,0
14101,records100/14000/14101_lr,1
14103,records100/14000/14103_lr,0
14104,records100/14000/14104_lr,0
14105,records100/14000/14105_lr,0
14106,records100/14000/14106_lr,0
14107,records100/14000/14107_lr,0
14108,records100/14000/14108_lr,0
14109,records100/14000/14109_lr,1
14110,records100/14000/14110_lr,1
14111,records100/14000/14111_lr,1
14112,records100/14000/14112_lr,0
14113,records100/14000/14113_lr,0
14114,records100/14000/14114_lr,0
14115,records100/14000/14115_lr,0
14117,records100/14000/14117_lr,0
14118,records100/14000/14118_lr,0
14120,records100/14000/14120_lr,0
14121,records100/14000/14121_lr,0
14124,records100/14000/14124_lr,0
14126,records100/14000/14126_lr,1
14129,records100/14000/14129_lr,0
14132,records100/14000/14132_lr,0
14133,records100/14000/14133_lr,0
14134,records100/14000/14134_lr,0
14135,records100/14000/14135_lr,0
14136,records100/14000/14136_lr,0
14137,records100/14000/14137_lr,1
14138,records100/14000/14138_lr,0
14139,records100/14000/14139_lr,0
14140,records100/14000/14140_lr,0
14141,records100/14000/14141_lr,0
14143,records100/14000/14143_lr,0
14145,records100/14000/14145_lr,0
14146,records100/14000/14146_lr,0
14147,records100/14000/14147_lr,0
14148,records100/14000/14148_lr,1
14149,records100/14000/14149_lr,0
14150,records100/14000/14150_lr,0
14151,records100/14000/14151_lr,0
14152,records100/14000/14152_lr,1
14153,records100/14000/14153_lr,0
14154,records100/14000/14154_lr,0
14155,records100/14000/14155_lr,1
14156,records100/14000/14156_lr,0
14158,records100/14000/14158_lr,1
14159,records100/14000/14159_lr,0
14160,records100/14000/14160_lr,1
14162,records100/14000/14162_lr,0
14164,records100/14000/14164_lr,0
14165,records100/14000/14165_lr,0
14168,records100/14000/14168_lr,0
14169,records100/14000/14169_lr,0
14170,records100/14000/14170_lr,0
14171,records100/14000/14171_lr,1
14172,records100/14000/14172_lr,1
14174,records100/14000/14174_lr,1
14175,records100/14000/14175_lr,0
14176,records100/14000/14176_lr,0
14177,records100/14000/14177_lr,0
14179,records100/14000/14179_lr,0
14182,records100/14000/14182_lr,0
14184,records100/14000/14184_lr,0
14185,records100/14000/14185_lr,0
14186,records100/14000/14186_lr,0
14187,records100/14000/14187_lr,0
14188,records100/14000/14188_lr,0
14189,records100/14000/14189_lr,0
14190,records100/14000/14190_lr,1
14191,records100/14000/14191_lr,0
14192,records100/14000/14192_lr,1
14193,records100/14000/14193_lr,0
14194,records100/14000/14194_lr,1
14197,records100/14000/14197_lr,0
14199,records100/14000/14199_lr,0
14200,records100/14000/14200_lr,0
14202,records100/14000/14202_lr,1
14204,records100/14000/14204_lr,0
14205,records100/14000/14205_lr,0
14206,records100/14000/14206_lr,0
14207,records100/14000/14207_lr,0
14208,records100/14000/14208_lr,0
14209,records100/14000/14209_lr,1
14210,records100/14000/14210_lr,0
14212,records100/14000/14212_lr,0
14213,records100/14000/14213_lr,0
14214,records100/14000/14214_lr,0
14215,records100/14000/14215_lr,1
14218,records100/14000/14218_lr,0
14220,records100/14000/14220_lr,0
14222,records100/14000/14222_lr,0
14223,records100/14000/14223_lr,0
14225,records100/14000/14225_lr,1
14226,records100/14000/14226_lr,0
14227,records100/14000/14227_lr,0
14228,records100/14000/14228_lr,1
14229,records100/14000/14229_lr,0
14231,records100/14000/14231_lr,0
14232,records100/14000/14232_lr,0
14233,records100/14000/14233_lr,1
14234,records100/14000/14234_lr,0
14235,records100/14000/14235_lr,0
14236,records100/14000/14236_lr,0
14240,records100/14000/14240_lr,1
14241,records100/14000/14241_lr,0
14245,records100/14000/14245_lr,0
14248,records100/14000/14248_lr,0
14249,records100/14000/14249_lr,0
14251,records100/14000/14251_lr,0
14252,records100/14000/14252_lr,1
14253,records100/14000/14253_lr,0
14254,records100/14000/14254_lr,1
14255,records100/14000/14255_lr,0
14256,records100/14000/14256_lr,0
14257,records100/14000/14257_lr,0
14259,records100/14000/14259_lr,0
14261,records100/14000/14261_lr,0
14262,records100/14000/14262_lr,0
14263,records100/14000/14263_lr,0
14269,records100/14000/14269_lr,1
14270,records100/14000/14270_lr,0
14272,records100/14000/14272_lr,0
14273,records100/14000/14273_lr,0
14274,records100/14000/14274_lr,0
14276,records100/14000/14276_lr,0
14277,records100/14000/14277_lr,0
14278,records100/14000/14278_lr,0
14280,records100/14000/14280_lr,1
14281,records100/14000/14281_lr,1
14282,records100/14000/14282_lr,0
14284,records100/14000/14284_lr,1
14285,records100/14000/14285_lr,1
14287,records100/14000/14287_lr,0
14288,records100/14000/14288_lr,0
14289,records100/14000/14289_lr,0
14290,records100/14000/14290_lr,1
14292,records100/14000/14292_lr,1
14293,records100/14000/14293_lr,0
14294,records100/14000/14294_lr,0
14298,records100/14000/14298_lr,1
14299,records100/14000/14299_lr,0
14301,records100/14000/14301_lr,0
14302,records100/14000/14302_lr,0
14304,records100/14000/14304_lr,0
14305,records100/14000/14305_lr,1
14306,records100/14000/14306_lr,0
14307,records100/14000/14307_lr,0
14310,records100/14000/14310_lr,0
14311,records100/14000/14311_lr,1
14314,records100/14000/14314_lr,1
14316,records100/14000/14316_lr,1
14318,records100/14000/14318_lr,1
14319,records100/14000/14319_lr,1
14320,records100/14000/14320_lr,0
14321,records100/14000/14321_lr,0
14322,records100/14000/14322_lr,0
14323,records100/14000/14323_lr,1
14324,records100/14000/14324_lr,0
14325,records100/14000/14325_lr,1
14326,records100/14000/14326_lr,1
14327,records100/14000/14327_lr,1
14329,records100/14000/14329_lr,0
14331,records100/14000/14331_lr,1
14333,records100/14000/14333_lr,1
14334,records100/14000/14334_lr,1
14336,records100/14000/14336_lr,1
14337,records100/14000/14337_lr,0
14338,records100/14000/14338_lr,0
14339,records100/14000/14339_lr,0
14341,records100/14000/14341_lr,1
14342,records100/14000/14342_lr,0
14345,records100/14000/14345_lr,1
14346,records100/14000/14346_lr,0
14348,records100/14000/14348_lr,0
14349,records100/14000/14349_lr,1
14350,records100/14000/14350_lr,1
14352,records100/14000/14352_lr,0
14353,records100/14000/14353_lr,0
14354,records100/14000/14354_lr,1
14355,records100/14000/14355_lr,1
14356,records100/14000/14356_lr,0
14357,records100/14000/14357_lr,0
14358,records100/14000/14358_lr,1
14359,records100/14000/14359_lr,0
14360,records100/14000/14360_lr,1
14361,records100/14000/14361_lr,1
14362,records100/14000/14362_lr,0
14363,records100/14000/14363_lr,0
14365,records100/14000/14365_lr,0
14366,records100/14000/14366_lr,0
14367,records100/14000/14367_lr,0
14368,records100/14000/14368_lr,0
14371,records100/14000/14371_lr,1
14372,records100/14000/14372_lr,0
14375,records100/14000/14375_lr,0
14376,records100/14000/14376_lr,0
14377,records100/14000/14377_lr,0
14380,records100/14000/14380_lr,0
14381,records100/14000/14381_lr,0
14382,records100/14000/14382_lr,1
14383,records100/14000/14383_lr,0
14385,records100/14000/14385_lr,0
14386,records100/14000/14386_lr,0
14387,records100/14000/14387_lr,1
14388,records100/14000/14388_lr,1
14389,records100/14000/14389_lr,1
14391,records100/14000/14391_lr,1
14396,records100/14000/14396_lr,0
14397,records100/14000/14397_lr,0
14398,records100/14000/14398_lr,0
14399,records100/14000/14399_lr,1
14400,records100/14000/14400_lr,1
14402,records100/14000/14402_lr,0
14403,records100/14000/14403_lr,0
14404,records100/14000/14404_lr,0
14406,records100/14000/14406_lr,1
14407,records100/14000/14407_lr,0
14408,records100/14000/14408_lr,0
14409,records100/14000/14409_lr,0
14410,records100/14000/14410_lr,0
14412,records100/14000/14412_lr,0
14413,records100/14000/14413_lr,1
14414,records100/14000/14414_lr,0
14415,records100/14000/14415_lr,0
14416,records100/14000/14416_lr,0
14418,records100/14000/14418_lr,0
14424,records100/14000/14424_lr,1
14425,records100/14000/14425_lr,0
14426,records100/14000/14426_lr,0
14428,records100/14000/14428_lr,1
14429,records100/14000/14429_lr,1
14430,records100/14000/14430_lr,1
14433,records100/14000/14433_lr,1
14435,records100/14000/14435_lr,0
14437,records100/14000/14437_lr,0
14438,records100/14000/14438_lr,0
14441,records100/14000/14441_lr,1
14442,records100/14000/14442_lr,1
14443,records100/14000/14443_lr,0
14444,records100/14000/14444_lr,0
14445,records100/14000/14445_lr,0
14446,records100/14000/14446_lr,1
14447,records100/14000/14447_lr,0
14449,records100/14000/14449_lr,0
14451,records100/14000/14451_lr,1
14452,records100/14000/14452_lr,0
14455,records100/14000/14455_lr,1
14457,records100/14000/14457_lr,0
14458,records100/14000/14458_lr,1
14459,records100/14000/14459_lr,0
14460,records100/14000/14460_lr,0
14461,records100/14000/14461_lr,0
14462,records100/14000/14462_lr,0
14463,records100/14000/14463_lr,0
14464,records100/14000/14464_lr,0
14465,records100/14000/14465_lr,0
14466,records100/14000/14466_lr,0
14469,records100/14000/14469_lr,0
14475,records100/14000/14475_lr,1
14477,records100/14000/14477_lr,1
14478,records100/14000/14478_lr,1
14479,records100/14000/14479_lr,1
14482,records100/14000/14482_lr,0
14483,records100/14000/14483_lr,0
14484,records100/14000/14484_lr,0
14485,records100/14000/14485_lr,0
14486,records100/14000/14486_lr,0
14487,records100/14000/14487_lr,1
14488,records100/14000/14488_lr,0
14491,records100/14000/14491_lr,1
14495,records100/14000/14495_lr,1
14497,records100/14000/14497_lr,1
14499,records100/14000/14499_lr,1
14501,records100/14000/14501_lr,0
14502,records100/14000/14502_lr,0
14503,records100/14000/14503_lr,0
14504,records100/14000/14504_lr,0
14505,records100/14000/14505_lr,1
14506,records100/14000/14506_lr,0
14507,records100/14000/14507_lr,1
14509,records100/14000/14509_lr,0
14510,records100/14000/14510_lr,0
14513,records100/14000/14513_lr,0
14514,records100/14000/14514_lr,0
14519,records100/14000/14519_lr,0
14520,records100/14000/14520_lr,0
14524,records100/14000/14524_lr,0
14525,records100/14000/14525_lr,0
14526,records100/14000/14526_lr,0
14527,records100/14000/14527_lr,0
14528,records100/14000/14528_lr,0
14530,records100/14000/14530_lr,0
14532,records100/14000/14532_lr,0
14533,records100/14000/14533_lr,0
14534,records100/14000/14534_lr,1
14535,records100/14000/14535_lr,1
14536,records100/14000/14536_lr,0
14539,records100/14000/14539_lr,0
14540,records100/14000/14540_lr,1
14541,records100/14000/14541_lr,1
14542,records100/14000/14542_lr,1
14543,records100/14000/14543_lr,1
14544,records100/14000/14544_lr,1
14545,records100/14000/14545_lr,0
14546,records100/14000/14546_lr,0
14548,records100/14000/14548_lr,1
14549,records100/14000/14549_lr,0
14552,records100/14000/14552_lr,0
14553,records100/14000/14553_lr,0
14554,records100/14000/14554_lr,1
14555,records100/14000/14555_lr,1
14556,records100/14000/14556_lr,1
14557,records100/14000/14557_lr,1
14558,records100/14000/14558_lr,0
14559,records100/14000/14559_lr,0
14560,records100/14000/14560_lr,0
14562,records100/14000/14562_lr,0
14563,records100/14000/14563_lr,1
14564,records100/14000/14564_lr,0
14565,records100/14000/14565_lr,0
14567,records100/14000/14567_lr,1
14568,records100/14000/14568_lr,0
14569,records100/14000/14569_lr,1
14570,records100/14000/14570_lr,0
14571,records100/14000/14571_lr,0
14572,records100/14000/14572_lr,0
14573,records100/14000/14573_lr,1
14574,records100/14000/14574_lr,1
14575,records100/14000/14575_lr,0
14576,records100/14000/14576_lr,1
14577,records100/14000/14577_lr,0
14578,records100/14000/14578_lr,1
14579,records100/14000/14579_lr,0
14580,records100/14000/14580_lr,0
14581,records100/14000/14581_lr,0
14582,records100/14000/14582_lr,1
14583,records100/14000/14583_lr,0
14584,records100/14000/14584_lr,1
14585,records100/14000/14585_lr,1
14586,records100/14000/14586_lr,1
14587,records100/14000/14587_lr,0
14588,records100/14000/14588_lr,0
14589,records100/14000/14589_lr,1
14591,records100/14000/14591_lr,0
14592,records100/14000/14592_lr,0
14594,records100/14000/14594_lr,0
14595,records100/14000/14595_lr,0
14596,records100/14000/14596_lr,1
14597,records100/14000/14597_lr,0
14600,records100/14000/14600_lr,0
14602,records100/14000/14602_lr,1
14604,records100/14000/14604_lr,1
14605,records100/14000/14605_lr,0
14606,records100/14000/14606_lr,0
14607,records100/14000/14607_lr,0
14611,records100/14000/14611_lr,0
14612,records100/14000/14612_lr,0
14613,records100/14000/14613_lr,0
14614,records100/14000/14614_lr,0
14617,records100/14000/14617_lr,0
14618,records100/14000/14618_lr,1
14619,records100/14000/14619_lr,1
14620,records100/14000/14620_lr,0
14622,records100/14000/14622_lr,0
14623,records100/14000/14623_lr,0
14624,records100/14000/14624_lr,1
14625,records100/14000/14625_lr,1
14626,records100/14000/14626_lr,0
14627,records100/14000/14627_lr,1
14629,records100/14000/14629_lr,1
14630,records100/14000/14630_lr,0
14631,records100/14000/14631_lr,1
14632,records100/14000/14632_lr,0
14633,records100/14000/14633_lr,0
14634,records100/14000/14634_lr,0
14635,records100/14000/14635_lr,0
14636,records100/14000/14636_lr,0
14637,records100/14000/14637_lr,0
14639,records100/14000/14639_lr,1
14640,records100/14000/14640_lr,1
14641,records100/14000/14641_lr,1
14642,records100/14000/14642_lr,0
14643,records100/14000/14643_lr,1
14644,records100/14000/14644_lr,1
14645,records100/14000/14645_lr,0
14647,records100/14000/14647_lr,1
14651,records100/14000/14651_lr,1
14652,records100/14000/14652_lr,0
14654,records100/14000/14654_lr,0
14656,records100/14000/14656_lr,0
14657,records100/14000/14657_lr,0
14660,records100/14000/14660_lr,0
14661,records100/14000/14661_lr,1
14662,records100/14000/14662_lr,0
14663,records100/14000/14663_lr,0
14664,records100/14000/14664_lr,0
14665,records100/14000/14665_lr,1
14666,records100/14000/14666_lr,1
14667,records100/14000/14667_lr,1
14668,records100/14000/14668_lr,0
14669,records100/14000/14669_lr,0
14673,records100/14000/14673_lr,0
14676,records100/14000/14676_lr,0
14677,records100/14000/14677_lr,1
14679,records100/14000/14679_lr,0
14680,records100/14000/14680_lr,1
14681,records100/14000/14681_lr,0
14682,records100/14000/14682_lr,0
14683,records100/14000/14683_lr,0
14684,records100/14000/14684_lr,0
14686,records100/14000/14686_lr,0
14687,records100/14000/14687_lr,0
14689,records100/14000/14689_lr,0
14690,records100/14000/14690_lr,0
14691,records100/14000/14691_lr,0
14692,records100/14000/14692_lr,0
14694,records100/14000/14694_lr,0
14696,records100/14000/14696_lr,0
14697,records100/14000/14697_lr,0
14698,records100/14000/14698_lr,0
14704,records100/14000/14704_lr,0
14705,records100/14000/14705_lr,0
14706,records100/14000/14706_lr,1
14708,records100/14000/14708_lr,1
14709,records100/14000/14709_lr,1
14710,records100/14000/14710_lr,0
14711,records100/14000/14711_lr,0
14712,records100/14000/14712_lr,0
14713,records100/14000/14713_lr,1
14714,records100/14000/14714_lr,0
14715,records100/14000/14715_lr,0
14719,records100/14000/14719_lr,1
14722,records100/14000/14722_lr,0
14723,records100/14000/14723_lr,0
14724,records100/14000/14724_lr,0
14728,records100/14000/14728_lr,0
14729,records100/14000/14729_lr,1
14730,records100/14000/14730_lr,1
14731,records100/14000/14731_lr,1
14732,records100/14000/14732_lr,0
14735,records100/14000/14735_lr,1
14736,records100/14000/14736_lr,0
14738,records100/14000/14738_lr,0
14740,records100/14000/14740_lr,0
14742,records100/14000/14742_lr,1
14746,records100/14000/14746_lr,0
14747,records100/14000/14747_lr,0
14748,records100/14000/14748_lr,1
14749,records100/14000/14749_lr,0
14750,records100/14000/14750_lr,0
14752,records100/14000/14752_lr,1
14753,records100/14000/14753_lr,1
14754,records100/14000/14754_lr,1
14755,records100/14000/14755_lr,0
14756,records100/14000/14756_lr,0
14757,records100/14000/14757_lr,0
14759,records100/14000/14759_lr,1
14760,records100/14000/14760_lr,1
14761,records100/14000/14761_lr,0
14762,records100/14000/14762_lr,1
14763,records100/14000/14763_lr,1
14764,records100/14000/14764_lr,1
14765,records100/14000/14765_lr,1
14766,records100/14000/14766_lr,1
14767,records100/14000/14767_lr,1
14769,records100/14000/14769_lr,0
14770,records100/14000/14770_lr,1
14771,records100/14000/14771_lr,0
14773,records100/14000/14773_lr,1
14774,records100/14000/14774_lr,1
14775,records100/14000/14775_lr,0
14776,records100/14000/14776_lr,0
14777,records100/14000/14777_lr,1
14778,records100/14000/14778_lr,0
14781,records100/14000/14781_lr,1
14782,records100/14000/14782_lr,0
14783,records100/14000/14783_lr,1
14784,records100/14000/14784_lr,0
14786,records100/14000/14786_lr,1
14787,records100/14000/14787_lr,1
14789,records100/14000/14789_lr,0
14790,records100/14000/14790_lr,0
14791,records100/14000/14791_lr,0
14794,records100/14000/14794_lr,0
14795,records100/14000/14795_lr,0
14796,records100/14000/14796_lr,0
14797,records100/14000/14797_lr,1
14800,records100/14000/14800_lr,0
14802,records100/14000/14802_lr,1
14803,records100/14000/14803_lr,1
14808,records100/14000/14808_lr,1
14809,records100/14000/14809_lr,0
14810,records100/14000/14810_lr,0
14811,records100/14000/14811_lr,0
14812,records100/14000/14812_lr,1
14813,records100/14000/14813_lr,0
14814,records100/14000/14814_lr,0
14816,records100/14000/14816_lr,0
14817,records100/14000/14817_lr,0
14818,records100/14000/14818_lr,0
14820,records100/14000/14820_lr,0
14821,records100/14000/14821_lr,0
14823,records100/14000/14823_lr,1
14826,records100/14000/14826_lr,0
14827,records100/14000/14827_lr,0
14828,records100/14000/14828_lr,0
14829,records100/14000/14829_lr,1
14831,records100/14000/14831_lr,0
14832,records100/14000/14832_lr,0
14835,records100/14000/14835_lr,0
14837,records100/14000/14837_lr,1
14838,records100/14000/14838_lr,0
14840,records100/14000/14840_lr,0
14841,records100/14000/14841_lr,0
14842,records100/14000/14842_lr,1
14843,records100/14000/14843_lr,1
14845,records100/14000/14845_lr,1
14846,records100/14000/14846_lr,0
14847,records100/14000/14847_lr,1
14848,records100/14000/14848_lr,1
14851,records100/14000/14851_lr,0
14855,records100/14000/14855_lr,0
14856,records100/14000/14856_lr,0
14858,records100/14000/14858_lr,1
14859,records100/14000/14859_lr,1
14860,records100/14000/14860_lr,0
14861,records100/14000/14861_lr,0
14863,records100/14000/14863_lr,1
14864,records100/14000/14864_lr,0
14866,records100/14000/14866_lr,0
14867,records100/14000/14867_lr,1
14868,records100/14000/14868_lr,1
14870,records100/14000/14870_lr,1
14871,records100/14000/14871_lr,0
14873,records100/14000/14873_lr,0
14874,records100/14000/14874_lr,0
14877,records100/14000/14877_lr,0
14878,records100/14000/14878_lr,0
14879,records100/14000/14879_lr,1
14880,records100/14000/14880_lr,0
14882,records100/14000/14882_lr,1
14883,records100/14000/14883_lr,1
14884,records100/14000/14884_lr,1
14885,records100/14000/14885_lr,0
14886,records100/14000/14886_lr,1
14892,records100/14000/14892_lr,0
14893,records100/14000/14893_lr,0
14894,records100/14000/14894_lr,1
14895,records100/14000/14895_lr,0
14898,records100/14000/14898_lr,1
14901,records100/14000/14901_lr,0
14902,records100/14000/14902_lr,0
14903,records100/14000/14903_lr,0
14906,records100/14000/14906_lr,1
14907,records100/14000/14907_lr,0
14908,records100/14000/14908_lr,1
14909,records100/14000/14909_lr,0
14910,records100/14000/14910_lr,1
14911,records100/14000/14911_lr,0
14912,records100/14000/14912_lr,1
14916,records100/14000/14916_lr,0
14918,records100/14000/14918_lr,0
14919,records100/14000/14919_lr,0
14920,records100/14000/14920_lr,0
14921,records100/14000/14921_lr,0
14922,records100/14000/14922_lr,1
14923,records100/14000/14923_lr,0
14929,records100/14000/14929_lr,1
14930,records100/14000/14930_lr,0
14931,records100/14000/14931_lr,0
14934,records100/14000/14934_lr,0
14935,records100/14000/14935_lr,0
14936,records100/14000/14936_lr,1
14937,records100/14000/14937_lr,1
14938,records100/14000/14938_lr,0
14939,records100/14000/14939_lr,0
14940,records100/14000/14940_lr,0
14941,records100/14000/14941_lr,1
14944,records100/14000/14944_lr,0
14945,records100/14000/14945_lr,0
14946,records100/14000/14946_lr,0
14948,records100/14000/14948_lr,1
14951,records100/14000/14951_lr,0
14952,records100/14000/14952_lr,1
14953,records100/14000/14953_lr,1
14954,records100/14000/14954_lr,0
14957,records100/14000/14957_lr,0
14958,records100/14000/14958_lr,1
14960,records100/14000/14960_lr,1
14962,records100/14000/14962_lr,1
14966,records100/14000/14966_lr,1
14967,records100/14000/14967_lr,1
14968,records100/14000/14968_lr,0
14970,records100/14000/14970_lr,1
14971,records100/14000/14971_lr,0
14972,records100/14000/14972_lr,0
14973,records100/14000/14973_lr,1
14974,records100/14000/14974_lr,0
14976,records100/14000/14976_lr,0
14977,records100/14000/14977_lr,1
14978,records100/14000/14978_lr,1
14979,records100/14000/14979_lr,0
14981,records100/14000/14981_lr,0
14983,records100/14000/14983_lr,1
14985,records100/14000/14985_lr,0
14986,records100/14000/14986_lr,1
14987,records100/14000/14987_lr,0
14988,records100/14000/14988_lr,1
14989,records100/14000/14989_lr,1
14991,records100/14000/14991_lr,1
14995,records100/14000/14995_lr,1
14996,records100/14000/14996_lr,0
14997,records100/14000/14997_lr,1
14998,records100/14000/14998_lr,0
15001,records100/15000/15001_lr,0
15002,records100/15000/15002_lr,1
15003,records100/15000/15003_lr,1
15004,records100/15000/15004_lr,0
15005,records100/15000/15005_lr,0
15006,records100/15000/15006_lr,0
15007,records100/15000/15007_lr,0
15008,records100/15000/15008_lr,0
15009,records100/15000/15009_lr,0
15010,records100/15000/15010_lr,1
15011,records100/15000/15011_lr,0
15012,records100/15000/15012_lr,0
15014,records100/15000/15014_lr,0
15015,records100/15000/15015_lr,0
15016,records100/15000/15016_lr,0
15017,records100/15000/15017_lr,0
15021,records100/15000/15021_lr,0
15022,records100/15000/15022_lr,1
15023,records100/15000/15023_lr,1
15024,records100/15000/15024_lr,1
15025,records100/15000/15025_lr,0
15028,records100/15000/15028_lr,1
15029,records100/15000/15029_lr,1
15030,records100/15000/15030_lr,0
15034,records100/15000/15034_lr,1
15035,records100/15000/15035_lr,0
15036,records100/15000/15036_lr,1
15037,records100/15000/15037_lr,0
15038,records100/15000/15038_lr,0
15041,records100/15000/15041_lr,0
15043,records100/15000/15043_lr,0
15044,records100/15000/15044_lr,1
15047,records100/15000/15047_lr,1
15049,records100/15000/15049_lr,0
15050,records100/15000/15050_lr,0
15051,records100/15000/15051_lr,1
15052,records100/15000/15052_lr,0
15053,records100/15000/15053_lr,1
15054,records100/15000/15054_lr,0
15055,records100/15000/15055_lr,0
15056,records100/15000/15056_lr,0
15057,records100/15000/15057_lr,0
15058,records100/15000/15058_lr,0
15059,records100/15000/15059_lr,1
15061,records100/15000/15061_lr,1
15065,records100/15000/15065_lr,0
15070,records100/15000/15070_lr,1
15072,records100/15000/15072_lr,1
15074,records100/15000/15074_lr,0
15076,records100/15000/15076_lr,1
15077,records100/15000/15077_lr,0
15078,records100/15000/15078_lr,0
15080,records100/15000/15080_lr,1
15083,records100/15000/15083_lr,0
15084,records100/15000/15084_lr,1
15086,records100/15000/15086_lr,1
15087,records100/15000/15087_lr,0
15088,records100/15000/15088_lr,0
15089,records100/15000/15089_lr,1
15090,records100/15000/15090_lr,0
15091,records100/15000/15091_lr,1
15093,records100/15000/15093_lr,1
15094,records100/15000/15094_lr,0
15095,records100/15000/15095_lr,0
15097,records100/15000/15097_lr,0
15099,records100/15000/15099_lr,0
15102,records100/15000/15102_lr,0
15103,records100/15000/15103_lr,1
15105,records100/15000/15105_lr,0
15109,records100/15000/15109_lr,1
15110,records100/15000/15110_lr,0
15111,records100/15000/15111_lr,0
15114,records100/15000/15114_lr,0
15116,records100/15000/15116_lr,0
15117,records100/15000/15117_lr,0
15118,records100/15000/15118_lr,0
15120,records100/15000/15120_lr,1
15121,records100/15000/15121_lr,0
15123,records100/15000/15123_lr,1
15124,records100/15000/15124_lr,0
15125,records100/15000/15125_lr,1
15126,records100/15000/15126_lr,0
15127,records100/15000/15127_lr,1
15130,records100/15000/15130_lr,1
15132,records100/15000/15132_lr,1
15134,records100/15000/15134_lr,1
15136,records100/15000/15136_lr,0
15137,records100/15000/15137_lr,0
15138,records100/15000/15138_lr,0
15140,records100/15000/15140_lr,0
15141,records100/15000/15141_lr,1
15142,records100/15000/15142_lr,0
15143,records100/15000/15143_lr,1
15144,records100/15000/15144_lr,0
15145,records100/15000/15145_lr,0
15146,records100/15000/15146_lr,0
15147,records100/15000/15147_lr,0
15148,records100/15000/15148_lr,1
15149,records100/15000/15149_lr,1
15151,records100/15000/15151_lr,0
15152,records100/15000/15152_lr,1
15153,records100/15000/15153_lr,0
15155,records100/15000/15155_lr,0
15158,records100/15000/15158_lr,0
15160,records100/15000/15160_lr,0
15161,records100/15000/15161_lr,1
15162,records100/15000/15162_lr,0
15164,records100/15000/15164_lr,1
15165,records100/15000/15165_lr,0
15166,records100/15000/15166_lr,1
15167,records100/15000/15167_lr,1
15170,records100/15000/15170_lr,1
15171,records100/15000/15171_lr,0
15172,records100/15000/15172_lr,0
15173,records100/15000/15173_lr,0
15175,records100/15000/15175_lr,0
15179,records100/15000/15179_lr,1
15180,records100/15000/15180_lr,1
15185,records100/15000/15185_lr,1
15186,records100/15000/15186_lr,0
15189,records100/15000/15189_lr,1
15191,records100/15000/15191_lr,1
15192,records100/15000/15192_lr,0
15193,records100/15000/15193_lr,1
15194,records100/15000/15194_lr,1
15196,records100/15000/15196_lr,0
15197,records100/15000/15197_lr,1
15198,records100/15000/15198_lr,1
15200,records100/15000/15200_lr,1
15201,records100/15000/15201_lr,0
15202,records100/15000/15202_lr,0
15203,records100/15000/15203_lr,1
15205,records100/15000/15205_lr,1
15206,records100/15000/15206_lr,0
15207,records100/15000/15207_lr,1
15208,records100/15000/15208_lr,0
15210,records100/15000/15210_lr,0
15211,records100/15000/15211_lr,0
15212,records100/15000/15212_lr,1
15214,records100/15000/15214_lr,0
15215,records100/15000/15215_lr,1
15216,records100/15000/15216_lr,0
15218,records100/15000/15218_lr,1
15221,records100/15000/15221_lr,0
15222,records100/15000/15222_lr,0
15223,records100/15000/15223_lr,0
15227,records100/15000/15227_lr,1
15228,records100/15000/15228_lr,1
15229,records100/15000/15229_lr,1
15231,records100/15000/15231_lr,1
15235,records100/15000/15235_lr,1
15236,records100/15000/15236_lr,0
15237,records100/15000/15237_lr,1
15238,records100/15000/15238_lr,0
15239,records100/15000/15239_lr,1
15242,records100/15000/15242_lr,1
15245,records100/15000/15245_lr,0
15246,records100/15000/15246_lr,1
15247,records100/15000/15247_lr,0
15248,records100/15000/15248_lr,0
15250,records100/15000/15250_lr,0
15252,records100/15000/15252_lr,1
15254,records100/15000/15254_lr,1
15256,records100/15000/15256_lr,1
15257,records100/15000/15257_lr,1
15258,records100/15000/15258_lr,0
15259,records100/15000/15259_lr,1
15261,records100/15000/15261_lr,1
15262,records100/15000/15262_lr,1
15263,records100/15000/15263_lr,1
15264,records100/15000/15264_lr,0
15267,records100/15000/15267_lr,0
15269,records100/15000/15269_lr,0
15270,records100/15000/15270_lr,0
15271,records100/15000/15271_lr,1
15273,records100/15000/15273_lr,0
15274,records100/15000/15274_lr,1
15275,records100/15000/15275_lr,1
15276,records100/15000/15276_lr,1
15277,records100/15000/15277_lr,1
15278,records100/15000/15278_lr,0
15279,records100/15000/15279_lr,1
15280,records100/15000/15280_lr,0
15281,records100/15000/15281_lr,1
15282,records100/15000/15282_lr,0
15285,records100/15000/15285_lr,1
15286,records100/15000/15286_lr,1
15287,records100/15000/15287_lr,0
15289,records100/15000/15289_lr,1
15290,records100/15000/15290_lr,0
15291,records100/15000/15291_lr,0
15292,records100/15000/15292_lr,0
15293,records100/15000/15293_lr,0
15295,records100/15000/15295_lr,0
15298,records100/15000/15298_lr,1
15299,records100/15000/15299_lr,1
15302,records100/15000/15302_lr,0
15303,records100/15000/15303_lr,0
15304,records100/15000/15304_lr,1
15306,records100/15000/15306_lr,0
15309,records100/15000/15309_lr,1
15310,records100/15000/15310_lr,1
15312,records100/15000/15312_lr,1
15313,records100/15000/15313_lr,1
15314,records100/15000/15314_lr,1
15315,records100/15000/15315_lr,0
15316,records100/15000/15316_lr,1
15319,records100/15000/15319_lr,1
15320,records100/15000/15320_lr,0
15321,records100/15000/15321_lr,0
15322,records100/15000/15322_lr,0
15324,records100/15000/15324_lr,1
15327,records100/15000/15327_lr,1
15328,records100/15000/15328_lr,0
15329,records100/15000/15329_lr,1
15331,records100/15000/15331_lr,1
15333,records100/15000/15333_lr,1
15334,records100/15000/15334_lr,1
15335,records100/15000/15335_lr,1
15337,records100/15000/15337_lr,1
15338,records100/15000/15338_lr,1
15339,records100/15000/15339_lr,0
15342,records100/15000/15342_lr,0
15343,records100/15000/15343_lr,0
15344,records100/15000/15344_lr,0
15345,records100/15000/15345_lr,0
15346,records100/15000/15346_lr,0
15348,records100/15000/15348_lr,1
15349,records100/15000/15349_lr,0
15350,records100/15000/15350_lr,1
15351,records100/15000/15351_lr,0
15352,records100/15000/15352_lr,0
15353,records100/15000/15353_lr,0
15355,records100/15000/15355_lr,0
15358,records100/15000/15358_lr,0
15359,records100/15000/15359_lr,0
15360,records100/15000/15360_lr,0
15361,records100/15000/15361_lr,0
15363,records100/15000/15363_lr,0
15365,records100/15000/15365_lr,1
15366,records100/15000/15366_lr,0
15369,records100/15000/15369_lr,0
15370,records100/15000/15370_lr,1
15371,records100/15000/15371_lr,0
15372,records100/15000/15372_lr,0
15373,records100/15000/15373_lr,0
15374,records100/15000/15374_lr,0
15375,records100/15000/15375_lr,1
15376,records100/15000/15376_lr,1
15377,records100/15000/15377_lr,0
15378,records100/15000/15378_lr,1
15379,records100/15000/15379_lr,0
15380,records100/15000/15380_lr,0
15381,records100/15000/15381_lr,0
15382,records100/15000/15382_lr,0
15385,records100/15000/15385_lr,1
15386,records100/15000/15386_lr,0
15388,records100/15000/15388_lr,1
15390,records100/15000/15390_lr,1
15391,records100/15000/15391_lr,0
15392,records100/15000/15392_lr,1
15393,records100/15000/15393_lr,1
15394,records100/15000/15394_lr,1
15396,records100/15000/15396_lr,0
15397,records100/15000/15397_lr,0
15398,records100/15000/15398_lr,1
15400,records100/15000/15400_lr,1
15401,records100/15000/15401_lr,0
15402,records100/15000/15402_lr,0
15403,records100/15000/15403_lr,0
15404,records100/15000/15404_lr,0
15406,records100/15000/15406_lr,0
15407,records100/15000/15407_lr,0
15408,records100/15000/15408_lr,0
15409,records100/15000/15409_lr,0
15411,records100/15000/15411_lr,0
15412,records100/15000/15412_lr,0
15413,records100/15000/15413_lr,0
15414,records100/15000/15414_lr,0
15415,records100/15000/15415_lr,0
15416,records100/15000/15416_lr,0
15418,records100/15000/15418_lr,1
15421,records100/15000/15421_lr,1
15422,records100/15000/15422_lr,1
15423,records100/15000/15423_lr,0
15424,records100/15000/15424_lr,1
15427,records100/15000/15427_lr,1
15428,records100/15000/15428_lr,0
15430,records100/15000/15430_lr,1
15431,records100/15000/15431_lr,1
15432,records100/15000/15432_lr,0
15433,records100/15000/15433_lr,0
15435,records100/15000/15435_lr,0
15437,records100/15000/15437_lr,0
15440,records100/15000/15440_lr,0
15441,records100/15000/15441_lr,0
15442,records100/15000/15442_lr,0
15443,records100/15000/15443_lr,0
15445,records100/15000/15445_lr,0
15446,records100/15000/15446_lr,0
15448,records100/15000/15448_lr,0
15449,records100/15000/15449_lr,0
15450,records100/15000/15450_lr,1
15451,records100/15000/15451_lr,0
15453,records100/15000/15453_lr,0
15455,records100/15000/15455_lr,0
15456,records100/15000/15456_lr,0
15458,records100/15000/15458_lr,1
15461,records100/15000/15461_lr,0
15462,records100/15000/15462_lr,1
15463,records100/15000/15463_lr,1
15465,records100/15000/15465_lr,0
15466,records100/15000/15466_lr,1
15468,records100/15000/15468_lr,1
15469,records100/15000/15469_lr,0
15472,records100/15000/15472_lr,1
15473,records100/15000/15473_lr,1
15474,records100/15000/15474_lr,0
15475,records100/15000/15475_lr,1
15477,records100/15000/15477_lr,0
15479,records100/15000/15479_lr,1
15480,records100/15000/15480_lr,0
15481,records100/15000/15481_lr,0
15482,records100/15000/15482_lr,0
15483,records100/15000/15483_lr,0
15484,records100/15000/15484_lr,0
15487,records100/15000/15487_lr,0
15488,records100/15000/15488_lr,0
15489,records100/15000/15489_lr,0
15490,records100/15000/15490_lr,1
15491,records100/15000/15491_lr,0
15493,records100/15000/15493_lr,1
15494,records100/15000/15494_lr,1
15495,records100/15000/15495_lr,1
15496,records100/15000/15496_lr,1
15497,records100/15000/15497_lr,1
15499,records100/15000/15499_lr,1
15500,records100/15000/15500_lr,1
15501,records100/15000/15501_lr,1
15504,records100/15000/15504_lr,0
15505,records100/15000/15505_lr,0
15506,records100/15000/15506_lr,0
15507,records100/15000/15507_lr,0
15508,records100/15000/15508_lr,1
15510,records100/15000/15510_lr,0
15511,records100/15000/15511_lr,1
15512,records100/15000/15512_lr,1
15514,records100/15000/15514_lr,1
15515,records100/15000/15515_lr,1
15516,records100/15000/15516_lr,1
15517,records100/15000/15517_lr,1
15518,records100/15000/15518_lr,1
15521,records100/15000/15521_lr,1
15522,records100/15000/15522_lr,0
15523,records100/15000/15523_lr,1
15524,records100/15000/15524_lr,0
15525,records100/15000/15525_lr,0
15527,records100/15000/15527_lr,1
15528,records100/15000/15528_lr,0
15531,records100/15000/15531_lr,0
15533,records100/15000/15533_lr,1
15534,records100/15000/15534_lr,0
15535,records100/15000/15535_lr,1
15536,records100/15000/15536_lr,0
15537,records100/15000/15537_lr,1
15538,records100/15000/15538_lr,0
15540,records100/15000/15540_lr,0
15541,records100/15000/15541_lr,0
15543,records100/15000/15543_lr,0
15544,records100/15000/15544_lr,1
15545,records100/15000/15545_lr,0
15546,records100/15000/15546_lr,0
15547,records100/15000/15547_lr,0
15548,records100/15000/15548_lr,0
15549,records100/15000/15549_lr,1
15550,records100/15000/15550_lr,0
15551,records100/15000/15551_lr,1
15552,records100/15000/15552_lr,0
15553,records100/15000/15553_lr,0
15554,records100/15000/15554_lr,0
15556,records100/15000/15556_lr,0
15558,records100/15000/15558_lr,1
15559,records100/15000/15559_lr,1
15560,records100/15000/15560_lr,0
15561,records100/15000/15561_lr,0
15562,records100/15000/15562_lr,0
15563,records100/15000/15563_lr,1
15564,records100/15000/15564_lr,1
15566,records100/15000/15566_lr,0
15573,records100/15000/15573_lr,1
15575,records100/15000/15575_lr,0
15578,records100/15000/15578_lr,1
15579,records100/15000/15579_lr,1
15584,records100/15000/15584_lr,0
15586,records100/15000/15586_lr,1
15587,records100/15000/15587_lr,0
15588,records100/15000/15588_lr,0
15590,records100/15000/15590_lr,0
15591,records100/15000/15591_lr,0
15592,records100/15000/15592_lr,0
15593,records100/15000/15593_lr,1
15594,records100/15000/15594_lr,1
15595,records100/15000/15595_lr,1
15596,records100/15000/15596_lr,0
15597,records100/15000/15597_lr,1
15599,records100/15000/15599_lr,1
15600,records100/15000/15600_lr,0
15601,records100/15000/15601_lr,1
15602,records100/15000/15602_lr,1
15603,records100/15000/15603_lr,1
15604,records100/15000/15604_lr,1
15606,records100/15000/15606_lr,0
15607,records100/15000/15607_lr,1
15608,records100/15000/15608_lr,1
15609,records100/15000/15609_lr,0
15610,records100/15000/15610_lr,0
15611,records100/15000/15611_lr,1
15612,records100/15000/15612_lr,0
15613,records100/15000/15613_lr,0
15615,records100/15000/15615_lr,0
15616,records100/15000/15616_lr,1
15618,records100/15000/15618_lr,1
15619,records100/15000/15619_lr,1
15620,records100/15000/15620_lr,1
15621,records100/15000/15621_lr,1
15622,records100/15000/15622_lr,0
15623,records100/15000/15623_lr,1
15624,records100/15000/15624_lr,0
15626,records100/15000/15626_lr,1
15627,records100/15000/15627_lr,1
15630,records100/15000/15630_lr,0
15632,records100/15000/15632_lr,0
15633,records100/15000/15633_lr,1
15634,records100/15000/15634_lr,0
15635,records100/15000/15635_lr,0
15637,records100/15000/15637_lr,0
15638,records100/15000/15638_lr,0
15639,records100/15000/15639_lr,1
15641,records100/15000/15641_lr,1
15642,records100/15000/15642_lr,0
15643,records100/15000/15643_lr,0
15644,records100/15000/15644_lr,1
15647,records100/15000/15647_lr,1
15648,records100/15000/15648_lr,1
15650,records100/15000/15650_lr,0
15651,records100/15000/15651_lr,0
15652,records100/15000/15652_lr,0
15653,records100/15000/15653_lr,0
15654,records100/15000/15654_lr,0
15655,records100/15000/15655_lr,0
15656,records100/15000/15656_lr,1
15657,records100/15000/15657_lr,1
15658,records100/15000/15658_lr,0
15659,records100/15000/15659_lr,1
15660,records100/15000/15660_lr,0
15661,records100/15000/15661_lr,1
15662,records100/15000/15662_lr,0
15663,records100/15000/15663_lr,0
15664,records100/15000/15664_lr,1
15665,records100/15000/15665_lr,0
15667,records100/15000/15667_lr,0
15668,records100/15000/15668_lr,0
15671,records100/15000/15671_lr,0
15673,records100/15000/15673_lr,0
15674,records100/15000/15674_lr,0
15677,records100/15000/15677_lr,0
15678,records100/15000/15678_lr,0
15679,records100/15000/15679_lr,0
15680,records100/15000/15680_lr,0
15682,records100/15000/15682_lr,0
15684,records100/15000/15684_lr,0
15685,records100/15000/15685_lr,0
15686,records100/15000/15686_lr,1
15689,records100/15000/15689_lr,0
15692,records100/15000/15692_lr,1
15693,records100/15000/15693_lr,0
15697,records100/15000/15697_lr,0
15698,records100/15000/15698_lr,0
15699,records100/15000/15699_lr,0
15700,records100/15000/15700_lr,0
15702,records100/15000/15702_lr,0
15704,records100/15000/15704_lr,0
15705,records100/15000/15705_lr,1
15706,records100/15000/15706_lr,0
15707,records100/15000/15707_lr,1
15708,records100/15000/15708_lr,0
15709,records100/15000/15709_lr,0
15710,records100/15000/15710_lr,1
15713,records100/15000/15713_lr,1
15714,records100/15000/15714_lr,0
15715,records100/15000/15715_lr,0
15716,records100/15000/15716_lr,0
15717,records100/15000/15717_lr,0
15718,records100/15000/15718_lr,1
15719,records100/15000/15719_lr,0
15720,records100/15000/15720_lr,1
15721,records100/15000/15721_lr,1
15722,records100/15000/15722_lr,1
15723,records100/15000/15723_lr,0
15724,records100/15000/15724_lr,0
15725,records100/15000/15725_lr,0
15728,records100/15000/15728_lr,1
15730,records100/15000/15730_lr,1
15731,records100/15000/15731_lr,1
15732,records100/15000/15732_lr,0
15733,records100/15000/15733_lr,0
15734,records100/15000/15734_lr,1
15735,records100/15000/15735_lr,0
15736,records100/15000/15736_lr,0
15737,records100/15000/15737_lr,0
15739,records100/15000/15739_lr,1
15741,records100/15000/15741_lr,1
15743,records100/15000/15743_lr,0
15745,records100/15000/15745_lr,0
15746,records100/15000/15746_lr,1
15747,records100/15000/15747_lr,0
15750,records100/15000/15750_lr,0
15751,records100/15000/15751_lr,0
15752,records100/15000/15752_lr,1
15753,records100/15000/15753_lr,0
15754,records100/15000/15754_lr,1
15755,records100/15000/15755_lr,1
15758,records100/15000/15758_lr,0
15761,records100/15000/15761_lr,0
15762,records100/15000/15762_lr,0
15765,records100/15000/15765_lr,0
15767,records100/15000/15767_lr,0
15768,records100/15000/15768_lr,1
15769,records100/15000/15769_lr,0
15770,records100/15000/15770_lr,0
15771,records100/15000/15771_lr,1
15772,records100/15000/15772_lr,0
15773,records100/15000/15773_lr,0
15774,records100/15000/15774_lr,0
15775,records100/15000/15775_lr,0
15776,records100/15000/15776_lr,0
15777,records100/15000/15777_lr,0
15778,records100/15000/15778_lr,0
15782,records100/15000/15782_lr,0
15783,records100/15000/15783_lr,1
15784,records100/15000/15784_lr,0
15785,records100/15000/15785_lr,0
15786,records100/15000/15786_lr,0
15789,records100/15000/15789_lr,0
15793,records100/15000/15793_lr,1
15794,records100/15000/15794_lr,0
15796,records100/15000/15796_lr,0
15801,records100/15000/15801_lr,0
15802,records100/15000/15802_lr,0
15803,records100/15000/15803_lr,0
15808,records100/15000/15808_lr,1
15809,records100/15000/15809_lr,1
15810,records100/15000/15810_lr,1
15811,records100/15000/15811_lr,1
15813,records100/15000/15813_lr,0
15815,records100/15000/15815_lr,0
15816,records100/15000/15816_lr,1
15819,records100/15000/15819_lr,0
15820,records100/15000/15820_lr,0
15821,records100/15000/15821_lr,0
15823,records100/15000/15823_lr,0
15824,records100/15000/15824_lr,1
15825,records100/15000/15825_lr,1
15828,records100/15000/15828_lr,0
15829,records100/15000/15829_lr,1
15830,records100/15000/15830_lr,0
15832,records100/15000/15832_lr,1
15833,records100/15000/15833_lr,1
15835,records100/15000/15835_lr,1
15836,records100/15000/15836_lr,1
15838,records100/15000/15838_lr,1
15839,records100/15000/15839_lr,0
15842,records100/15000/15842_lr,0
15843,records100/15000/15843_lr,1
15844,records100/15000/15844_lr,1
15845,records100/15000/15845_lr,1
15846,records100/15000/15846_lr,1
15847,records100/15000/15847_lr,0
15848,records100/15000/15848_lr,1
15849,records100/15000/15849_lr,1
15850,records100/15000/15850_lr,0
15851,records100/15000/15851_lr,1
15852,records100/15000/15852_lr,1
15854,records100/15000/15854_lr,0
15856,records100/15000/15856_lr,1
15862,records100/15000/15862_lr,1
15865,records100/15000/15865_lr,1
15866,records100/15000/15866_lr,1
15868,records100/15000/15868_lr,0
15869,records100/15000/15869_lr,1
15871,records100/15000/15871_lr,1
15872,records100/15000/15872_lr,0
15875,records100/15000/15875_lr,0
15876,records100/15000/15876_lr,0
15877,records100/15000/15877_lr,1
15879,records100/15000/15879_lr,1
15880,records100/15000/15880_lr,1
15881,records100/15000/15881_lr,1
15882,records100/15000/15882_lr,1
15883,records100/15000/15883_lr,0
15884,records100/15000/15884_lr,0
15885,records100/15000/15885_lr,0
15887,records100/15000/15887_lr,0
15891,records100/15000/15891_lr,0
15892,records100/15000/15892_lr,1
15894,records100/15000/15894_lr,0
15895,records100/15000/15895_lr,0
15896,records100/15000/15896_lr,0
15897,records100/15000/15897_lr,0
15898,records100/15000/15898_lr,0
15900,records100/15000/15900_lr,0
15901,records100/15000/15901_lr,0
15907,records100/15000/15907_lr,1
15908,records100/15000/15908_lr,0
15909,records100/15000/15909_lr,0
15910,records100/15000/15910_lr,0
15913,records100/15000/15913_lr,0
15914,records100/15000/15914_lr,0
15915,records100/15000/15915_lr,0
15919,records100/15000/15919_lr,0
15920,records100/15000/15920_lr,0
15921,records100/15000/15921_lr,0
15922,records100/15000/15922_lr,0
15923,records100/15000/15923_lr,0
15924,records100/15000/15924_lr,1
15928,records100/15000/15928_lr,0
15929,records100/15000/15929_lr,0
15930,records100/15000/15930_lr,0
15932,records100/15000/15932_lr,0
15933,records100/15000/15933_lr,0
15934,records100/15000/15934_lr,0
15935,records100/15000/15935_lr,0
15936,records100/15000/15936_lr,0
15938,records100/15000/15938_lr,0
15939,records100/15000/15939_lr,0
15940,records100/15000/15940_lr,0
15942,records100/15000/15942_lr,0
15943,records100/15000/15943_lr,0
15944,records100/15000/15944_lr,1
15946,records100/15000/15946_lr,0
15947,records100/15000/15947_lr,0
15948,records100/15000/15948_lr,0
15949,records100/15000/15949_lr,0
15950,records100/15000/15950_lr,1
15952,records100/15000/15952_lr,0
15953,records100/15000/15953_lr,1
15955,records100/15000/15955_lr,0
15956,records100/15000/15956_lr,1
15957,records100/15000/15957_lr,0
15958,records100/15000/15958_lr,1
15959,records100/15000/15959_lr,0
15962,records100/15000/15962_lr,1
15963,records100/15000/15963_lr,0
15964,records100/15000/15964_lr,1
15965,records100/15000/15965_lr,0
15966,records100/15000/15966_lr,1
15967,records100/15000/15967_lr,0
15969,records100/15000/15969_lr,0
15970,records100/15000/15970_lr,1
15971,records100/15000/15971_lr,1
15972,records100/15000/15972_lr,0
15973,records100/15000/15973_lr,1
15974,records100/15000/15974_lr,0
15978,records100/15000/15978_lr,0
15981,records100/15000/15981_lr,0
15984,records100/15000/15984_lr,0
15986,records100/15000/15986_lr,0
15987,records100/15000/15987_lr,0
15988,records100/15000/15988_lr,0
15990,records100/15000/15990_lr,1
15991,records100/15000/15991_lr,0
15992,records100/15000/15992_lr,0
15994,records100/15000/15994_lr,0
15997,records100/15000/15997_lr,1
15998,records100/15000/15998_lr,0
16000,records100/16000/16000_lr,0
16002,records100/16000/16002_lr,0
16003,records100/16000/16003_lr,0
16004,records100/16000/16004_lr,0
16005,records100/16000/16005_lr,0
16009,records100/16000/16009_lr,0
16010,records100/16000/16010_lr,1
16013,records100/16000/16013_lr,0
16014,records100/16000/16014_lr,0
16016,records100/16000/16016_lr,0
16017,records100/16000/16017_lr,0
16018,records100/16000/16018_lr,1
16020,records100/16000/16020_lr,1
16021,records100/16000/16021_lr,0
16022,records100/16000/16022_lr,1
16023,records100/16000/16023_lr,0
16024,records100/16000/16024_lr,0
16025,records100/16000/16025_lr,0
16026,records100/16000/16026_lr,0
16027,records100/16000/16027_lr,1
16028,records100/16000/16028_lr,0
16029,records100/16000/16029_lr,0
16030,records100/16000/16030_lr,1
16032,records100/16000/16032_lr,0
16033,records100/16000/16033_lr,0
16034,records100/16000/16034_lr,0
16035,records100/16000/16035_lr,0
16036,records100/16000/16036_lr,0
16037,records100/16000/16037_lr,0
16038,records100/16000/16038_lr,1
16040,records100/16000/16040_lr,0
16041,records100/16000/16041_lr,0
16042,records100/16000/16042_lr,0
16043,records100/16000/16043_lr,0
16044,records100/16000/16044_lr,1
16047,records100/16000/16047_lr,1
16048,records100/16000/16048_lr,1
16049,records100/16000/16049_lr,1
16052,records100/16000/16052_lr,1
16053,records100/16000/16053_lr,1
16054,records100/16000/16054_lr,0
16055,records100/16000/16055_lr,0
16057,records100/16000/16057_lr,0
16058,records100/16000/16058_lr,0
16059,records100/16000/16059_lr,0
16060,records100/16000/16060_lr,0
16061,records100/16000/16061_lr,1
16062,records100/16000/16062_lr,0
16064,records100/16000/16064_lr,1
16065,records100/16000/16065_lr,0
16067,records100/16000/16067_lr,0
16068,records100/16000/16068_lr,0
16070,records100/16000/16070_lr,0
16071,records100/16000/16071_lr,0
16072,records100/16000/16072_lr,0
16073,records100/16000/16073_lr,0
16074,records100/16000/16074_lr,1
16075,records100/16000/16075_lr,1
16077,records100/16000/16077_lr,1
16078,records100/16000/16078_lr,0
16079,records100/16000/16079_lr,0
16082,records100/16000/16082_lr,1
16083,records100/16000/16083_lr,0
16084,records100/16000/16084_lr,0
16086,records100/16000/16086_lr,0
16087,records100/16000/16087_lr,0
16089,records100/16000/16089_lr,0
16091,records100/16000/16091_lr,0
16092,records100/16000/16092_lr,0
16093,records100/16000/16093_lr,0
16094,records100/16000/16094_lr,1
16095,records100/16000/16095_lr,1
16097,records100/16000/16097_lr,0
16098,records100/16000/16098_lr,0
16102,records100/16000/16102_lr,0
16104,records100/16000/16104_lr,0
16108,records100/16000/16108_lr,0
16109,records100/16000/16109_lr,0
16110,records100/16000/16110_lr,0
16112,records100/16000/16112_lr,0
16113,records100/16000/16113_lr,0
16118,records100/16000/16118_lr,1
16120,records100/16000/16120_lr,1
16121,records100/16000/16121_lr,1
16122,records100/16000/16122_lr,0
16123,records100/16000/16123_lr,1
16124,records100/16000/16124_lr,0
16126,records100/16000/16126_lr,1
16127,records100/16000/16127_lr,1
16129,records100/16000/16129_lr,0
16131,records100/16000/16131_lr,0
16135,records100/16000/16135_lr,1
16138,records100/16000/16138_lr,1
16140,records100/16000/16140_lr,1
16142,records100/16000/16142_lr,0
16144,records100/16000/16144_lr,0
16145,records100/16000/16145_lr,0
16146,records100/16000/16146_lr,0
16147,records100/16000/16147_lr,0
16148,records100/16000/16148_lr,1
16149,records100/16000/16149_lr,0
16150,records100/16000/16150_lr,0
16152,records100/16000/16152_lr,1
16154,records100/16000/16154_lr,0
16155,records100/16000/16155_lr,0
16156,records100/16000/16156_lr,0
16157,records100/16000/16157_lr,0
16159,records100/16000/16159_lr,0
16164,records100/16000/16164_lr,1
16165,records100/16000/16165_lr,1
16166,records100/16000/16166_lr,0
16167,records100/16000/16167_lr,0
16168,records100/16000/16168_lr,1
16169,records100/16000/16169_lr,0
16170,records100/16000/16170_lr,0
16171,records100/16000/16171_lr,1
16173,records100/16000/16173_lr,1
16174,records100/16000/16174_lr,0
16175,records100/16000/16175_lr,1
16178,records100/16000/16178_lr,0
16180,records100/16000/16180_lr,1
16181,records100/16000/16181_lr,0
16183,records100/16000/16183_lr,0
16184,records100/16000/16184_lr,1
16185,records100/16000/16185_lr,1
16186,records100/16000/16186_lr,0
16187,records100/16000/16187_lr,0
16188,records100/16000/16188_lr,0
16191,records100/16000/16191_lr,0
16192,records100/16000/16192_lr,0
16193,records100/16000/16193_lr,0
16194,records100/16000/16194_lr,0
16195,records100/16000/16195_lr,1
16198,records100/16000/16198_lr,0
16199,records100/16000/16199_lr,0
16200,records100/16000/16200_lr,1
16201,records100/16000/16201_lr,1
16202,records100/16000/16202_lr,1
16203,records100/16000/16203_lr,0
16204,records100/16000/16204_lr,0
16205,records100/16000/16205_lr,0
16207,records100/16000/16207_lr,1
16208,records100/16000/16208_lr,0
16210,records100/16000/16210_lr,1
16211,records100/16000/16211_lr,0
16212,records100/16000/16212_lr,1
16213,records100/16000/16213_lr,0
16215,records100/16000/16215_lr,0
16216,records100/16000/16216_lr,1
16217,records100/16000/16217_lr,0
16218,records100/16000/16218_lr,0
16219,records100/16000/16219_lr,1
16220,records100/16000/16220_lr,0
16221,records100/16000/16221_lr,0
16222,records100/16000/16222_lr,0
16223,records100/16000/16223_lr,0
16225,records100/16000/16225_lr,1
16226,records100/16000/16226_lr,1
16227,records100/16000/16227_lr,1
16228,records100/16000/16228_lr,0
16231,records100/16000/16231_lr,0
16232,records100/16000/16232_lr,0
16233,records100/16000/16233_lr,0
16234,records100/16000/16234_lr,1
16237,records100/16000/16237_lr,0
16238,records100/16000/16238_lr,0
16240,records100/16000/16240_lr,0
16241,records100/16000/16241_lr,0
16242,records100/16000/16242_lr,0
16247,records100/16000/16247_lr,1
16248,records100/16000/16248_lr,0
16250,records100/16000/16250_lr,0
16253,records100/16000/16253_lr,0
16254,records100/16000/16254_lr,0
16255,records100/16000/16255_lr,0
16257,records100/16000/16257_lr,0
16261,records100/16000/16261_lr,0
16263,records100/16000/16263_lr,1
16264,records100/16000/16264_lr,0
16265,records100/16000/16265_lr,0
16267,records100/16000/16267_lr,0
16268,records100/16000/16268_lr,1
16269,records100/16000/16269_lr,0
16270,records100/16000/16270_lr,0
16271,records100/16000/16271_lr,1
16272,records100/16000/16272_lr,1
16273,records100/16000/16273_lr,1
16274,records100/16000/16274_lr,1
16275,records100/16000/16275_lr,1
16276,records100/16000/16276_lr,0
16277,records100/16000/16277_lr,1
16278,records100/16000/16278_lr,1
16281,records100/16000/16281_lr,1
16282,records100/16000/16282_lr,1
16283,records100/16000/16283_lr,0
16284,records100/16000/16284_lr,1
16286,records100/16000/16286_lr,1
16287,records100/16000/16287_lr,0
16288,records100/16000/16288_lr,0
16289,records100/16000/16289_lr,0
16290,records100/16000/16290_lr,0
16292,records100/16000/16292_lr,1
16293,records100/16000/16293_lr,0
16294,records100/16000/16294_lr,1
16295,records100/16000/16295_lr,1
16296,records100/16000/16296_lr,0
16297,records100/16000/16297_lr,1
16298,records100/16000/16298_lr,0
16299,records100/16000/16299_lr,0
16302,records100/16000/16302_lr,1
16304,records100/16000/16304_lr,0
16305,records100/16000/16305_lr,0
16307,records100/16000/16307_lr,0
16308,records100/16000/16308_lr,0
16309,records100/16000/16309_lr,0
16310,records100/16000/16310_lr,0
16311,records100/16000/16311_lr,1
16314,records100/16000/16314_lr,0
16316,records100/16000/16316_lr,0
16317,records100/16000/16317_lr,0
16318,records100/16000/16318_lr,0
16319,records100/16000/16319_lr,0
16320,records100/16000/16320_lr,0
16321,records100/16000/16321_lr,0
16323,records100/16000/16323_lr,0
16324,records100/16000/16324_lr,1
16325,records100/16000/16325_lr,0
16326,records100/16000/16326_lr,1
16327,records100/16000/16327_lr,1
16328,records100/16000/16328_lr,0
16329,records100/16000/16329_lr,0
16330,records100/16000/16330_lr,1
16331,records100/16000/16331_lr,0
16333,records100/16000/16333_lr,0
16334,records100/16000/16334_lr,0
16335,records100/16000/16335_lr,0
16336,records100/16000/16336_lr,0
16338,records100/16000/16338_lr,0
16339,records100/16000/16339_lr,0
16340,records100/16000/16340_lr,1
16341,records100/16000/16341_lr,0
16342,records100/16000/16342_lr,1
16343,records100/16000/16343_lr,1
16344,records100/16000/16344_lr,1
16345,records100/16000/16345_lr,1
16348,records100/16000/16348_lr,0
16349,records100/16000/16349_lr,1
16350,records100/16000/16350_lr,1
16352,records100/16000/16352_lr,1
16353,records100/16000/16353_lr,1
16354,records100/16000/16354_lr,0
16355,records100/16000/16355_lr,0
16356,records100/16000/16356_lr,0
16357,records100/16000/16357_lr,1
16358,records100/16000/16358_lr,0
16360,records100/16000/16360_lr,0
16362,records100/16000/16362_lr,0
16363,records100/16000/16363_lr,0
16364,records100/16000/16364_lr,0
16365,records100/16000/16365_lr,0
16367,records100/16000/16367_lr,1
16368,records100/16000/16368_lr,0
16370,records100/16000/16370_lr,0
16371,records100/16000/16371_lr,0
16372,records100/16000/16372_lr,1
16373,records100/16000/16373_lr,1
16375,records100/16000/16375_lr,1
16379,records100/16000/16379_lr,1
16380,records100/16000/16380_lr,0
16381,records100/16000/16381_lr,1
16385,records100/16000/16385_lr,0
16386,records100/16000/16386_lr,0
16387,records100/16000/16387_lr,0
16388,records100/16000/16388_lr,0
16391,records100/16000/16391_lr,0
16392,records100/16000/16392_lr,0
16393,records100/16000/16393_lr,0
16394,records100/16000/16394_lr,0
16395,records100/16000/16395_lr,0
16397,records100/16000/16397_lr,0
16398,records100/16000/16398_lr,0
16399,records100/16000/16399_lr,0
16400,records100/16000/16400_lr,1
16402,records100/16000/16402_lr,1
16403,records100/16000/16403_lr,1
16405,records100/16000/16405_lr,1
16406,records100/16000/16406_lr,1
16407,records100/16000/16407_lr,0
16409,records100/16000/16409_lr,1
16410,records100/16000/16410_lr,1
16411,records100/16000/16411_lr,0
16412,records100/16000/16412_lr,0
16413,records100/16000/16413_lr,1
16415,records100/16000/16415_lr,0
16416,records100/16000/16416_lr,0
16417,records100/16000/16417_lr,1
16418,records100/16000/16418_lr,1
16419,records100/16000/16419_lr,0
16420,records100/16000/16420_lr,1
16421,records100/16000/16421_lr,0
16422,records100/16000/16422_lr,0
16423,records100/16000/16423_lr,1
16425,records100/16000/16425_lr,0
16427,records100/16000/16427_lr,1
16429,records100/16000/16429_lr,0
16433,records100/16000/16433_lr,0
16434,records100/16000/16434_lr,0
16435,records100/16000/16435_lr,0
16437,records100/16000/16437_lr,0
16438,records100/16000/16438_lr,0
16439,records100/16000/16439_lr,0
16440,records100/16000/16440_lr,1
16442,records100/16000/16442_lr,0
16443,records100/16000/16443_lr,0
16444,records100/16000/16444_lr,1
16447,records100/16000/16447_lr,1
16448,records100/16000/16448_lr,1
16449,records100/16000/16449_lr,1
16450,records100/16000/16450_lr,1
16451,records100/16000/16451_lr,1
16453,records100/16000/16453_lr,0
16454,records100/16000/16454_lr,0
16457,records100/16000/16457_lr,1
16458,records100/16000/16458_lr,0
16459,records100/16000/16459_lr,0
16460,records100/16000/16460_lr,0
16461,records100/16000/16461_lr,0
16463,records100/16000/16463_lr,1
16465,records100/16000/16465_lr,1
16466,records100/16000/16466_lr,0
16467,records100/16000/16467_lr,1
16468,records100/16000/16468_lr,0
16469,records100/16000/16469_lr,0
16470,records100/16000/16470_lr,1
16471,records100/16000/16471_lr,0
16472,records100/16000/16472_lr,1
16474,records100/16000/16474_lr,1
16476,records100/16000/16476_lr,0
16478,records100/16000/16478_lr,1
16479,records100/16000/16479_lr,0
16480,records100/16000/16480_lr,1
16482,records100/16000/16482_lr,0
16483,records100/16000/16483_lr,0
16484,records100/16000/16484_lr,0
16485,records100/16000/16485_lr,0
16486,records100/16000/16486_lr,1
16489,records100/16000/16489_lr,1
16491,records100/16000/16491_lr,0
16492,records100/16000/16492_lr,0
16493,records100/16000/16493_lr,1
16494,records100/16000/16494_lr,0
16498,records100/16000/16498_lr,0
16499,records100/16000/16499_lr,0
16500,records100/16000/16500_lr,1
16502,records100/16000/16502_lr,1
16505,records100/16000/16505_lr,0
16507,records100/16000/16507_lr,0
16508,records100/16000/16508_lr,1
16509,records100/16000/16509_lr,1
16512,records100/16000/16512_lr,1
16514,records100/16000/16514_lr,0
16515,records100/16000/16515_lr,0
16516,records100/16000/16516_lr,0
16517,records100/16000/16517_lr,1
16519,records100/16000/16519_lr,0
16520,records100/16000/16520_lr,1
16521,records100/16000/16521_lr,1
16522,records100/16000/16522_lr,1
16524,records100/16000/16524_lr,0
16528,records100/16000/16528_lr,0
16532,records100/16000/16532_lr,1
16533,records100/16000/16533_lr,0
16534,records100/16000/16534_lr,0
16537,records100/16000/16537_lr,0
16539,records100/16000/16539_lr,0
16540,records100/16000/16540_lr,0
16541,records100/16000/16541_lr,0
16542,records100/16000/16542_lr,0
16543,records100/16000/16543_lr,1
16545,records100/16000/16545_lr,0
16546,records100/16000/16546_lr,1
16547,records100/16000/16547_lr,0
16548,records100/16000/16548_lr,1
16550,records100/16000/16550_lr,0
16551,records100/16000/16551_lr,0
16552,records100/16000/16552_lr,1
16555,records100/16000/16555_lr,1
16556,records100/16000/16556_lr,0
16557,records100/16000/16557_lr,0
16558,records100/16000/16558_lr,0
16559,records100/16000/16559_lr,1
16560,records100/16000/16560_lr,1
16561,records100/16000/16561_lr,1
16562,records100/16000/16562_lr,0
16563,records100/16000/16563_lr,0
16564,records100/16000/16564_lr,1
16566,records100/16000/16566_lr,1
16567,records100/16000/16567_lr,1
16569,records100/16000/16569_lr,0
16572,records100/16000/16572_lr,0
16573,records100/16000/16573_lr,1
16574,records100/16000/16574_lr,0
16576,records100/16000/16576_lr,0
16577,records100/16000/16577_lr,0
16579,records100/16000/16579_lr,0
16581,records100/16000/16581_lr,1
16584,records100/16000/16584_lr,0
16585,records100/16000/16585_lr,0
16586,records100/16000/16586_lr,1
16587,records100/16000/16587_lr,0
16588,records100/16000/16588_lr,0
16589,records100/16000/16589_lr,0
16590,records100/16000/16590_lr,0
16593,records100/16000/16593_lr,1
16594,records100/16000/16594_lr,0
16595,records100/16000/16595_lr,1
16596,records100/16000/16596_lr,0
16597,records100/16000/16597_lr,0
16599,records100/16000/16599_lr,0
16601,records100/16000/16601_lr,0
16603,records100/16000/16603_lr,0
16604,records100/16000/16604_lr,1
16607,records100/16000/16607_lr,0
16608,records100/16000/16608_lr,1
16609,records100/16000/16609_lr,1
16612,records100/16000/16612_lr,0
16613,records100/16000/16613_lr,0
16614,records100/16000/16614_lr,0
16616,records100/16000/16616_lr,1
16618,records100/16000/16618_lr,0
16619,records100/16000/16619_lr,1
16623,records100/16000/16623_lr,0
16624,records100/16000/16624_lr,0
16625,records100/16000/16625_lr,0
16627,records100/16000/16627_lr,0
16628,records100/16000/16628_lr,0
16629,records100/16000/16629_lr,0
16630,records100/16000/16630_lr,0
16632,records100/16000/16632_lr,1
16633,records100/16000/16633_lr,0
16635,records100/16000/16635_lr,0
16636,records100/16000/16636_lr,1
16637,records100/16000/16637_lr,0
16638,records100/16000/16638_lr,1
16641,records100/16000/16641_lr,1
16642,records100/16000/16642_lr,1
16643,records100/16000/16643_lr,0
16644,records100/16000/16644_lr,0
16647,records100/16000/16647_lr,0
16648,records100/16000/16648_lr,0
16650,records100/16000/16650_lr,0
16651,records100/16000/16651_lr,0
16652,records100/16000/16652_lr,0
16653,records100/16000/16653_lr,1
16654,records100/16000/16654_lr,0
16655,records100/16000/16655_lr,0
16659,records100/16000/16659_lr,0
16660,records100/16000/16660_lr,0
16661,records100/16000/16661_lr,1
16663,records100/16000/16663_lr,0
16664,records100/16000/16664_lr,1
16665,records100/16000/16665_lr,1
16666,records100/16000/16666_lr,1
16667,records100/16000/16667_lr,0
16668,records100/16000/16668_lr,1
16670,records100/16000/16670_lr,0
16672,records100/16000/16672_lr,0
16673,records100/16000/16673_lr,0
16675,records100/16000/16675_lr,1
16676,records100/16000/16676_lr,0
16677,records100/16000/16677_lr,0
16679,records100/16000/16679_lr,1
16680,records100/16000/16680_lr,1
16681,records100/16000/16681_lr,1
16683,records100/16000/16683_lr,0
16685,records100/16000/16685_lr,0
16688,records100/16000/16688_lr,0
16690,records100/16000/16690_lr,0
16691,records100/16000/16691_lr,0
16692,records100/16000/16692_lr,1
16693,records100/16000/16693_lr,1
16694,records100/16000/16694_lr,1
16695,records100/16000/16695_lr,0
16696,records100/16000/16696_lr,0
16699,records100/16000/16699_lr,1
16701,records100/16000/16701_lr,0
16702,records100/16000/16702_lr,1
16704,records100/16000/16704_lr,1
16705,records100/16000/16705_lr,0
16708,records100/16000/16708_lr,0
16709,records100/16000/16709_lr,1
16710,records100/16000/16710_lr,0
16711,records100/16000/16711_lr,1
16712,records100/16000/16712_lr,1
16713,records100/16000/16713_lr,0
16714,records100/16000/16714_lr,1
16716,records100/16000/16716_lr,0
16718,records100/16000/16718_lr,1
16720,records100/16000/16720_lr,0
16721,records100/16000/16721_lr,0
16722,records100/16000/16722_lr,0
16723,records100/16000/16723_lr,1
16725,records100/16000/16725_lr,1
16726,records100/16000/16726_lr,1
16727,records100/16000/16727_lr,0
16728,records100/16000/16728_lr,1
16730,records100/16000/16730_lr,1
16732,records100/16000/16732_lr,1
16733,records100/16000/16733_lr,1
16734,records100/16000/16734_lr,0
16737,records100/16000/16737_lr,0
16741,records100/16000/16741_lr,0
16742,records100/16000/16742_lr,0
16743,records100/16000/16743_lr,1
16747,records100/16000/16747_lr,0
16749,records100/16000/16749_lr,1
16751,records100/16000/16751_lr,1
16752,records100/16000/16752_lr,0
16755,records100/16000/16755_lr,0
16758,records100/16000/16758_lr,1
16759,records100/16000/16759_lr,0
16761,records100/16000/16761_lr,1
16763,records100/16000/16763_lr,0
16764,records100/16000/16764_lr,0
16765,records100/16000/16765_lr,0
16766,records100/16000/16766_lr,1
16768,records100/16000/16768_lr,0
16769,records100/16000/16769_lr,0
16773,records100/16000/16773_lr,1
16777,records100/16000/16777_lr,0
16780,records100/16000/16780_lr,0
16781,records100/16000/16781_lr,1
16782,records100/16000/16782_lr,1
16784,records100/16000/16784_lr,0
16786,records100/16000/16786_lr,0
16787,records100/16000/16787_lr,0
16788,records100/16000/16788_lr,0
16791,records100/16000/16791_lr,1
16792,records100/16000/16792_lr,0
16794,records100/16000/16794_lr,1
16796,records100/16000/16796_lr,1
16797,records100/16000/16797_lr,1
16798,records100/16000/16798_lr,1
16800,records100/16000/16800_lr,1
16801,records100/16000/16801_lr,0
16802,records100/16000/16802_lr,0
16803,records100/16000/16803_lr,0
16804,records100/16000/16804_lr,0
16805,records100/16000/16805_lr,0
16806,records100/16000/16806_lr,0
16807,records100/16000/16807_lr,1
16809,records100/16000/16809_lr,0
16810,records100/16000/16810_lr,0
16815,records100/16000/16815_lr,0
16817,records100/16000/16817_lr,0
16818,records100/16000/16818_lr,1
16819,records100/16000/16819_lr,0
16821,records100/16000/16821_lr,0
16822,records100/16000/16822_lr,0
16824,records100/16000/16824_lr,1
16825,records100/16000/16825_lr,1
16828,records100/16000/16828_lr,1
16830,records100/16000/16830_lr,1
16831,records100/16000/16831_lr,1
16832,records100/16000/16832_lr,1
16836,records100/16000/16836_lr,0
16837,records100/16000/16837_lr,0
16838,records100/16000/16838_lr,1
16839,records100/16000/16839_lr,1
16840,records100/16000/16840_lr,0
16841,records100/16000/16841_lr,0
16842,records100/16000/16842_lr,0
16844,records100/16000/16844_lr,0
16846,records100/16000/16846_lr,1
16847,records100/16000/16847_lr,1
16848,records100/16000/16848_lr,0
16849,records100/16000/16849_lr,0
16850,records100/16000/16850_lr,0
16852,records100/16000/16852_lr,1
16854,records100/16000/16854_lr,1
16856,records100/16000/16856_lr,0
16857,records100/16000/16857_lr,0
16858,records100/16000/16858_lr,1
16859,records100/16000/16859_lr,1
16860,records100/16000/16860_lr,0
16861,records100/16000/16861_lr,1
16862,records100/16000/16862_lr,0
16864,records100/16000/16864_lr,0
16865,records100/16000/16865_lr,0
16866,records100/16000/16866_lr,0
16868,records100/16000/16868_lr,1
16869,records100/16000/16869_lr,0
16870,records100/16000/16870_lr,0
16872,records100/16000/16872_lr,0
16875,records100/16000/16875_lr,1
16877,records100/16000/16877_lr,1
16878,records100/16000/16878_lr,0
16880,records100/16000/16880_lr,1
16882,records100/16000/16882_lr,1
16884,records100/16000/16884_lr,1
16885,records100/16000/16885_lr,0
16886,records100/16000/16886_lr,1
16888,records100/16000/16888_lr,0
16890,records100/16000/16890_lr,1
16891,records100/16000/16891_lr,1
16892,records100/16000/16892_lr,0
16893,records100/16000/16893_lr,1
16894,records100/16000/16894_lr,0
16895,records100/16000/16895_lr,1
16896,records100/16000/16896_lr,0
16897,records100/16000/16897_lr,0
16898,records100/16000/16898_lr,1
16901,records100/16000/16901_lr,1
16902,records100/16000/16902_lr,0
16903,records100/16000/16903_lr,0
16904,records100/16000/16904_lr,1
16905,records100/16000/16905_lr,1
16909,records100/16000/16909_lr,1
16910,records100/16000/16910_lr,1
16911,records100/16000/16911_lr,0
16914,records100/16000/16914_lr,0
16918,records100/16000/16918_lr,1
16919,records100/16000/16919_lr,0
16921,records100/16000/16921_lr,0
16923,records100/16000/16923_lr,1
16924,records100/16000/16924_lr,1
16925,records100/16000/16925_lr,0
16927,records100/16000/16927_lr,0
16931,records100/16000/16931_lr,1
16933,records100/16000/16933_lr,1
16936,records100/16000/16936_lr,1
16937,records100/16000/16937_lr,1
16939,records100/16000/16939_lr,0
16942,records100/16000/16942_lr,0
16943,records100/16000/16943_lr,0
16945,records100/16000/16945_lr,0
16946,records100/16000/16946_lr,0
16947,records100/16000/16947_lr,0
16948,records100/16000/16948_lr,1
16950,records100/16000/16950_lr,0
16951,records100/16000/16951_lr,1
16952,records100/16000/16952_lr,1
16953,records100/16000/16953_lr,0
16955,records100/16000/16955_lr,0
16956,records100/16000/16956_lr,0
16960,records100/16000/16960_lr,0
16961,records100/16000/16961_lr,0
16962,records100/16000/16962_lr,1
16965,records100/16000/16965_lr,1
16967,records100/16000/16967_lr,0
16968,records100/16000/16968_lr,0
16969,records100/16000/16969_lr,1
16971,records100/16000/16971_lr,1
16973,records100/16000/16973_lr,0
16974,records100/16000/16974_lr,0
16975,records100/16000/16975_lr,0
16976,records100/16000/16976_lr,1
16977,records100/16000/16977_lr,0
16978,records100/16000/16978_lr,1
16979,records100/16000/16979_lr,1
16980,records100/16000/16980_lr,0
16981,records100/16000/16981_lr,1
16982,records100/16000/16982_lr,1
16983,records100/16000/16983_lr,1
16986,records100/16000/16986_lr,1
16988,records100/16000/16988_lr,0
16989,records100/16000/16989_lr,1
16991,records100/16000/16991_lr,0
16993,records100/16000/16993_lr,0
16994,records100/16000/16994_lr,0
16996,records100/16000/16996_lr,0
16997,records100/16000/16997_lr,0
16998,records100/16000/16998_lr,0
16999,records100/16000/16999_lr,1
17000,records100/17000/17000_lr,1
17001,records100/17000/17001_lr,1
17002,records100/17000/17002_lr,1
17003,records100/17000/17003_lr,0
17005,records100/17000/17005_lr,0
17006,records100/17000/17006_lr,0
17007,records100/17000/17007_lr,1
17008,records100/17000/17008_lr,0
17009,records100/17000/17009_lr,1
17010,records100/17000/17010_lr,1
17011,records100/17000/17011_lr,1
17012,records100/17000/17012_lr,1
17013,records100/17000/17013_lr,0
17014,records100/17000/17014_lr,0
17015,records100/17000/17015_lr,1
17018,records100/17000/17018_lr,0
17019,records100/17000/17019_lr,1
17021,records100/17000/17021_lr,0
17022,records100/17000/17022_lr,0
17023,records100/17000/17023_lr,0
17024,records100/17000/17024_lr,0
17025,records100/17000/17025_lr,0
17027,records100/17000/17027_lr,0
17028,records100/17000/17028_lr,0
17029,records100/17000/17029_lr,0
17031,records100/17000/17031_lr,0
17032,records100/17000/17032_lr,1
17033,records100/17000/17033_lr,0
17036,records100/17000/17036_lr,1
17037,records100/17000/17037_lr,1
17038,records100/17000/17038_lr,1
17039,records100/17000/17039_lr,0
17040,records100/17000/17040_lr,1
17043,records100/17000/17043_lr,1
17044,records100/17000/17044_lr,0
17045,records100/17000/17045_lr,0
17047,records100/17000/17047_lr,1
17048,records100/17000/17048_lr,0
17050,records100/17000/17050_lr,1
17051,records100/17000/17051_lr,0
17053,records100/17000/17053_lr,1
17054,records100/17000/17054_lr,1
17055,records100/17000/17055_lr,0
17056,records100/17000/17056_lr,0
17057,records100/17000/17057_lr,1
17058,records100/17000/17058_lr,0
17059,records100/17000/17059_lr,0
17060,records100/17000/17060_lr,0
17061,records100/17000/17061_lr,0
17062,records100/17000/17062_lr,1
17063,records100/17000/17063_lr,0
17064,records100/17000/17064_lr,1
17068,records100/17000/17068_lr,1
17069,records100/17000/17069_lr,1
17071,records100/17000/17071_lr,1
17072,records100/17000/17072_lr,1
17073,records100/17000/17073_lr,1
17074,records100/17000/17074_lr,1
17075,records100/17000/17075_lr,1
17079,records100/17000/17079_lr,1
17081,records100/17000/17081_lr,1
17082,records100/17000/17082_lr,0
17083,records100/17000/17083_lr,1
17085,records100/17000/17085_lr,0
17086,records100/17000/17086_lr,1
17087,records100/17000/17087_lr,1
17088,records100/17000/17088_lr,0
17090,records100/17000/17090_lr,0
17091,records100/17000/17091_lr,1
17097,records100/17000/17097_lr,0
17101,records100/17000/17101_lr,0
17103,records100/17000/17103_lr,1
17104,records100/17000/17104_lr,0
17107,records100/17000/17107_lr,1
17109,records100/17000/17109_lr,0
17110,records100/17000/17110_lr,0
17111,records100/17000/17111_lr,1
17114,records100/17000/17114_lr,1
17115,records100/17000/17115_lr,0
17116,records100/17000/17116_lr,1
17117,records100/17000/17117_lr,0
17121,records100/17000/17121_lr,0
17122,records100/17000/17122_lr,1
17123,records100/17000/17123_lr,0
17124,records100/17000/17124_lr,1
17125,records100/17000/17125_lr,1
17127,records100/17000/17127_lr,0
17128,records100/17000/17128_lr,0
17129,records100/17000/17129_lr,1
17133,records100/17000/17133_lr,0
17134,records100/17000/17134_lr,0
17135,records100/17000/17135_lr,1
17137,records100/17000/17137_lr,0
17139,records100/17000/17139_lr,1
17142,records100/17000/17142_lr,0
17143,records100/17000/17143_lr,1
17144,records100/17000/17144_lr,1
17145,records100/17000/17145_lr,0
17146,records100/17000/17146_lr,0
17147,records100/17000/17147_lr,0
17148,records100/17000/17148_lr,1
17149,records100/17000/17149_lr,0
17150,records100/17000/17150_lr,0
17151,records100/17000/17151_lr,1
17153,records100/17000/17153_lr,0
17154,records100/17000/17154_lr,1
17156,records100/17000/17156_lr,1
17157,records100/17000/17157_lr,0
17158,records100/17000/17158_lr,1
17159,records100/17000/17159_lr,1
17161,records100/17000/17161_lr,0
17162,records100/17000/17162_lr,0
17163,records100/17000/17163_lr,1
17165,records100/17000/17165_lr,1
17166,records100/17000/17166_lr,0
17168,records100/17000/17168_lr,0
17169,records100/17000/17169_lr,0
17170,records100/17000/17170_lr,1
17171,records100/17000/17171_lr,0
17173,records100/17000/17173_lr,1
17174,records100/17000/17174_lr,0
17176,records100/17000/17176_lr,0
17177,records100/17000/17177_lr,1
17178,records100/17000/17178_lr,0
17179,records100/17000/17179_lr,0
17180,records100/17000/17180_lr,1
17181,records100/17000/17181_lr,0
17184,records100/17000/17184_lr,1
17185,records100/17000/17185_lr,0
17186,records100/17000/17186_lr,0
17187,records100/17000/17187_lr,0
17188,records100/17000/17188_lr,0
17190,records100/17000/17190_lr,1
17191,records100/17000/17191_lr,0
17192,records100/17000/17192_lr,0
17193,records100/17000/17193_lr,0
17194,records100/17000/17194_lr,0
17195,records100/17000/17195_lr,0
17197,records100/17000/17197_lr,0
17199,records100/17000/17199_lr,1
17200,records100/17000/17200_lr,0
17201,records100/17000/17201_lr,0
17203,records100/17000/17203_lr,0
17204,records100/17000/17204_lr,0
17205,records100/17000/17205_lr,0
17206,records100/17000/17206_lr,1
17207,records100/17000/17207_lr,1
17208,records100/17000/17208_lr,0
17209,records100/17000/17209_lr,0
17210,records100/17000/17210_lr,0
17212,records100/17000/17212_lr,0
17213,records100/17000/17213_lr,0
17214,records100/17000/17214_lr,0
17215,records100/17000/17215_lr,0
17216,records100/17000/17216_lr,0
17217,records100/17000/17217_lr,1
17219,records100/17000/17219_lr,0
17221,records100/17000/17221_lr,1
17222,records100/17000/17222_lr,1
17223,records100/17000/17223_lr,1
17224,records100/17000/17224_lr,0
17228,records100/17000/17228_lr,1
17230,records100/17000/17230_lr,0
17231,records100/17000/17231_lr,0
17233,records100/17000/17233_lr,1
17234,records100/17000/17234_lr,1
17237,records100/17000/17237_lr,1
17238,records100/17000/17238_lr,0
17239,records100/17000/17239_lr,1
17242,records100/17000/17242_lr,1
17243,records100/17000/17243_lr,0
17245,records100/17000/17245_lr,0
17246,records100/17000/17246_lr,0
17248,records100/17000/17248_lr,1
17249,records100/17000/17249_lr,0
17250,records100/17000/17250_lr,1
17254,records100/17000/17254_lr,1
17255,records100/17000/17255_lr,0
17256,records100/17000/17256_lr,1
17257,records100/17000/17257_lr,1
17258,records100/17000/17258_lr,0
17261,records100/17000/17261_lr,1
17263,records100/17000/17263_lr,1
17264,records100/17000/17264_lr,1
17267,records100/17000/17267_lr,1
17268,records100/17000/17268_lr,0
17273,records100/17000/17273_lr,0
17276,records100/17000/17276_lr,1
17277,records100/17000/17277_lr,1
17278,records100/17000/17278_lr,0
17279,records100/17000/17279_lr,1
17280,records100/17000/17280_lr,1
17281,records100/17000/17281_lr,1
17283,records100/17000/17283_lr,0
17286,records100/17000/17286_lr,1
17288,records100/17000/17288_lr,1
17289,records100/17000/17289_lr,0
17290,records100/17000/17290_lr,0
17292,records100/17000/17292_lr,0
17293,records100/17000/17293_lr,0
17299,records100/17000/17299_lr,0
17300,records100/17000/17300_lr,0
17301,records100/17000/17301_lr,0
17302,records100/17000/17302_lr,1
17303,records100/17000/17303_lr,1
17305,records100/17000/17305_lr,1
17307,records100/17000/17307_lr,0
17311,records100/17000/17311_lr,0
17314,records100/17000/17314_lr,1
17315,records100/17000/17315_lr,0
17317,records100/17000/17317_lr,0
17318,records100/17000/17318_lr,1
17321,records100/17000/17321_lr,1
17324,records100/17000/17324_lr,0
17326,records100/17000/17326_lr,0
17327,records100/17000/17327_lr,0
17328,records100/17000/17328_lr,0
17331,records100/17000/17331_lr,0
17333,records100/17000/17333_lr,1
17335,records100/17000/17335_lr,0
17338,records100/17000/17338_lr,0
17339,records100/17000/17339_lr,1
17340,records100/17000/17340_lr,0
17341,records100/17000/17341_lr,0
17342,records100/17000/17342_lr,1
17343,records100/17000/17343_lr,0
17344,records100/17000/17344_lr,0
17346,records100/17000/17346_lr,1
17347,records100/17000/17347_lr,1
17348,records100/17000/17348_lr,0
17349,records100/17000/17349_lr,0
17351,records100/17000/17351_lr,1
17352,records100/17000/17352_lr,0
17353,records100/17000/17353_lr,0
17354,records100/17000/17354_lr,0
17355,records100/17000/17355_lr,0
17356,records100/17000/17356_lr,0
17357,records100/17000/17357_lr,0
17358,records100/17000/17358_lr,0
17360,records100/17000/17360_lr,1
17361,records100/17000/17361_lr,1
17362,records100/17000/17362_lr,1
17366,records100/17000/17366_lr,1
17367,records100/17000/17367_lr,0
17368,records100/17000/17368_lr,1
17369,records100/17000/17369_lr,1
17370,records100/17000/17370_lr,0
17372,records100/17000/17372_lr,0
17373,records100/17000/17373_lr,0
17375,records100/17000/17375_lr,0
17376,records100/17000/17376_lr,0
17377,records100/17000/17377_lr,0
17378,records100/17000/17378_lr,0
17379,records100/17000/17379_lr,1
17380,records100/17000/17380_lr,0
17381,records100/17000/17381_lr,1
17383,records100/17000/17383_lr,1
17385,records100/17000/17385_lr,1
17387,records100/17000/17387_lr,1
17388,records100/17000/17388_lr,0
17392,records100/17000/17392_lr,1
17393,records100/17000/17393_lr,1
17394,records100/17000/17394_lr,1
17395,records100/17000/17395_lr,1
17396,records100/17000/17396_lr,0
17397,records100/17000/17397_lr,1
17398,records100/17000/17398_lr,1
17399,records100/17000/17399_lr,1
17400,records100/17000/17400_lr,0
17401,records100/17000/17401_lr,1
17402,records100/17000/17402_lr,0
17403,records100/17000/17403_lr,1
17404,records100/17000/17404_lr,1
17406,records100/17000/17406_lr,1
17407,records100/17000/17407_lr,1
17408,records100/17000/17408_lr,1
17409,records100/17000/17409_lr,1
17411,records100/17000/17411_lr,0
17412,records100/17000/17412_lr,0
17414,records100/17000/17414_lr,0
17416,records100/17000/17416_lr,1
17417,records100/17000/17417_lr,0
17419,records100/17000/17419_lr,1
17420,records100/17000/17420_lr,1
17421,records100/17000/17421_lr,1
17422,records100/17000/17422_lr,0
17424,records100/17000/17424_lr,0
17428,records100/17000/17428_lr,0
17429,records100/17000/17429_lr,0
17430,records100/17000/17430_lr,1
17431,records100/17000/17431_lr,1
17432,records100/17000/17432_lr,0
17433,records100/17000/17433_lr,0
17434,records100/17000/17434_lr,0
17435,records100/17000/17435_lr,0
17436,records100/17000/17436_lr,0
17438,records100/17000/17438_lr,0
17439,records100/17000/17439_lr,1
17440,records100/17000/17440_lr,1
17442,records100/17000/17442_lr,0
17443,records100/17000/17443_lr,0
17445,records100/17000/17445_lr,1
17446,records100/17000/17446_lr,1
17449,records100/17000/17449_lr,1
17451,records100/17000/17451_lr,0
17453,records100/17000/17453_lr,0
17454,records100/17000/17454_lr,0
17455,records100/17000/17455_lr,0
17456,records100/17000/17456_lr,1
17458,records100/17000/17458_lr,0
17459,records100/17000/17459_lr,0
17460,records100/17000/17460_lr,1
17461,records100/17000/17461_lr,0
17462,records100/17000/17462_lr,0
17463,records100/17000/17463_lr,1
17464,records100/17000/17464_lr,1
17465,records100/17000/17465_lr,0
17466,records100/17000/17466_lr,1
17468,records100/17000/17468_lr,0
17470,records100/17000/17470_lr,1
17472,records100/17000/17472_lr,0
17473,records100/17000/17473_lr,0
17474,records100/17000/17474_lr,0
17475,records100/17000/17475_lr,0
17476,records100/17000/17476_lr,1
17477,records100/17000/17477_lr,1
17478,records100/17000/17478_lr,0
17479,records100/17000/17479_lr,0
17482,records100/17000/17482_lr,1
17483,records100/17000/17483_lr,1
17484,records100/17000/17484_lr,1
17486,records100/17000/17486_lr,0
17487,records100/17000/17487_lr,1
17488,records100/17000/17488_lr,1
17489,records100/17000/17489_lr,0
17490,records100/17000/17490_lr,0
17491,records100/17000/17491_lr,0
17493,records100/17000/17493_lr,1
17494,records100/17000/17494_lr,0
17495,records100/17000/17495_lr,0
17496,records100/17000/17496_lr,0
17497,records100/17000/17497_lr,1
17498,records100/17000/17498_lr,0
17499,records100/17000/17499_lr,0
17501,records100/17000/17501_lr,1
17503,records100/17000/17503_lr,1
17504,records100/17000/17504_lr,1
17505,records100/17000/17505_lr,1
17507,records100/17000/17507_lr,0
17508,records100/17000/17508_lr,0
17510,records100/17000/17510_lr,0
17511,records100/17000/17511_lr,0
17512,records100/17000/17512_lr,1
17513,records100/17000/17513_lr,0
17516,records100/17000/17516_lr,0
17517,records100/17000/17517_lr,1
17518,records100/17000/17518_lr,1
17519,records100/17000/17519_lr,1
17521,records100/17000/17521_lr,1
17523,records100/17000/17523_lr,0
17524,records100/17000/17524_lr,0
17525,records100/17000/17525_lr,0
17526,records100/17000/17526_lr,0
17527,records100/17000/17527_lr,0
17528,records100/17000/17528_lr,0
17529,records100/17000/17529_lr,0
17530,records100/17000/17530_lr,1
17532,records100/17000/17532_lr,0
17533,records100/17000/17533_lr,0
17534,records100/17000/17534_lr,0
17535,records100/17000/17535_lr,1
17537,records100/17000/17537_lr,1
17540,records100/17000/17540_lr,0
17541,records100/17000/17541_lr,0
17542,records100/17000/17542_lr,0
17543,records100/17000/17543_lr,0
17544,records100/17000/17544_lr,0
17545,records100/17000/17545_lr,0
17547,records100/17000/17547_lr,0
17549,records100/17000/17549_lr,1
17550,records100/17000/17550_lr,0
17551,records100/17000/17551_lr,1
17553,records100/17000/17553_lr,0
17555,records100/17000/17555_lr,0
17556,records100/17000/17556_lr,0
17558,records100/17000/17558_lr,1
17559,records100/17000/17559_lr,1
17561,records100/17000/17561_lr,0
17562,records100/17000/17562_lr,1
17565,records100/17000/17565_lr,1
17566,records100/17000/17566_lr,1
17567,records100/17000/17567_lr,1
17568,records100/17000/17568_lr,0
17569,records100/17000/17569_lr,1
17570,records100/17000/17570_lr,0
17571,records100/17000/17571_lr,0
17573,records100/17000/17573_lr,0
17574,records100/17000/17574_lr,0
17575,records100/17000/17575_lr,1
17576,records100/17000/17576_lr,0
17577,records100/17000/17577_lr,0
17578,records100/17000/17578_lr,1
17579,records100/17000/17579_lr,0
17580,records100/17000/17580_lr,0
17581,records100/17000/17581_lr,1
17582,records100/17000/17582_lr,1
17584,records100/17000/17584_lr,0
17585,records100/17000/17585_lr,0
17586,records100/17000/17586_lr,1
17587,records100/17000/17587_lr,1
17589,records100/17000/17589_lr,0
17592,records100/17000/17592_lr,0
17593,records100/17000/17593_lr,0
17594,records100/17000/17594_lr,0
17595,records100/17000/17595_lr,0
17596,records100/17000/17596_lr,0
17597,records100/17000/17597_lr,0
17598,records100/17000/17598_lr,0
17599,records100/17000/17599_lr,1
17602,records100/17000/17602_lr,0
17605,records100/17000/17605_lr,0
17606,records100/17000/17606_lr,0
17607,records100/17000/17607_lr,0
17608,records100/17000/17608_lr,0
17609,records100/17000/17609_lr,0
17610,records100/17000/17610_lr,1
17612,records100/17000/17612_lr,0
17613,records100/17000/17613_lr,0
17619,records100/17000/17619_lr,1
17620,records100/17000/17620_lr,0
17621,records100/17000/17621_lr,0
17622,records100/17000/17622_lr,0
17623,records100/17000/17623_lr,0
17624,records100/17000/17624_lr,0
17626,records100/17000/17626_lr,1
17627,records100/17000/17627_lr,0
17628,records100/17000/17628_lr,0
17629,records100/17000/17629_lr,0
17630,records100/17000/17630_lr,0
17632,records100/17000/17632_lr,0
17634,records100/17000/17634_lr,1
17635,records100/17000/17635_lr,0
17636,records100/17000/17636_lr,0
17639,records100/17000/17639_lr,1
17641,records100/17000/17641_lr,0
17642,records100/17000/17642_lr,0
17643,records100/17000/17643_lr,1
17645,records100/17000/17645_lr,0
17647,records100/17000/17647_lr,0
17650,records100/17000/17650_lr,1
17651,records100/17000/17651_lr,1
17654,records100/17000/17654_lr,0
17658,records100/17000/17658_lr,1
17659,records100/17000/17659_lr,0
17660,records100/17000/17660_lr,1
17661,records100/17000/17661_lr,0
17663,records100/17000/17663_lr,1
17666,records100/17000/17666_lr,0
17668,records100/17000/17668_lr,0
17670,records100/17000/17670_lr,1
17671,records100/17000/17671_lr,0
17672,records100/17000/17672_lr,0
17673,records100/17000/17673_lr,1
17675,records100/17000/17675_lr,1
17676,records100/17000/17676_lr,0
17677,records100/17000/17677_lr,0
17678,records100/17000/17678_lr,0
17680,records100/17000/17680_lr,0
17681,records100/17000/17681_lr,1
17683,records100/17000/17683_lr,0
17684,records100/17000/17684_lr,0
17685,records100/17000/17685_lr,0
17686,records100/17000/17686_lr,0
17687,records100/17000/17687_lr,0
17688,records100/17000/17688_lr,0
17689,records100/17000/17689_lr,0
17691,records100/17000/17691_lr,0
17692,records100/17000/17692_lr,0
17694,records100/17000/17694_lr,0
17695,records100/17000/17695_lr,0
17697,records100/17000/17697_lr,0
17698,records100/17000/17698_lr,0
17699,records100/17000/17699_lr,0
17702,records100/17000/17702_lr,1
17703,records100/17000/17703_lr,0
17706,records100/17000/17706_lr,0
17707,records100/17000/17707_lr,0
17708,records100/17000/17708_lr,0
17709,records100/17000/17709_lr,1
17710,records100/17000/17710_lr,0
17711,records100/17000/17711_lr,0
17713,records100/17000/17713_lr,0
17715,records100/17000/17715_lr,0
17717,records100/17000/17717_lr,0
17718,records100/17000/17718_lr,0
17719,records100/17000/17719_lr,1
17720,records100/17000/17720_lr,0
17721,records100/17000/17721_lr,1
17723,records100/17000/17723_lr,0
17725,records100/17000/17725_lr,0
17727,records100/17000/17727_lr,0
17728,records100/17000/17728_lr,0
17729,records100/17000/17729_lr,0
17730,records100/17000/17730_lr,0
17731,records100/17000/17731_lr,0
17732,records100/17000/17732_lr,1
17733,records100/17000/17733_lr,0
17734,records100/17000/17734_lr,0
17735,records100/17000/17735_lr,0
17736,records100/17000/17736_lr,1
17737,records100/17000/17737_lr,0
17738,records100/17000/17738_lr,0
17739,records100/17000/17739_lr,0
17740,records100/17000/17740_lr,0
17741,records100/17000/17741_lr,0
17742,records100/17000/17742_lr,0
17743,records100/17000/17743_lr,1
17744,records100/17000/17744_lr,1
17746,records100/17000/17746_lr,0
17748,records100/17000/17748_lr,0
17749,records100/17000/17749_lr,0
17750,records100/17000/17750_lr,0
17752,records100/17000/17752_lr,0
17753,records100/17000/17753_lr,0
17754,records100/17000/17754_lr,0
17755,records100/17000/17755_lr,0
17756,records100/17000/17756_lr,0
17759,records100/17000/17759_lr,1
17760,records100/17000/17760_lr,0
17761,records100/17000/17761_lr,0
17762,records100/17000/17762_lr,0
17764,records100/17000/17764_lr,0
17767,records100/17000/17767_lr,1
17769,records100/17000/17769_lr,1
17770,records100/17000/17770_lr,1
17771,records100/17000/17771_lr,0
17772,records100/17000/17772_lr,1
17773,records100/17000/17773_lr,0
17774,records100/17000/17774_lr,0
17776,records100/17000/17776_lr,0
17777,records100/17000/17777_lr,0
17779,records100/17000/17779_lr,1
17780,records100/17000/17780_lr,0
17782,records100/17000/17782_lr,1
17783,records100/17000/17783_lr,0
17784,records100/17000/17784_lr,1
17785,records100/17000/17785_lr,1
17786,records100/17000/17786_lr,1
17787,records100/17000/17787_lr,1
17788,records100/17000/17788_lr,0
17789,records100/17000/17789_lr,1
17791,records100/17000/17791_lr,0
17792,records100/17000/17792_lr,0
17794,records100/17000/17794_lr,0
17796,records100/17000/17796_lr,0
17797,records100/17000/17797_lr,0
17799,records100/17000/17799_lr,0
17800,records100/17000/17800_lr,0
17801,records100/17000/17801_lr,1
17802,records100/17000/17802_lr,1
17803,records100/17000/17803_lr,0
17804,records100/17000/17804_lr,1
17805,records100/17000/17805_lr,0
17806,records100/17000/17806_lr,0
17807,records100/17000/17807_lr,0
17808,records100/17000/17808_lr,1
17809,records100/17000/17809_lr,1
17811,records100/17000/17811_lr,0
17812,records100/17000/17812_lr,0
17813,records100/17000/17813_lr,0
17814,records100/17000/17814_lr,0
17815,records100/17000/17815_lr,0
17816,records100/17000/17816_lr,1
17817,records100/17000/17817_lr,0
17820,records100/17000/17820_lr,0
17821,records100/17000/17821_lr,0
17822,records100/17000/17822_lr,0
17823,records100/17000/17823_lr,1
17824,records100/17000/17824_lr,0
17825,records100/17000/17825_lr,0
17827,records100/17000/17827_lr,0
17828,records100/17000/17828_lr,1
17834,records100/17000/17834_lr,0
17835,records100/17000/17835_lr,0
17836,records100/17000/17836_lr,0
17841,records100/17000/17841_lr,0
17842,records100/17000/17842_lr,0
17844,records100/17000/17844_lr,1
17845,records100/17000/17845_lr,0
17846,records100/17000/17846_lr,1
17847,records100/17000/17847_lr,0
17848,records100/17000/17848_lr,0
17850,records100/17000/17850_lr,0
17852,records100/17000/17852_lr,0
17853,records100/17000/17853_lr,0
17855,records100/17000/17855_lr,1
17859,records100/17000/17859_lr,0
17861,records100/17000/17861_lr,0
17862,records100/17000/17862_lr,1
17863,records100/17000/17863_lr,0
17864,records100/17000/17864_lr,0
17865,records100/17000/17865_lr,0
17866,records100/17000/17866_lr,1
17867,records100/17000/17867_lr,0
17868,records100/17000/17868_lr,1
17869,records100/17000/17869_lr,1
17871,records100/17000/17871_lr,0
17872,records100/17000/17872_lr,0
17874,records100/17000/17874_lr,0
17875,records100/17000/17875_lr,0
17876,records100/17000/17876_lr,1
17878,records100/17000/17878_lr,0
17879,records100/17000/17879_lr,1
17880,records100/17000/17880_lr,0
17882,records100/17000/17882_lr,0
17883,records100/17000/17883_lr,0
17884,records100/17000/17884_lr,1
17886,records100/17000/17886_lr,0
17887,records100/17000/17887_lr,0
17888,records100/17000/17888_lr,0
17889,records100/17000/17889_lr,1
17891,records100/17000/17891_lr,0
17893,records100/17000/17893_lr,0
17894,records100/17000/17894_lr,1
17895,records100/17000/17895_lr,0
17897,records100/17000/17897_lr,0
17898,records100/17000/17898_lr,1
17899,records100/17000/17899_lr,0
17901,records100/17000/17901_lr,0
17902,records100/17000/17902_lr,0
17903,records100/17000/17903_lr,1
17904,records100/17000/17904_lr,1
17908,records100/17000/17908_lr,0
17910,records100/17000/17910_lr,1
17911,records100/17000/17911_lr,0
17912,records100/17000/17912_lr,0
17913,records100/17000/17913_lr,1
17914,records100/17000/17914_lr,1
17916,records100/17000/17916_lr,1
17917,records100/17000/17917_lr,1
17918,records100/17000/17918_lr,0
17919,records100/17000/17919_lr,0
17921,records100/17000/17921_lr,0
17924,records100/17000/17924_lr,1
17925,records100/17000/17925_lr,0
17926,records100/17000/17926_lr,0
17927,records100/17000/17927_lr,0
17928,records100/17000/17928_lr,0
17929,records100/17000/17929_lr,0
17930,records100/17000/17930_lr,1
17931,records100/17000/17931_lr,1
17932,records100/17000/17932_lr,1
17933,records100/17000/17933_lr,0
17935,records100/17000/17935_lr,0
17938,records100/17000/17938_lr,0
17939,records100/17000/17939_lr,1
17940,records100/17000/17940_lr,1
17941,records100/17000/17941_lr,0
17944,records100/17000/17944_lr,0
17946,records100/17000/17946_lr,0
17947,records100/17000/17947_lr,0
17948,records100/17000/17948_lr,0
17950,records100/17000/17950_lr,0
17951,records100/17000/17951_lr,1
17956,records100/17000/17956_lr,0
17957,records100/17000/17957_lr,0
17958,records100/17000/17958_lr,0
17961,records100/17000/17961_lr,1
17962,records100/17000/17962_lr,0
17964,records100/17000/17964_lr,0
17965,records100/17000/17965_lr,1
17969,records100/17000/17969_lr,0
17970,records100/17000/17970_lr,0
17971,records100/17000/17971_lr,0
17972,records100/17000/17972_lr,0
17974,records100/17000/17974_lr,0
17975,records100/17000/17975_lr,0
17976,records100/17000/17976_lr,1
17978,records100/17000/17978_lr,0
17979,records100/17000/17979_lr,0
17980,records100/17000/17980_lr,1
17981,records100/17000/17981_lr,0
17982,records100/17000/17982_lr,0
17984,records100/17000/17984_lr,0
17985,records100/17000/17985_lr,0
17986,records100/17000/17986_lr,1
17987,records100/17000/17987_lr,0
17991,records100/17000/17991_lr,0
17992,records100/17000/17992_lr,0
17993,records100/17000/17993_lr,1
17994,records100/17000/17994_lr,0
17996,records100/17000/17996_lr,0
17997,records100/17000/17997_lr,0
18000,records100/18000/18000_lr,0
18001,records100/18000/18001_lr,0
18002,records100/18000/18002_lr,0
18004,records100/18000/18004_lr,0
18005,records100/18000/18005_lr,0
18006,records100/18000/18006_lr,1
18007,records100/18000/18007_lr,0
18009,records100/18000/18009_lr,0
18010,records100/18000/18010_lr,1
18013,records100/18000/18013_lr,1
18014,records100/18000/18014_lr,0
18015,records100/18000/18015_lr,1
18016,records100/18000/18016_lr,1
18018,records100/18000/18018_lr,1
18019,records100/18000/18019_lr,1
18020,records100/18000/18020_lr,1
18021,records100/18000/18021_lr,1
18022,records100/18000/18022_lr,0
18023,records100/18000/18023_lr,0
18024,records100/18000/18024_lr,0
18025,records100/18000/18025_lr,1
18026,records100/18000/18026_lr,0
18028,records100/18000/18028_lr,0
18031,records100/18000/18031_lr,0
18032,records100/18000/18032_lr,1
18033,records100/18000/18033_lr,1
18036,records100/18000/18036_lr,0
18038,records100/18000/18038_lr,1
18040,records100/18000/18040_lr,0
18041,records100/18000/18041_lr,0
18042,records100/18000/18042_lr,0
18043,records100/18000/18043_lr,0
18044,records100/18000/18044_lr,0
18045,records100/18000/18045_lr,1
18046,records100/18000/18046_lr,1
18047,records100/18000/18047_lr,0
18048,records100/18000/18048_lr,0
18049,records100/18000/18049_lr,1
18050,records100/18000/18050_lr,0
18051,records100/18000/18051_lr,0
18052,records100/18000/18052_lr,1
18054,records100/18000/18054_lr,1
18055,records100/18000/18055_lr,0
18056,records100/18000/18056_lr,1
18057,records100/18000/18057_lr,1
18058,records100/18000/18058_lr,1
18060,records100/18000/18060_lr,0
18061,records100/18000/18061_lr,0
18062,records100/18000/18062_lr,1
18063,records100/18000/18063_lr,0
18068,records100/18000/18068_lr,0
18069,records100/18000/18069_lr,0
18072,records100/18000/18072_lr,0
18073,records100/18000/18073_lr,0
18074,records100/18000/18074_lr,0
18075,records100/18000/18075_lr,0
18077,records100/18000/18077_lr,0
18078,records100/18000/18078_lr,1
18079,records100/18000/18079_lr,0
18082,records100/18000/18082_lr,1
18083,records100/18000/18083_lr,0
18084,records100/18000/18084_lr,0
18085,records100/18000/18085_lr,0
18086,records100/18000/18086_lr,0
18087,records100/18000/18087_lr,0
18089,records100/18000/18089_lr,1
18091,records100/18000/18091_lr,1
18094,records100/18000/18094_lr,1
18095,records100/18000/18095_lr,0
18096,records100/18000/18096_lr,1
18097,records100/18000/18097_lr,1
18098,records100/18000/18098_lr,0
18099,records100/18000/18099_lr,1
18103,records100/18000/18103_lr,1
18104,records100/18000/18104_lr,0
18105,records100/18000/18105_lr,0
18106,records100/18000/18106_lr,0
18107,records100/18000/18107_lr,1
18109,records100/18000/18109_lr,0
18111,records100/18000/18111_lr,0
18113,records100/18000/18113_lr,1
18114,records100/18000/18114_lr,0
18116,records100/18000/18116_lr,1
18118,records100/18000/18118_lr,1
18120,records100/18000/18120_lr,0
18124,records100/18000/18124_lr,1
18125,records100/18000/18125_lr,0
18127,records100/18000/18127_lr,0
18128,records100/18000/18128_lr,0
18129,records100/18000/18129_lr,0
18130,records100/18000/18130_lr,0
18131,records100/18000/18131_lr,1
18132,records100/18000/18132_lr,0
18133,records100/18000/18133_lr,0
18134,records100/18000/18134_lr,0
18135,records100/18000/18135_lr,0
18136,records100/18000/18136_lr,0
18137,records100/18000/18137_lr,1
18138,records100/18000/18138_lr,0
18139,records100/18000/18139_lr,0
18144,records100/18000/18144_lr,1
18148,records100/18000/18148_lr,0
18149,records100/18000/18149_lr,1
18151,records100/18000/18151_lr,0
18152,records100/18000/18152_lr,1
18153,records100/18000/18153_lr,0
18154,records100/18000/18154_lr,0
18155,records100/18000/18155_lr,1
18156,records100/18000/18156_lr,1
18157,records100/18000/18157_lr,1
18158,records100/18000/18158_lr,0
18159,records100/18000/18159_lr,1
18160,records100/18000/18160_lr,0
18161,records100/18000/18161_lr,0
18163,records100/18000/18163_lr,0
18164,records100/18000/18164_lr,1
18167,records100/18000/18167_lr,0
18168,records100/18000/18168_lr,0
18170,records100/18000/18170_lr,1
18171,records100/18000/18171_lr,0
18172,records100/18000/18172_lr,0
18174,records100/18000/18174_lr,0
18175,records100/18000/18175_lr,0
18177,records100/18000/18177_lr,0
18178,records100/18000/18178_lr,1
18179,records100/18000/18179_lr,1
18180,records100/18000/18180_lr,1
18181,records100/18000/18181_lr,1
18182,records100/18000/18182_lr,0
18183,records100/18000/18183_lr,0
18184,records100/18000/18184_lr,0
18185,records100/18000/18185_lr,0
18187,records100/18000/18187_lr,0
18191,records100/18000/18191_lr,0
18192,records100/18000/18192_lr,0
18195,records100/18000/18195_lr,0
18196,records100/18000/18196_lr,0
18198,records100/18000/18198_lr,1
18199,records100/18000/18199_lr,0
18200,records100/18000/18200_lr,0
18201,records100/18000/18201_lr,0
18203,records100/18000/18203_lr,1
18204,records100/18000/18204_lr,0
18207,records100/18000/18207_lr,0
18208,records100/18000/18208_lr,0
18209,records100/18000/18209_lr,1
18210,records100/18000/18210_lr,0
18212,records100/18000/18212_lr,0
18213,records100/18000/18213_lr,1
18214,records100/18000/18214_lr,0
18216,records100/18000/18216_lr,1
18217,records100/18000/18217_lr,0
18219,records100/18000/18219_lr,1
18223,records100/18000/18223_lr,1
18224,records100/18000/18224_lr,0
18225,records100/18000/18225_lr,1
18226,records100/18000/18226_lr,0
18229,records100/18000/18229_lr,0
18230,records100/18000/18230_lr,0
18231,records100/18000/18231_lr,0
18232,records100/18000/18232_lr,0
18233,records100/18000/18233_lr,0
18237,records100/18000/18237_lr,0
18238,records100/18000/18238_lr,1
18239,records100/18000/18239_lr,0
18241,records100/18000/18241_lr,1
18242,records100/18000/18242_lr,0
18244,records100/18000/18244_lr,0
18245,records100/18000/18245_lr,0
18248,records100/18000/18248_lr,0
18249,records100/18000/18249_lr,1
18250,records100/18000/18250_lr,1
18251,records100/18000/18251_lr,1
18253,records100/18000/18253_lr,0
18254,records100/18000/18254_lr,1
18256,records100/18000/18256_lr,1
18259,records100/18000/18259_lr,0
18260,records100/18000/18260_lr,0
18262,records100/18000/18262_lr,0
18264,records100/18000/18264_lr,0
18265,records100/18000/18265_lr,1
18266,records100/18000/18266_lr,0
18267,records100/18000/18267_lr,0
18268,records100/18000/18268_lr,0
18269,records100/18000/18269_lr,1
18270,records100/18000/18270_lr,0
18272,records100/18000/18272_lr,0
18274,records100/18000/18274_lr,0
18275,records100/18000/18275_lr,0
18276,records100/18000/18276_lr,1
18277,records100/18000/18277_lr,1
18280,records100/18000/18280_lr,0
18283,records100/18000/18283_lr,1
18284,records100/18000/18284_lr,0
18285,records100/18000/18285_lr,0
18286,records100/18000/18286_lr,0
18287,records100/18000/18287_lr,1
18288,records100/18000/18288_lr,0
18289,records100/18000/18289_lr,0
18291,records100/18000/18291_lr,1
18292,records100/18000/18292_lr,1
18294,records100/18000/18294_lr,1
18295,records100/18000/18295_lr,1
18298,records100/18000/18298_lr,1
18300,records100/18000/18300_lr,0
18301,records100/18000/18301_lr,1
18303,records100/18000/18303_lr,1
18304,records100/18000/18304_lr,1
18305,records100/18000/18305_lr,1
18308,records100/18000/18308_lr,1
18310,records100/18000/18310_lr,1
18311,records100/18000/18311_lr,0
18312,records100/18000/18312_lr,0
18315,records100/18000/18315_lr,1
18316,records100/18000/18316_lr,1
18317,records100/18000/18317_lr,1
18319,records100/18000/18319_lr,1
18320,records100/18000/18320_lr,1
18321,records100/18000/18321_lr,1
18322,records100/18000/18322_lr,0
18324,records100/18000/18324_lr,1
18326,records100/18000/18326_lr,0
18327,records100/18000/18327_lr,0
18328,records100/18000/18328_lr,1
18329,records100/18000/18329_lr,0
18330,records100/18000/18330_lr,0
18331,records100/18000/18331_lr,0
18332,records100/18000/18332_lr,0
18333,records100/18000/18333_lr,0
18335,records100/18000/18335_lr,0
18336,records100/18000/18336_lr,1
18337,records100/18000/18337_lr,1
18338,records100/18000/18338_lr,0
18339,records100/18000/18339_lr,1
18340,records100/18000/18340_lr,0
18341,records100/18000/18341_lr,0
18342,records100/18000/18342_lr,0
18343,records100/18000/18343_lr,1
18344,records100/18000/18344_lr,1
18345,records100/18000/18345_lr,1
18346,records100/18000/18346_lr,0
18347,records100/18000/18347_lr,1
18349,records100/18000/18349_lr,1
18350,records100/18000/18350_lr,1
18351,records100/18000/18351_lr,0
18352,records100/18000/18352_lr,0
18355,records100/18000/18355_lr,1
18356,records100/18000/18356_lr,0
18359,records100/18000/18359_lr,1
18363,records100/18000/18363_lr,1
18364,records100/18000/18364_lr,1
18365,records100/18000/18365_lr,0
18366,records100/18000/18366_lr,0
18367,records100/18000/18367_lr,0
18368,records100/18000/18368_lr,0
18369,records100/18000/18369_lr,0
18370,records100/18000/18370_lr,0
18371,records100/18000/18371_lr,0
18372,records100/18000/18372_lr,1
18374,records100/18000/18374_lr,0
18377,records100/18000/18377_lr,0
18379,records100/18000/18379_lr,0
18381,records100/18000/18381_lr,1
18382,records100/18000/18382_lr,0
18383,records100/18000/18383_lr,1
18384,records100/18000/18384_lr,0
18385,records100/18000/18385_lr,0
18386,records100/18000/18386_lr,1
18387,records100/18000/18387_lr,0
18388,records100/18000/18388_lr,1
18390,records100/18000/18390_lr,0
18391,records100/18000/18391_lr,0
18392,records100/18000/18392_lr,0
18393,records100/18000/18393_lr,0
18394,records100/18000/18394_lr,0
18395,records100/18000/18395_lr,0
18398,records100/18000/18398_lr,0
18399,records100/18000/18399_lr,0
18400,records100/18000/18400_lr,0
18401,records100/18000/18401_lr,1
18402,records100/18000/18402_lr,0
18404,records100/18000/18404_lr,0
18407,records100/18000/18407_lr,0
18408,records100/18000/18408_lr,1
18409,records100/18000/18409_lr,1
18411,records100/18000/18411_lr,1
18413,records100/18000/18413_lr,1
18415,records100/18000/18415_lr,0
18416,records100/18000/18416_lr,0
18418,records100/18000/18418_lr,1
18419,records100/18000/18419_lr,0
18420,records100/18000/18420_lr,0
18421,records100/18000/18421_lr,1
18424,records100/18000/18424_lr,0
18426,records100/18000/18426_lr,1
18427,records100/18000/18427_lr,0
18428,records100/18000/18428_lr,1
18431,records100/18000/18431_lr,1
18432,records100/18000/18432_lr,1
18433,records100/18000/18433_lr,1
18434,records100/18000/18434_lr,0
18435,records100/18000/18435_lr,1
18436,records100/18000/18436_lr,0
18437,records100/18000/18437_lr,0
18438,records100/18000/18438_lr,1
18440,records100/18000/18440_lr,1
18446,records100/18000/18446_lr,0
18447,records100/18000/18447_lr,0
18448,records100/18000/18448_lr,0
18449,records100/18000/18449_lr,0
18450,records100/18000/18450_lr,1
18451,records100/18000/18451_lr,0
18452,records100/18000/18452_lr,0
18455,records100/18000/18455_lr,1
18456,records100/18000/18456_lr,0
18457,records100/18000/18457_lr,1
18459,records100/18000/18459_lr,1
18460,records100/18000/18460_lr,0
18461,records100/18000/18461_lr,1
18463,records100/18000/18463_lr,1
18466,records100/18000/18466_lr,0
18467,records100/18000/18467_lr,1
18468,records100/18000/18468_lr,1
18469,records100/18000/18469_lr,1
18470,records100/18000/18470_lr,1
18471,records100/18000/18471_lr,1
18472,records100/18000/18472_lr,0
18473,records100/18000/18473_lr,0
18474,records100/18000/18474_lr,0
18478,records100/18000/18478_lr,1
18483,records100/18000/18483_lr,1
18484,records100/18000/18484_lr,0
18486,records100/18000/18486_lr,0
18489,records100/18000/18489_lr,1
18490,records100/18000/18490_lr,1
18491,records100/18000/18491_lr,0
18494,records100/18000/18494_lr,1
18496,records100/18000/18496_lr,0
18497,records100/18000/18497_lr,1
18498,records100/18000/18498_lr,0
18500,records100/18000/18500_lr,1
18501,records100/18000/18501_lr,0
18502,records100/18000/18502_lr,1
18504,records100/18000/18504_lr,1
18505,records100/18000/18505_lr,0
18506,records100/18000/18506_lr,1
18507,records100/18000/18507_lr,1
18508,records100/18000/18508_lr,0
18509,records100/18000/18509_lr,0
18510,records100/18000/18510_lr,0
18512,records100/18000/18512_lr,1
18513,records100/18000/18513_lr,1
18514,records100/18000/18514_lr,0
18515,records100/18000/18515_lr,0
18516,records100/18000/18516_lr,1
18517,records100/18000/18517_lr,0
18518,records100/18000/18518_lr,0
18519,records100/18000/18519_lr,0
18520,records100/18000/18520_lr,1
18522,records100/18000/18522_lr,0
18524,records100/18000/18524_lr,0
18525,records100/18000/18525_lr,1
18526,records100/18000/18526_lr,1
18527,records100/18000/18527_lr,0
18528,records100/18000/18528_lr,1
18530,records100/18000/18530_lr,1
18532,records100/18000/18532_lr,1
18533,records100/18000/18533_lr,1
18535,records100/18000/18535_lr,0
18538,records100/18000/18538_lr,1
18539,records100/18000/18539_lr,1
18540,records100/18000/18540_lr,0
18542,records100/18000/18542_lr,1
18543,records100/18000/18543_lr,0
18544,records100/18000/18544_lr,0
18546,records100/18000/18546_lr,1
18547,records100/18000/18547_lr,0
18551,records100/18000/18551_lr,0
18553,records100/18000/18553_lr,0
18554,records100/18000/18554_lr,1
18555,records100/18000/18555_lr,1
18556,records100/18000/18556_lr,0
18558,records100/18000/18558_lr,1
18560,records100/18000/18560_lr,1
18561,records100/18000/18561_lr,1
18562,records100/18000/18562_lr,0
18563,records100/18000/18563_lr,0
18565,records100/18000/18565_lr,0
18566,records100/18000/18566_lr,1
18567,records100/18000/18567_lr,0
18569,records100/18000/18569_lr,1
18570,records100/18000/18570_lr,1
18571,records100/18000/18571_lr,0
18572,records100/18000/18572_lr,0
18573,records100/18000/18573_lr,1
18574,records100/18000/18574_lr,0
18578,records100/18000/18578_lr,0
18579,records100/18000/18579_lr,0
18580,records100/18000/18580_lr,0
18581,records100/18000/18581_lr,1
18582,records100/18000/18582_lr,1
18583,records100/18000/18583_lr,1
18584,records100/18000/18584_lr,1
18585,records100/18000/18585_lr,0
18586,records100/18000/18586_lr,1
18588,records100/18000/18588_lr,0
18589,records100/18000/18589_lr,0
18590,records100/18000/18590_lr,0
18591,records100/18000/18591_lr,1
18592,records100/18000/18592_lr,1
18593,records100/18000/18593_lr,1
18594,records100/18000/18594_lr,0
18595,records100/18000/18595_lr,0
18596,records100/18000/18596_lr,1
18597,records100/18000/18597_lr,0
18598,records100/18000/18598_lr,1
18600,records100/18000/18600_lr,1
18601,records100/18000/18601_lr,0
18602,records100/18000/18602_lr,1
18603,records100/18000/18603_lr,0
18604,records100/18000/18604_lr,1
18605,records100/18000/18605_lr,0
18607,records100/18000/18607_lr,1
18608,records100/18000/18608_lr,1
18609,records100/18000/18609_lr,0
18610,records100/18000/18610_lr,0
18612,records100/18000/18612_lr,0
18613,records100/18000/18613_lr,0
18616,records100/18000/18616_lr,0
18618,records100/18000/18618_lr,1
18619,records100/18000/18619_lr,1
18620,records100/18000/18620_lr,0
18621,records100/18000/18621_lr,1
18622,records100/18000/18622_lr,0
18623,records100/18000/18623_lr,0
18624,records100/18000/18624_lr,0
18625,records100/18000/18625_lr,1
18626,records100/18000/18626_lr,0
18629,records100/18000/18629_lr,0
18630,records100/18000/18630_lr,0
18631,records100/18000/18631_lr,0
18633,records100/18000/18633_lr,1
18634,records100/18000/18634_lr,0
18636,records100/18000/18636_lr,1
18639,records100/18000/18639_lr,0
18640,records100/18000/18640_lr,0
18641,records100/18000/18641_lr,0
18642,records100/18000/18642_lr,1
18643,records100/18000/18643_lr,0
18644,records100/18000/18644_lr,1
18645,records100/18000/18645_lr,1
18646,records100/18000/18646_lr,1
18647,records100/18000/18647_lr,1
18649,records100/18000/18649_lr,0
18650,records100/18000/18650_lr,0
18651,records100/18000/18651_lr,0
18652,records100/18000/18652_lr,0
18654,records100/18000/18654_lr,0
18655,records100/18000/18655_lr,1
18656,records100/18000/18656_lr,0
18657,records100/18000/18657_lr,1
18658,records100/18000/18658_lr,0
18660,records100/18000/18660_lr,1
18661,records100/18000/18661_lr,0
18663,records100/18000/18663_lr,1
18664,records100/18000/18664_lr,0
18666,records100/18000/18666_lr,0
18667,records100/18000/18667_lr,0
18668,records100/18000/18668_lr,1
18669,records100/18000/18669_lr,1
18670,records100/18000/18670_lr,1
18672,records100/18000/18672_lr,0
18673,records100/18000/18673_lr,0
18681,records100/18000/18681_lr,1
18682,records100/18000/18682_lr,0
18683,records100/18000/18683_lr,1
18684,records100/18000/18684_lr,0
18686,records100/18000/18686_lr,1
18687,records100/18000/18687_lr,1
18688,records100/18000/18688_lr,0
18689,records100/18000/18689_lr,1
18691,records100/18000/18691_lr,1
18692,records100/18000/18692_lr,1
18693,records100/18000/18693_lr,1
18697,records100/18000/18697_lr,1
18699,records100/18000/18699_lr,0
18701,records100/18000/18701_lr,0
18702,records100/18000/18702_lr,1
18704,records100/18000/18704_lr,1
18705,records100/18000/18705_lr,1
18706,records100/18000/18706_lr,1
18710,records100/18000/18710_lr,1
18711,records100/18000/18711_lr,1
18712,records100/18000/18712_lr,1
18715,records100/18000/18715_lr,1
18716,records100/18000/18716_lr,1
18717,records100/18000/18717_lr,1
18718,records100/18000/18718_lr,0
18720,records100/18000/18720_lr,0
18721,records100/18000/18721_lr,0
18723,records100/18000/18723_lr,1
18724,records100/18000/18724_lr,1
18725,records100/18000/18725_lr,1
18727,records100/18000/18727_lr,1
18728,records100/18000/18728_lr,1
18731,records100/18000/18731_lr,0
18732,records100/18000/18732_lr,1
18733,records100/18000/18733_lr,0
18734,records100/18000/18734_lr,1
18735,records100/18000/18735_lr,1
18737,records100/18000/18737_lr,1
18738,records100/18000/18738_lr,0
18739,records100/18000/18739_lr,1
18740,records100/18000/18740_lr,1
18741,records100/18000/18741_lr,0
18742,records100/18000/18742_lr,0
18743,records100/18000/18743_lr,0
18744,records100/18000/18744_lr,0
18747,records100/18000/18747_lr,1
18748,records100/18000/18748_lr,1
18751,records100/18000/18751_lr,0
18752,records100/18000/18752_lr,1
18753,records100/18000/18753_lr,0
18755,records100/18000/18755_lr,1
18756,records100/18000/18756_lr,1
18757,records100/18000/18757_lr,1
18758,records100/18000/18758_lr,1
18760,records100/18000/18760_lr,1
18761,records100/18000/18761_lr,0
18762,records100/18000/18762_lr,1
18763,records100/18000/18763_lr,1
18764,records100/18000/18764_lr,1
18765,records100/18000/18765_lr,0
18770,records100/18000/18770_lr,1
18773,records100/18000/18773_lr,0
18774,records100/18000/18774_lr,0
18775,records100/18000/18775_lr,1
18778,records100/18000/18778_lr,0
18779,records100/18000/18779_lr,0
18780,records100/18000/18780_lr,0
18783,records100/18000/18783_lr,1
18784,records100/18000/18784_lr,0
18786,records100/18000/18786_lr,1
18787,records100/18000/18787_lr,0
18788,records100/18000/18788_lr,1
18789,records100/18000/18789_lr,0
18790,records100/18000/18790_lr,0
18791,records100/18000/18791_lr,1
18792,records100/18000/18792_lr,1
18795,records100/18000/18795_lr,1
18796,records100/18000/18796_lr,1
18797,records100/18000/18797_lr,1
18798,records100/18000/18798_lr,1
18799,records100/18000/18799_lr,1
18800,records100/18000/18800_lr,1
18801,records100/18000/18801_lr,1
18802,records100/18000/18802_lr,0
18803,records100/18000/18803_lr,0
18805,records100/18000/18805_lr,1
18806,records100/18000/18806_lr,0
18807,records100/18000/18807_lr,1
18812,records100/18000/18812_lr,1
18813,records100/18000/18813_lr,0
18815,records100/18000/18815_lr,0
18816,records100/18000/18816_lr,0
18818,records100/18000/18818_lr,1
18819,records100/18000/18819_lr,0
18820,records100/18000/18820_lr,1
18821,records100/18000/18821_lr,0
18822,records100/18000/18822_lr,0
18823,records100/18000/18823_lr,1
18825,records100/18000/18825_lr,0
18826,records100/18000/18826_lr,0
18827,records100/18000/18827_lr,1
18828,records100/18000/18828_lr,1
18830,records100/18000/18830_lr,0
18832,records100/18000/18832_lr,1
18833,records100/18000/18833_lr,0
18834,records100/18000/18834_lr,1
18838,records100/18000/18838_lr,1
18839,records100/18000/18839_lr,0
18840,records100/18000/18840_lr,1
18841,records100/18000/18841_lr,1
18843,records100/18000/18843_lr,0
18845,records100/18000/18845_lr,1
18846,records100/18000/18846_lr,0
18847,records100/18000/18847_lr,0
18848,records100/18000/18848_lr,0
18850,records100/18000/18850_lr,1
18853,records100/18000/18853_lr,0
18854,records100/18000/18854_lr,0
18855,records100/18000/18855_lr,0
18856,records100/18000/18856_lr,1
18857,records100/18000/18857_lr,0
18858,records100/18000/18858_lr,0
18859,records100/18000/18859_lr,1
18860,records100/18000/18860_lr,0
18861,records100/18000/18861_lr,0
18865,records100/18000/18865_lr,0
18866,records100/18000/18866_lr,0
18868,records100/18000/18868_lr,0
18871,records100/18000/18871_lr,1
18872,records100/18000/18872_lr,0
18874,records100/18000/18874_lr,0
18876,records100/18000/18876_lr,1
18878,records100/18000/18878_lr,1
18881,records100/18000/18881_lr,1
18882,records100/18000/18882_lr,0
18883,records100/18000/18883_lr,1
18884,records100/18000/18884_lr,1
18885,records100/18000/18885_lr,1
18886,records100/18000/18886_lr,1
18887,records100/18000/18887_lr,1
18888,records100/18000/18888_lr,0
18892,records100/18000/18892_lr,1
18893,records100/18000/18893_lr,1
18894,records100/18000/18894_lr,0
18895,records100/18000/18895_lr,1
18896,records100/18000/18896_lr,0
18897,records100/18000/18897_lr,0
18898,records100/18000/18898_lr,0
18900,records100/18000/18900_lr,0
18901,records100/18000/18901_lr,1
18902,records100/18000/18902_lr,0
18904,records100/18000/18904_lr,0
18905,records100/18000/18905_lr,1
18906,records100/18000/18906_lr,0
18907,records100/18000/18907_lr,0
18908,records100/18000/18908_lr,1
18910,records100/18000/18910_lr,0
18913,records100/18000/18913_lr,0
18917,records100/18000/18917_lr,1
18918,records100/18000/18918_lr,1
18920,records100/18000/18920_lr,1
18921,records100/18000/18921_lr,0
18922,records100/18000/18922_lr,0
18923,records100/18000/18923_lr,0
18924,records100/18000/18924_lr,1
18925,records100/18000/18925_lr,0
18926,records100/18000/18926_lr,0
18927,records100/18000/18927_lr,0
18930,records100/18000/18930_lr,1
18931,records100/18000/18931_lr,0
18932,records100/18000/18932_lr,0
18933,records100/18000/18933_lr,1
18934,records100/18000/18934_lr,1
18936,records100/18000/18936_lr,0
18938,records100/18000/18938_lr,0
18939,records100/18000/18939_lr,0
18941,records100/18000/18941_lr,0
18942,records100/18000/18942_lr,0
18946,records100/18000/18946_lr,0
18947,records100/18000/18947_lr,1
18948,records100/18000/18948_lr,1
18949,records100/18000/18949_lr,1
18950,records100/18000/18950_lr,1
18951,records100/18000/18951_lr,0
18953,records100/18000/18953_lr,0
18958,records100/18000/18958_lr,0
18959,records100/18000/18959_lr,0
18960,records100/18000/18960_lr,1
18961,records100/18000/18961_lr,0
18962,records100/18000/18962_lr,1
18963,records100/18000/18963_lr,1
18964,records100/18000/18964_lr,0
18965,records100/18000/18965_lr,0
18967,records100/18000/18967_lr,1
18968,records100/18000/18968_lr,0
18969,records100/18000/18969_lr,0
18970,records100/18000/18970_lr,0
18971,records100/18000/18971_lr,0
18972,records100/18000/18972_lr,0
18973,records100/18000/18973_lr,1
18975,records100/18000/18975_lr,0
18977,records100/18000/18977_lr,0
18978,records100/18000/18978_lr,0
18979,records100/18000/18979_lr,0
18981,records100/18000/18981_lr,0
18982,records100/18000/18982_lr,0
18983,records100/18000/18983_lr,1
18984,records100/18000/18984_lr,1
18985,records100/18000/18985_lr,1
18988,records100/18000/18988_lr,1
18990,records100/18000/18990_lr,0
18991,records100/18000/18991_lr,0
18992,records100/18000/18992_lr,0
18998,records100/18000/18998_lr,0
18999,records100/18000/18999_lr,0
19000,records100/19000/19000_lr,1
19001,records100/19000/19001_lr,1
19003,records100/19000/19003_lr,0
19004,records100/19000/19004_lr,0
19006,records100/19000/19006_lr,0
19007,records100/19000/19007_lr,1
19008,records100/19000/19008_lr,0
19009,records100/19000/19009_lr,0
19011,records100/19000/19011_lr,0
19012,records100/19000/19012_lr,0
19014,records100/19000/19014_lr,0
19016,records100/19000/19016_lr,0
19017,records100/19000/19017_lr,1
19019,records100/19000/19019_lr,0
19020,records100/19000/19020_lr,0
19022,records100/19000/19022_lr,0
19024,records100/19000/19024_lr,1
19025,records100/19000/19025_lr,0
19026,records100/19000/19026_lr,1
19027,records100/19000/19027_lr,0
19029,records100/19000/19029_lr,1
19030,records100/19000/19030_lr,1
19032,records100/19000/19032_lr,0
19034,records100/19000/19034_lr,0
19035,records100/19000/19035_lr,0
19036,records100/19000/19036_lr,0
19037,records100/19000/19037_lr,1
19038,records100/19000/19038_lr,0
19039,records100/19000/19039_lr,1
19040,records100/19000/19040_lr,0
19041,records100/19000/19041_lr,1
19042,records100/19000/19042_lr,0
19043,records100/19000/19043_lr,1
19045,records100/19000/19045_lr,1
19047,records100/19000/19047_lr,1
19048,records100/19000/19048_lr,0
19050,records100/19000/19050_lr,1
19051,records100/19000/19051_lr,0
19052,records100/19000/19052_lr,0
19053,records100/19000/19053_lr,1
19054,records100/19000/19054_lr,1
19055,records100/19000/19055_lr,1
19056,records100/19000/19056_lr,1
19057,records100/19000/19057_lr,0
19058,records100/19000/19058_lr,0
19059,records100/19000/19059_lr,0
19061,records100/19000/19061_lr,1
19062,records100/19000/19062_lr,1
19063,records100/19000/19063_lr,0
19064,records100/19000/19064_lr,0
19066,records100/19000/19066_lr,0
19067,records100/19000/19067_lr,1
19069,records100/19000/19069_lr,0
19070,records100/19000/19070_lr,0
19074,records100/19000/19074_lr,1
19075,records100/19000/19075_lr,1
19077,records100/19000/19077_lr,0
19079,records100/19000/19079_lr,1
19080,records100/19000/19080_lr,0
19082,records100/19000/19082_lr,1
19083,records100/19000/19083_lr,1
19084,records100/19000/19084_lr,1
19085,records100/19000/19085_lr,1
19086,records100/19000/19086_lr,0
19087,records100/19000/19087_lr,0
19088,records100/19000/19088_lr,0
19089,records100/19000/19089_lr,0
19090,records100/19000/19090_lr,0
19091,records100/19000/19091_lr,0
19092,records100/19000/19092_lr,1
19095,records100/19000/19095_lr,0
19097,records100/19000/19097_lr,1
19099,records100/19000/19099_lr,0
19101,records100/19000/19101_lr,0
19102,records100/19000/19102_lr,1
19103,records100/19000/19103_lr,1
19104,records100/19000/19104_lr,1
19105,records100/19000/19105_lr,1
19106,records100/19000/19106_lr,1
19107,records100/19000/19107_lr,0
19108,records100/19000/19108_lr,1
19110,records100/19000/19110_lr,1
19111,records100/19000/19111_lr,1
19112,records100/19000/19112_lr,0
19113,records100/19000/19113_lr,1
19115,records100/19000/19115_lr,1
19116,records100/19000/19116_lr,1
19117,records100/19000/19117_lr,1
19119,records100/19000/19119_lr,0
19120,records100/19000/19120_lr,0
19122,records100/19000/19122_lr,0
19123,records100/19000/19123_lr,0
19125,records100/19000/19125_lr,1
19130,records100/19000/19130_lr,0
19132,records100/19000/19132_lr,0
19133,records100/19000/19133_lr,0
19136,records100/19000/19136_lr,0
19137,records100/19000/19137_lr,0
19139,records100/19000/19139_lr,0
19140,records100/19000/19140_lr,1
19141,records100/19000/19141_lr,1
19143,records100/19000/19143_lr,1
19144,records100/19000/19144_lr,0
19145,records100/19000/19145_lr,1
19146,records100/19000/19146_lr,1
19148,records100/19000/19148_lr,1
19149,records100/19000/19149_lr,1
19150,records100/19000/19150_lr,1
19151,records100/19000/19151_lr,0
19152,records100/19000/19152_lr,1
19154,records100/19000/19154_lr,0
19156,records100/19000/19156_lr,1
19157,records100/19000/19157_lr,1
19158,records100/19000/19158_lr,1
19160,records100/19000/19160_lr,0
19162,records100/19000/19162_lr,0
19165,records100/19000/19165_lr,0
19166,records100/19000/19166_lr,0
19167,records100/19000/19167_lr,1
19168,records100/19000/19168_lr,0
19169,records100/19000/19169_lr,0
19172,records100/19000/19172_lr,0
19174,records100/19000/19174_lr,0
19176,records100/19000/19176_lr,1
19177,records100/19000/19177_lr,1
19178,records100/19000/19178_lr,0
19179,records100/19000/19179_lr,0
19180,records100/19000/19180_lr,0
19181,records100/19000/19181_lr,0
19182,records100/19000/19182_lr,1
19183,records100/19000/19183_lr,0
19184,records100/19000/19184_lr,0
19185,records100/19000/19185_lr,0
19186,records100/19000/19186_lr,0
19187,records100/19000/19187_lr,1
19188,records100/19000/19188_lr,0
19189,records100/19000/19189_lr,0
19191,records100/19000/19191_lr,0
19192,records100/19000/19192_lr,1
19193,records100/19000/19193_lr,0
19194,records100/19000/19194_lr,0
19195,records100/19000/19195_lr,0
19196,records100/19000/19196_lr,0
19197,records100/19000/19197_lr,0
19199,records100/19000/19199_lr,0
19200,records100/19000/19200_lr,0
19201,records100/19000/19201_lr,1
19203,records100/19000/19203_lr,1
19205,records100/19000/19205_lr,0
19206,records100/19000/19206_lr,0
19208,records100/19000/19208_lr,0
19210,records100/19000/19210_lr,1
19212,records100/19000/19212_lr,0
19213,records100/19000/19213_lr,0
19217,records100/19000/19217_lr,0
19218,records100/19000/19218_lr,0
19220,records100/19000/19220_lr,1
19221,records100/19000/19221_lr,0
19222,records100/19000/19222_lr,0
19223,records100/19000/19223_lr,0
19224,records100/19000/19224_lr,0
19225,records100/19000/19225_lr,0
19227,records100/19000/19227_lr,0
19228,records100/19000/19228_lr,1
19229,records100/19000/19229_lr,0
19230,records100/19000/19230_lr,0
19231,records100/19000/19231_lr,0
19233,records100/19000/19233_lr,0
19234,records100/19000/19234_lr,0
19235,records100/19000/19235_lr,0
19236,records100/19000/19236_lr,0
19237,records100/19000/19237_lr,0
19238,records100/19000/19238_lr,0
19239,records100/19000/19239_lr,0
19241,records100/19000/19241_lr,0
19242,records100/19000/19242_lr,0
19244,records100/19000/19244_lr,0
19246,records100/19000/19246_lr,0
19247,records100/19000/19247_lr,1
19249,records100/19000/19249_lr,0
19252,records100/19000/19252_lr,0
19253,records100/19000/19253_lr,0
19254,records100/19000/19254_lr,0
19255,records100/19000/19255_lr,0
19256,records100/19000/19256_lr,0
19257,records100/19000/19257_lr,0
19258,records100/19000/19258_lr,1
19261,records100/19000/19261_lr,0
19263,records100/19000/19263_lr,1
19264,records100/19000/19264_lr,1
19265,records100/19000/19265_lr,0
19269,records100/19000/19269_lr,1
19270,records100/19000/19270_lr,1
19271,records100/19000/19271_lr,0
19272,records100/19000/19272_lr,1
19273,records100/19000/19273_lr,1
19276,records100/19000/19276_lr,1
19277,records100/19000/19277_lr,0
19278,records100/19000/19278_lr,0
19279,records100/19000/19279_lr,1
19280,records100/19000/19280_lr,0
19282,records100/19000/19282_lr,0
19283,records100/19000/19283_lr,0
19285,records100/19000/19285_lr,1
19286,records100/19000/19286_lr,0
19287,records100/19000/19287_lr,0
19289,records100/19000/19289_lr,0
19291,records100/19000/19291_lr,0
19293,records100/19000/19293_lr,0
19295,records100/19000/19295_lr,0
19296,records100/19000/19296_lr,0
19297,records100/19000/19297_lr,0
19300,records100/19000/19300_lr,1
19301,records100/19000/19301_lr,1
19302,records100/19000/19302_lr,0
19304,records100/19000/19304_lr,0
19306,records100/19000/19306_lr,0
19307,records100/19000/19307_lr,0
19308,records100/19000/19308_lr,0
19309,records100/19000/19309_lr,1
19310,records100/19000/19310_lr,0
19312,records100/19000/19312_lr,0
19313,records100/19000/19313_lr,0
19314,records100/19000/19314_lr,0
19315,records100/19000/19315_lr,0
19316,records100/19000/19316_lr,1
19317,records100/19000/19317_lr,0
19320,records100/19000/19320_lr,0
19321,records100/19000/19321_lr,1
19322,records100/19000/19322_lr,0
19323,records100/19000/19323_lr,0
19324,records100/19000/19324_lr,0
19325,records100/19000/19325_lr,1
19326,records100/19000/19326_lr,1
19327,records100/19000/19327_lr,1
19329,records100/19000/19329_lr,1
19331,records100/19000/19331_lr,0
19332,records100/19000/19332_lr,0
19333,records100/19000/19333_lr,0
19334,records100/19000/19334_lr,1
19335,records100/19000/19335_lr,0
19337,records100/19000/19337_lr,1
19338,records100/19000/19338_lr,1
19339,records100/19000/19339_lr,0
19340,records100/19000/19340_lr,1
19341,records100/19000/19341_lr,1
19343,records100/19000/19343_lr,1
19344,records100/19000/19344_lr,0
19346,records100/19000/19346_lr,0
19347,records100/19000/19347_lr,1
19350,records100/19000/19350_lr,0
19351,records100/19000/19351_lr,1
19352,records100/19000/19352_lr,0
19353,records100/19000/19353_lr,1
19356,records100/19000/19356_lr,1
19357,records100/19000/19357_lr,0
19359,records100/19000/19359_lr,1
19360,records100/19000/19360_lr,1
19361,records100/19000/19361_lr,0
19363,records100/19000/19363_lr,1
19364,records100/19000/19364_lr,1
19365,records100/19000/19365_lr,0
19366,records100/19000/19366_lr,1
19367,records100/19000/19367_lr,0
19368,records100/19000/19368_lr,1
19369,records100/19000/19369_lr,1
19370,records100/19000/19370_lr,1
19371,records100/19000/19371_lr,1
19376,records100/19000/19376_lr,0
19379,records100/19000/19379_lr,1
19380,records100/19000/19380_lr,1
19382,records100/19000/19382_lr,1
19385,records100/19000/19385_lr,1
19386,records100/19000/19386_lr,0
19387,records100/19000/19387_lr,0
19388,records100/19000/19388_lr,1
19389,records100/19000/19389_lr,1
19391,records100/19000/19391_lr,1
19393,records100/19000/19393_lr,1
19394,records100/19000/19394_lr,1
19395,records100/19000/19395_lr,1
19396,records100/19000/19396_lr,1
19397,records100/19000/19397_lr,0
19398,records100/19000/19398_lr,1
19401,records100/19000/19401_lr,1
19402,records100/19000/19402_lr,1
19404,records100/19000/19404_lr,1
19405,records100/19000/19405_lr,1
19409,records100/19000/19409_lr,1
19410,records100/19000/19410_lr,0
19411,records100/19000/19411_lr,1
19412,records100/19000/19412_lr,0
19413,records100/19000/19413_lr,0
19414,records100/19000/19414_lr,0
19416,records100/19000/19416_lr,0
19417,records100/19000/19417_lr,0
19419,records100/19000/19419_lr,0
19420,records100/19000/19420_lr,0
19421,records100/19000/19421_lr,1
19422,records100/19000/19422_lr,0
19423,records100/19000/19423_lr,1
19424,records100/19000/19424_lr,0
19425,records100/19000/19425_lr,1
19431,records100/19000/19431_lr,0
19432,records100/19000/19432_lr,0
19433,records100/19000/19433_lr,0
19435,records100/19000/19435_lr,0
19437,records100/19000/19437_lr,0
19439,records100/19000/19439_lr,1
19440,records100/19000/19440_lr,0
19441,records100/19000/19441_lr,1
19442,records100/19000/19442_lr,0
19446,records100/19000/19446_lr,0
19447,records100/19000/19447_lr,0
19448,records100/19000/19448_lr,1
19449,records100/19000/19449_lr,1
19450,records100/19000/19450_lr,0
19451,records100/19000/19451_lr,1
19454,records100/19000/19454_lr,1
19455,records100/19000/19455_lr,1
19456,records100/19000/19456_lr,1
19457,records100/19000/19457_lr,1
19458,records100/19000/19458_lr,0
19459,records100/19000/19459_lr,1
19461,records100/19000/19461_lr,0
19462,records100/19000/19462_lr,1
19464,records100/19000/19464_lr,1
19465,records100/19000/19465_lr,1
19466,records100/19000/19466_lr,0
19467,records100/19000/19467_lr,1
19468,records100/19000/19468_lr,0
19469,records100/19000/19469_lr,0
19470,records100/19000/19470_lr,0
19472,records100/19000/19472_lr,0
19473,records100/19000/19473_lr,0
19474,records100/19000/19474_lr,1
19475,records100/19000/19475_lr,0
19478,records100/19000/19478_lr,0
19479,records100/19000/19479_lr,1
19483,records100/19000/19483_lr,1
19484,records100/19000/19484_lr,1
19485,records100/19000/19485_lr,0
19486,records100/19000/19486_lr,0
19487,records100/19000/19487_lr,0
19488,records100/19000/19488_lr,1
19490,records100/19000/19490_lr,1
19492,records100/19000/19492_lr,0
19494,records100/19000/19494_lr,1
19495,records100/19000/19495_lr,0
19497,records100/19000/19497_lr,0
19499,records100/19000/19499_lr,0
19501,records100/19000/19501_lr,1
19502,records100/19000/19502_lr,0
19503,records100/19000/19503_lr,0
19504,records100/19000/19504_lr,1
19505,records100/19000/19505_lr,0
19507,records100/19000/19507_lr,1
19508,records100/19000/19508_lr,0
19511,records100/19000/19511_lr,1
19512,records100/19000/19512_lr,0
19514,records100/19000/19514_lr,0
19515,records100/19000/19515_lr,1
19521,records100/19000/19521_lr,0
19522,records100/19000/19522_lr,0
19523,records100/19000/19523_lr,0
19524,records100/19000/19524_lr,0
19525,records100/19000/19525_lr,0
19526,records100/19000/19526_lr,1
19527,records100/19000/19527_lr,0
19529,records100/19000/19529_lr,0
19531,records100/19000/19531_lr,0
19532,records100/19000/19532_lr,0
19534,records100/19000/19534_lr,0
19535,records100/19000/19535_lr,1
19537,records100/19000/19537_lr,0
19538,records100/19000/19538_lr,0
19542,records100/19000/19542_lr,0
19543,records100/19000/19543_lr,0
19544,records100/19000/19544_lr,1
19545,records100/19000/19545_lr,1
19546,records100/19000/19546_lr,0
19548,records100/19000/19548_lr,1
19549,records100/19000/19549_lr,0
19551,records100/19000/19551_lr,1
19552,records100/19000/19552_lr,0
19553,records100/19000/19553_lr,0
19554,records100/19000/19554_lr,0
19557,records100/19000/19557_lr,1
19558,records100/19000/19558_lr,0
19561,records100/19000/19561_lr,1
19562,records100/19000/19562_lr,1
19564,records100/19000/19564_lr,0
19565,records100/19000/19565_lr,1
19566,records100/19000/19566_lr,1
19567,records100/19000/19567_lr,0
19568,records100/19000/19568_lr,0
19569,records100/19000/19569_lr,1
19570,records100/19000/19570_lr,1
19571,records100/19000/19571_lr,1
19572,records100/19000/19572_lr,1
19573,records100/19000/19573_lr,1
19575,records100/19000/19575_lr,1
19576,records100/19000/19576_lr,0
19577,records100/19000/19577_lr,1
19578,records100/19000/19578_lr,1
19579,records100/19000/19579_lr,1
19580,records100/19000/19580_lr,0
19582,records100/19000/19582_lr,1
19585,records100/19000/19585_lr,0
19586,records100/19000/19586_lr,0
19587,records100/19000/19587_lr,0
19589,records100/19000/19589_lr,1
19593,records100/19000/19593_lr,0
19594,records100/19000/19594_lr,1
19595,records100/19000/19595_lr,0
19596,records100/19000/19596_lr,1
19597,records100/19000/19597_lr,1
19598,records100/19000/19598_lr,1
19601,records100/19000/19601_lr,0
19602,records100/19000/19602_lr,1
19605,records100/19000/19605_lr,0
19606,records100/19000/19606_lr,1
19608,records100/19000/19608_lr,1
19610,records100/19000/19610_lr,1
19612,records100/19000/19612_lr,1
19615,records100/19000/19615_lr,1
19616,records100/19000/19616_lr,0
19618,records100/19000/19618_lr,0
19620,records100/19000/19620_lr,1
19621,records100/19000/19621_lr,1
19622,records100/19000/19622_lr,1
19624,records100/19000/19624_lr,0
19625,records100/19000/19625_lr,0
19626,records100/19000/19626_lr,1
19627,records100/19000/19627_lr,0
19629,records100/19000/19629_lr,1
19630,records100/19000/19630_lr,1
19631,records100/19000/19631_lr,0
19632,records100/19000/19632_lr,1
19634,records100/19000/19634_lr,0
19636,records100/19000/19636_lr,1
19639,records100/19000/19639_lr,1
19640,records100/19000/19640_lr,1
19642,records100/19000/19642_lr,0
19643,records100/19000/19643_lr,1
19646,records100/19000/19646_lr,1
19648,records100/19000/19648_lr,1
19649,records100/19000/19649_lr,0
19651,records100/19000/19651_lr,1
19652,records100/19000/19652_lr,0
19653,records100/19000/19653_lr,1
19654,records100/19000/19654_lr,1
19655,records100/19000/19655_lr,0
19656,records100/19000/19656_lr,0
19657,records100/19000/19657_lr,1
19658,records100/19000/19658_lr,0
19660,records100/19000/19660_lr,0
19661,records100/19000/19661_lr,1
19662,records100/19000/19662_lr,1
19663,records100/19000/19663_lr,1
19666,records100/19000/19666_lr,0
19669,records100/19000/19669_lr,0
19670,records100/19000/19670_lr,0
19671,records100/19000/19671_lr,1
19672,records100/19000/19672_lr,0
19673,records100/19000/19673_lr,1
19675,records100/19000/19675_lr,0
19676,records100/19000/19676_lr,1
19677,records100/19000/19677_lr,0
19678,records100/19000/19678_lr,1
19679,records100/19000/19679_lr,0
19680,records100/19000/19680_lr,1
19682,records100/19000/19682_lr,1
19683,records100/19000/19683_lr,1
19684,records100/19000/19684_lr,0
19685,records100/19000/19685_lr,0
19686,records100/19000/19686_lr,1
19687,records100/19000/19687_lr,0
19688,records100/19000/19688_lr,1
19692,records100/19000/19692_lr,0
19693,records100/19000/19693_lr,0
19696,records100/19000/19696_lr,0
19697,records100/19000/19697_lr,0
19698,records100/19000/19698_lr,1
19699,records100/19000/19699_lr,0
19700,records100/19000/19700_lr,1
19703,records100/19000/19703_lr,0
19704,records100/19000/19704_lr,1
19705,records100/19000/19705_lr,0
19706,records100/19000/19706_lr,1
19707,records100/19000/19707_lr,0
19708,records100/19000/19708_lr,0
19709,records100/19000/19709_lr,1
19712,records100/19000/19712_lr,1
19713,records100/19000/19713_lr,1
19714,records100/19000/19714_lr,1
19715,records100/19000/19715_lr,1
19717,records100/19000/19717_lr,0
19718,records100/19000/19718_lr,0
19720,records100/19000/19720_lr,0
19721,records100/19000/19721_lr,1
19722,records100/19000/19722_lr,0
19723,records100/19000/19723_lr,0
19724,records100/19000/19724_lr,0
19725,records100/19000/19725_lr,0
19726,records100/19000/19726_lr,1
19727,records100/19000/19727_lr,0
19728,records100/19000/19728_lr,0
19729,records100/19000/19729_lr,0
19731,records100/19000/19731_lr,0
19732,records100/19000/19732_lr,0
19733,records100/19000/19733_lr,0
19734,records100/19000/19734_lr,1
19735,records100/19000/19735_lr,0
19736,records100/19000/19736_lr,1
19737,records100/19000/19737_lr,1
19738,records100/19000/19738_lr,0
19740,records100/19000/19740_lr,1
19743,records100/19000/19743_lr,1
19744,records100/19000/19744_lr,1
19745,records100/19000/19745_lr,0
19746,records100/19000/19746_lr,0
19747,records100/19000/19747_lr,0
19748,records100/19000/19748_lr,1
19749,records100/19000/19749_lr,0
19750,records100/19000/19750_lr,1
19751,records100/19000/19751_lr,1
19752,records100/19000/19752_lr,0
19753,records100/19000/19753_lr,0
19755,records100/19000/19755_lr,1
19756,records100/19000/19756_lr,1
19757,records100/19000/19757_lr,1
19759,records100/19000/19759_lr,1
19760,records100/19000/19760_lr,0
19762,records100/19000/19762_lr,1
19763,records100/19000/19763_lr,0
19764,records100/19000/19764_lr,0
19765,records100/19000/19765_lr,0
19766,records100/19000/19766_lr,0
19768,records100/19000/19768_lr,1
19773,records100/19000/19773_lr,1
19775,records100/19000/19775_lr,0
19777,records100/19000/19777_lr,1
19778,records100/19000/19778_lr,1
19779,records100/19000/19779_lr,1
19780,records100/19000/19780_lr,1
19781,records100/19000/19781_lr,0
19782,records100/19000/19782_lr,0
19785,records100/19000/19785_lr,1
19788,records100/19000/19788_lr,0
19791,records100/19000/19791_lr,1
19792,records100/19000/19792_lr,0
19793,records100/19000/19793_lr,1
19794,records100/19000/19794_lr,1
19795,records100/19000/19795_lr,0
19796,records100/19000/19796_lr,1
19797,records100/19000/19797_lr,1
19798,records100/19000/19798_lr,0
19799,records100/19000/19799_lr,1
19800,records100/19000/19800_lr,1
19801,records100/19000/19801_lr,1
19804,records100/19000/19804_lr,0
19805,records100/19000/19805_lr,0
19806,records100/19000/19806_lr,0
19808,records100/19000/19808_lr,0
19809,records100/19000/19809_lr,0
19811,records100/19000/19811_lr,1
19812,records100/19000/19812_lr,0
19813,records100/19000/19813_lr,0
19814,records100/19000/19814_lr,1
19815,records100/19000/19815_lr,1
19819,records100/19000/19819_lr,0
19820,records100/19000/19820_lr,0
19823,records100/19000/19823_lr,1
19824,records100/19000/19824_lr,1
19825,records100/19000/19825_lr,0
19826,records100/19000/19826_lr,0
19827,records100/19000/19827_lr,1
19829,records100/19000/19829_lr,0
19830,records100/19000/19830_lr,0
19831,records100/19000/19831_lr,1
19832,records100/19000/19832_lr,1
19834,records100/19000/19834_lr,0
19835,records100/19000/19835_lr,0
19838,records100/19000/19838_lr,1
19840,records100/19000/19840_lr,0
19842,records100/19000/19842_lr,1
19843,records100/19000/19843_lr,0
19844,records100/19000/19844_lr,0
19846,records100/19000/19846_lr,0
19847,records100/19000/19847_lr,1
19848,records100/19000/19848_lr,1
19849,records100/19000/19849_lr,1
19850,records100/19000/19850_lr,0
19853,records100/19000/19853_lr,0
19854,records100/19000/19854_lr,0
19855,records100/19000/19855_lr,0
19856,records100/19000/19856_lr,0
19857,records100/19000/19857_lr,0
19859,records100/19000/19859_lr,1
19860,records100/19000/19860_lr,0
19863,records100/19000/19863_lr,0
19864,records100/19000/19864_lr,1
19866,records100/19000/19866_lr,0
19867,records100/19000/19867_lr,0
19868,records100/19000/19868_lr,0
19869,records100/19000/19869_lr,1
19871,records100/19000/19871_lr,1
19872,records100/19000/19872_lr,1
19873,records100/19000/19873_lr,1
19874,records100/19000/19874_lr,1
19875,records100/19000/19875_lr,1
19876,records100/19000/19876_lr,1
19877,records100/19000/19877_lr,1
19878,records100/19000/19878_lr,1
19879,records100/19000/19879_lr,1
19880,records100/19000/19880_lr,1
19881,records100/19000/19881_lr,1
19883,records100/19000/19883_lr,1
19884,records100/19000/19884_lr,0
19889,records100/19000/19889_lr,0
19890,records100/19000/19890_lr,0
19891,records100/19000/19891_lr,1
19892,records100/19000/19892_lr,0
19893,records100/19000/19893_lr,0
19895,records100/19000/19895_lr,0
19898,records100/19000/19898_lr,1
19900,records100/19000/19900_lr,1
19901,records100/19000/19901_lr,0
19903,records100/19000/19903_lr,0
19905,records100/19000/19905_lr,0
19906,records100/19000/19906_lr,1
19908,records100/19000/19908_lr,0
19910,records100/19000/19910_lr,0
19911,records100/19000/19911_lr,1
19912,records100/19000/19912_lr,1
19913,records100/19000/19913_lr,0
19916,records100/19000/19916_lr,0
19919,records100/19000/19919_lr,0
19921,records100/19000/19921_lr,1
19922,records100/19000/19922_lr,0
19924,records100/19000/19924_lr,0
19928,records100/19000/19928_lr,0
19929,records100/19000/19929_lr,0
19930,records100/19000/19930_lr,0
19932,records100/19000/19932_lr,1
19933,records100/19000/19933_lr,0
19935,records100/19000/19935_lr,1
19937,records100/19000/19937_lr,1
19938,records100/19000/19938_lr,1
19940,records100/19000/19940_lr,0
19942,records100/19000/19942_lr,0
19943,records100/19000/19943_lr,1
19944,records100/19000/19944_lr,0
19945,records100/19000/19945_lr,0
19946,records100/19000/19946_lr,0
19947,records100/19000/19947_lr,0
19948,records100/19000/19948_lr,0
19949,records100/19000/19949_lr,0
19950,records100/19000/19950_lr,0
19954,records100/19000/19954_lr,0
19955,records100/19000/19955_lr,0
19956,records100/19000/19956_lr,1
19957,records100/19000/19957_lr,0
19958,records100/19000/19958_lr,0
19959,records100/19000/19959_lr,0
19960,records100/19000/19960_lr,0
19963,records100/19000/19963_lr,0
19964,records100/19000/19964_lr,0
19965,records100/19000/19965_lr,0
19968,records100/19000/19968_lr,1
19969,records100/19000/19969_lr,0
19971,records100/19000/19971_lr,0
19972,records100/19000/19972_lr,1
19973,records100/19000/19973_lr,1
19977,records100/19000/19977_lr,0
19979,records100/19000/19979_lr,0
19980,records100/19000/19980_lr,0
19981,records100/19000/19981_lr,0
19982,records100/19000/19982_lr,0
19983,records100/19000/19983_lr,0
19984,records100/19000/19984_lr,0
19985,records100/19000/19985_lr,0
19986,records100/19000/19986_lr,0
19987,records100/19000/19987_lr,0
19988,records100/19000/19988_lr,1
19989,records100/19000/19989_lr,1
19994,records100/19000/19994_lr,0
19996,records100/19000/19996_lr,0
19997,records100/19000/19997_lr,0
19998,records100/19000/19998_lr,0
19999,records100/19000/19999_lr,1
20002,records100/20000/20002_lr,1
20003,records100/20000/20003_lr,1
20009,records100/20000/20009_lr,0
20011,records100/20000/20011_lr,0
20012,records100/20000/20012_lr,1
20014,records100/20000/20014_lr,0
20016,records100/20000/20016_lr,0
20017,records100/20000/20017_lr,0
20018,records100/20000/20018_lr,0
20020,records100/20000/20020_lr,1
20022,records100/20000/20022_lr,1
20023,records100/20000/20023_lr,0
20025,records100/20000/20025_lr,0
20026,records100/20000/20026_lr,0
20027,records100/20000/20027_lr,0
20029,records100/20000/20029_lr,0
20030,records100/20000/20030_lr,1
20031,records100/20000/20031_lr,1
20032,records100/20000/20032_lr,0
20033,records100/20000/20033_lr,0
20034,records100/20000/20034_lr,0
20035,records100/20000/20035_lr,1
20037,records100/20000/20037_lr,0
20039,records100/20000/20039_lr,1
20041,records100/20000/20041_lr,1
20042,records100/20000/20042_lr,1
20044,records100/20000/20044_lr,0
20045,records100/20000/20045_lr,0
20046,records100/20000/20046_lr,1
20047,records100/20000/20047_lr,0
20048,records100/20000/20048_lr,1
20050,records100/20000/20050_lr,1
20053,records100/20000/20053_lr,0
20054,records100/20000/20054_lr,0
20055,records100/20000/20055_lr,1
20056,records100/20000/20056_lr,1
20058,records100/20000/20058_lr,0
20060,records100/20000/20060_lr,0
20062,records100/20000/20062_lr,1
20064,records100/20000/20064_lr,1
20065,records100/20000/20065_lr,1
20066,records100/20000/20066_lr,0
20070,records100/20000/20070_lr,0
20071,records100/20000/20071_lr,0
20074,records100/20000/20074_lr,0
20076,records100/20000/20076_lr,0
20077,records100/20000/20077_lr,1
20079,records100/20000/20079_lr,1
20080,records100/20000/20080_lr,1
20081,records100/20000/20081_lr,1
20082,records100/20000/20082_lr,0
20087,records100/20000/20087_lr,0
20089,records100/20000/20089_lr,0
20091,records100/20000/20091_lr,0
20092,records100/20000/20092_lr,1
20093,records100/20000/20093_lr,1
20094,records100/20000/20094_lr,0
20096,records100/20000/20096_lr,1
20097,records100/20000/20097_lr,1
20098,records100/20000/20098_lr,1
20101,records100/20000/20101_lr,0
20104,records100/20000/20104_lr,0
20106,records100/20000/20106_lr,1
20107,records100/20000/20107_lr,0
20110,records100/20000/20110_lr,0
20111,records100/20000/20111_lr,0
20112,records100/20000/20112_lr,0
20113,records100/20000/20113_lr,1
20114,records100/20000/20114_lr,0
20115,records100/20000/20115_lr,0
20116,records100/20000/20116_lr,0
20117,records100/20000/20117_lr,0
20119,records100/20000/20119_lr,0
20122,records100/20000/20122_lr,0
20123,records100/20000/20123_lr,1
20124,records100/20000/20124_lr,0
20126,records100/20000/20126_lr,0
20127,records100/20000/20127_lr,0
20128,records100/20000/20128_lr,1
20129,records100/20000/20129_lr,0
20130,records100/20000/20130_lr,0
20131,records100/20000/20131_lr,0
20132,records100/20000/20132_lr,1
20133,records100/20000/20133_lr,0
20134,records100/20000/20134_lr,0
20135,records100/20000/20135_lr,0
20137,records100/20000/20137_lr,1
20138,records100/20000/20138_lr,0
20139,records100/20000/20139_lr,1
20140,records100/20000/20140_lr,1
20142,records100/20000/20142_lr,1
20143,records100/20000/20143_lr,0
20144,records100/20000/20144_lr,1
20147,records100/20000/20147_lr,1
20148,records100/20000/20148_lr,0
20149,records100/20000/20149_lr,0
20150,records100/20000/20150_lr,0
20151,records100/20000/20151_lr,0
20153,records100/20000/20153_lr,1
20154,records100/20000/20154_lr,1
20156,records100/20000/20156_lr,0
20157,records100/20000/20157_lr,1
20158,records100/20000/20158_lr,1
20159,records100/20000/20159_lr,1
20160,records100/20000/20160_lr,0
20161,records100/20000/20161_lr,1
20162,records100/20000/20162_lr,0
20164,records100/20000/20164_lr,0
20165,records100/20000/20165_lr,0
20166,records100/20000/20166_lr,1
20168,records100/20000/20168_lr,0
20170,records100/20000/20170_lr,1
20171,records100/20000/20171_lr,0
20172,records100/20000/20172_lr,0
20173,records100/20000/20173_lr,1
20175,records100/20000/20175_lr,1
20176,records100/20000/20176_lr,0
20178,records100/20000/20178_lr,0
20179,records100/20000/20179_lr,0
20180,records100/20000/20180_lr,0
20182,records100/20000/20182_lr,0
20183,records100/20000/20183_lr,1
20184,records100/20000/20184_lr,1
20190,records100/20000/20190_lr,0
20192,records100/20000/20192_lr,0
20193,records100/20000/20193_lr,1
20194,records100/20000/20194_lr,0
20197,records100/20000/20197_lr,1
20198,records100/20000/20198_lr,0
20199,records100/20000/20199_lr,0
20200,records100/20000/20200_lr,1
20201,records100/20000/20201_lr,0
20202,records100/20000/20202_lr,1
20203,records100/20000/20203_lr,0
20207,records100/20000/20207_lr,0
20208,records100/20000/20208_lr,1
20213,records100/20000/20213_lr,0
20214,records100/20000/20214_lr,1
20216,records100/20000/20216_lr,0
20218,records100/20000/20218_lr,1
20219,records100/20000/20219_lr,1
20220,records100/20000/20220_lr,0
20221,records100/20000/20221_lr,0
20223,records100/20000/20223_lr,0
20224,records100/20000/20224_lr,1
20228,records100/20000/20228_lr,0
20229,records100/20000/20229_lr,0
20230,records100/20000/20230_lr,1
20233,records100/20000/20233_lr,1
20235,records100/20000/20235_lr,0
20237,records100/20000/20237_lr,1
20238,records100/20000/20238_lr,1
20239,records100/20000/20239_lr,1
20240,records100/20000/20240_lr,1
20241,records100/20000/20241_lr,0
20244,records100/20000/20244_lr,0
20246,records100/20000/20246_lr,0
20247,records100/20000/20247_lr,1
20249,records100/20000/20249_lr,0
20250,records100/20000/20250_lr,0
20253,records100/20000/20253_lr,0
20255,records100/20000/20255_lr,0
20256,records100/20000/20256_lr,0
20257,records100/20000/20257_lr,0
20258,records100/20000/20258_lr,0
20259,records100/20000/20259_lr,0
20260,records100/20000/20260_lr,0
20261,records100/20000/20261_lr,0
20262,records100/20000/20262_lr,0
20263,records100/20000/20263_lr,0
20264,records100/20000/20264_lr,0
20265,records100/20000/20265_lr,0
20266,records100/20000/20266_lr,0
20267,records100/20000/20267_lr,0
20268,records100/20000/20268_lr,0
20269,records100/20000/20269_lr,0
20271,records100/20000/20271_lr,0
20272,records100/20000/20272_lr,1
20275,records100/20000/20275_lr,0
20276,records100/20000/20276_lr,0
20278,records100/20000/20278_lr,0
20280,records100/20000/20280_lr,0
20281,records100/20000/20281_lr,0
20285,records100/20000/20285_lr,0
20288,records100/20000/20288_lr,1
20289,records100/20000/20289_lr,1
20290,records100/20000/20290_lr,1
20291,records100/20000/20291_lr,0
20292,records100/20000/20292_lr,0
20293,records100/20000/20293_lr,0
20297,records100/20000/20297_lr,0
20298,records100/20000/20298_lr,0
20299,records100/20000/20299_lr,1
20300,records100/20000/20300_lr,1
20301,records100/20000/20301_lr,1
20302,records100/20000/20302_lr,0
20304,records100/20000/20304_lr,1
20305,records100/20000/20305_lr,1
20307,records100/20000/20307_lr,1
20308,records100/20000/20308_lr,1
20313,records100/20000/20313_lr,1
20314,records100/20000/20314_lr,0
20317,records100/20000/20317_lr,1
20318,records100/20000/20318_lr,0
20322,records100/20000/20322_lr,1
20324,records100/20000/20324_lr,1
20325,records100/20000/20325_lr,1
20326,records100/20000/20326_lr,0
20328,records100/20000/20328_lr,1
20330,records100/20000/20330_lr,1
20331,records100/20000/20331_lr,0
20332,records100/20000/20332_lr,0
20335,records100/20000/20335_lr,0
20336,records100/20000/20336_lr,0
20337,records100/20000/20337_lr,0
20338,records100/20000/20338_lr,1
20339,records100/20000/20339_lr,1
20340,records100/20000/20340_lr,1
20341,records100/20000/20341_lr,1
20342,records100/20000/20342_lr,1
20343,records100/20000/20343_lr,1
20344,records100/20000/20344_lr,0
20345,records100/20000/20345_lr,1
20346,records100/20000/20346_lr,0
20347,records100/20000/20347_lr,1
20350,records100/20000/20350_lr,1
20351,records100/20000/20351_lr,0
20355,records100/20000/20355_lr,0
20356,records100/20000/20356_lr,0
20357,records100/20000/20357_lr,1
20358,records100/20000/20358_lr,1
20359,records100/20000/20359_lr,0
20360,records100/20000/20360_lr,0
20361,records100/20000/20361_lr,1
20362,records100/20000/20362_lr,1
20366,records100/20000/20366_lr,0
20368,records100/20000/20368_lr,1
20371,records100/20000/20371_lr,1
20373,records100/20000/20373_lr,1
20374,records100/20000/20374_lr,0
20375,records100/20000/20375_lr,1
20376,records100/20000/20376_lr,1
20379,records100/20000/20379_lr,1
20380,records100/20000/20380_lr,1
20381,records100/20000/20381_lr,1
20383,records100/20000/20383_lr,0
20384,records100/20000/20384_lr,1
20387,records100/20000/20387_lr,0
20388,records100/20000/20388_lr,1
20390,records100/20000/20390_lr,1
20391,records100/20000/20391_lr,1
20393,records100/20000/20393_lr,0
20396,records100/20000/20396_lr,1
20397,records100/20000/20397_lr,0
20398,records100/20000/20398_lr,1
20400,records100/20000/20400_lr,1
20401,records100/20000/20401_lr,0
20402,records100/20000/20402_lr,0
20405,records100/20000/20405_lr,0
20407,records100/20000/20407_lr,0
20408,records100/20000/20408_lr,1
20411,records100/20000/20411_lr,0
20413,records100/20000/20413_lr,1
20414,records100/20000/20414_lr,0
20418,records100/20000/20418_lr,0
20421,records100/20000/20421_lr,1
20422,records100/20000/20422_lr,1
20424,records100/20000/20424_lr,1
20425,records100/20000/20425_lr,1
20428,records100/20000/20428_lr,0
20429,records100/20000/20429_lr,0
20431,records100/20000/20431_lr,1
20433,records100/20000/20433_lr,1
20434,records100/20000/20434_lr,0
20435,records100/20000/20435_lr,0
20436,records100/20000/20436_lr,1
20437,records100/20000/20437_lr,0
20438,records100/20000/20438_lr,1
20439,records100/20000/20439_lr,1
20442,records100/20000/20442_lr,0
20445,records100/20000/20445_lr,0
20446,records100/20000/20446_lr,1
20447,records100/20000/20447_lr,1
20448,records100/20000/20448_lr,1
20449,records100/20000/20449_lr,0
20450,records100/20000/20450_lr,0
20451,records100/20000/20451_lr,1
20453,records100/20000/20453_lr,0
20454,records100/20000/20454_lr,0
20455,records100/20000/20455_lr,0
20457,records100/20000/20457_lr,1
20458,records100/20000/20458_lr,0
20459,records100/20000/20459_lr,0
20460,records100/20000/20460_lr,0
20461,records100/20000/20461_lr,0
20463,records100/20000/20463_lr,0
20464,records100/20000/20464_lr,1
20465,records100/20000/20465_lr,0
20466,records100/20000/20466_lr,0
20468,records100/20000/20468_lr,1
20469,records100/20000/20469_lr,1
20470,records100/20000/20470_lr,1
20472,records100/20000/20472_lr,1
20473,records100/20000/20473_lr,1
20474,records100/20000/20474_lr,1
20476,records100/20000/20476_lr,1
20477,records100/20000/20477_lr,0
20478,records100/20000/20478_lr,0
20479,records100/20000/20479_lr,1
20480,records100/20000/20480_lr,0
20481,records100/20000/20481_lr,0
20482,records100/20000/20482_lr,0
20483,records100/20000/20483_lr,0
20487,records100/20000/20487_lr,0
20489,records100/20000/20489_lr,0
20491,records100/20000/20491_lr,0
20495,records100/20000/20495_lr,0
20496,records100/20000/20496_lr,1
20497,records100/20000/20497_lr,0
20498,records100/20000/20498_lr,1
20500,records100/20000/20500_lr,0
20501,records100/20000/20501_lr,1
20502,records100/20000/20502_lr,0
20504,records100/20000/20504_lr,0
20508,records100/20000/20508_lr,1
20509,records100/20000/20509_lr,0
20510,records100/20000/20510_lr,1
20514,records100/20000/20514_lr,1
20515,records100/20000/20515_lr,1
20516,records100/20000/20516_lr,0
20520,records100/20000/20520_lr,0
20521,records100/20000/20521_lr,1
20522,records100/20000/20522_lr,1
20523,records100/20000/20523_lr,0
20525,records100/20000/20525_lr,1
20526,records100/20000/20526_lr,0
20527,records100/20000/20527_lr,0
20528,records100/20000/20528_lr,1
20529,records100/20000/20529_lr,1
20532,records100/20000/20532_lr,0
20533,records100/20000/20533_lr,1
20534,records100/20000/20534_lr,1
20535,records100/20000/20535_lr,0
20536,records100/20000/20536_lr,1
20537,records100/20000/20537_lr,0
20538,records100/20000/20538_lr,0
20539,records100/20000/20539_lr,1
20541,records100/20000/20541_lr,0
20543,records100/20000/20543_lr,1
20546,records100/20000/20546_lr,0
20547,records100/20000/20547_lr,1
20548,records100/20000/20548_lr,0
20549,records100/20000/20549_lr,0
20551,records100/20000/20551_lr,1
20552,records100/20000/20552_lr,1
20553,records100/20000/20553_lr,1
20554,records100/20000/20554_lr,0
20556,records100/20000/20556_lr,0
20557,records100/20000/20557_lr,1
20558,records100/20000/20558_lr,1
20561,records100/20000/20561_lr,1
20562,records100/20000/20562_lr,1
20564,records100/20000/20564_lr,1
20565,records100/20000/20565_lr,0
20568,records100/20000/20568_lr,0
20569,records100/20000/20569_lr,1
20570,records100/20000/20570_lr,1
20574,records100/20000/20574_lr,0
20575,records100/20000/20575_lr,1
20576,records100/20000/20576_lr,0
20577,records100/20000/20577_lr,1
20578,records100/20000/20578_lr,0
20579,records100/20000/20579_lr,1
20584,records100/20000/20584_lr,1
20585,records100/20000/20585_lr,1
20586,records100/20000/20586_lr,1
20588,records100/20000/20588_lr,1
20589,records100/20000/20589_lr,0
20591,records100/20000/20591_lr,0
20592,records100/20000/20592_lr,1
20593,records100/20000/20593_lr,0
20594,records100/20000/20594_lr,1
20598,records100/20000/20598_lr,1
20599,records100/20000/20599_lr,0
20600,records100/20000/20600_lr,1
20601,records100/20000/20601_lr,0
20603,records100/20000/20603_lr,0
20608,records100/20000/20608_lr,1
20609,records100/20000/20609_lr,0
20610,records100/20000/20610_lr,1
20611,records100/20000/20611_lr,1
20612,records100/20000/20612_lr,1
20613,records100/20000/20613_lr,1
20614,records100/20000/20614_lr,0
20617,records100/20000/20617_lr,1
20618,records100/20000/20618_lr,1
20621,records100/20000/20621_lr,0
20622,records100/20000/20622_lr,1
20623,records100/20000/20623_lr,0
20624,records100/20000/20624_lr,0
20625,records100/20000/20625_lr,1
20626,records100/20000/20626_lr,1
20627,records100/20000/20627_lr,0
20628,records100/20000/20628_lr,0
20630,records100/20000/20630_lr,0
20632,records100/20000/20632_lr,1
20633,records100/20000/20633_lr,1
20635,records100/20000/20635_lr,0
20637,records100/20000/20637_lr,0
20639,records100/20000/20639_lr,0
20640,records100/20000/20640_lr,1
20642,records100/20000/20642_lr,1
20643,records100/20000/20643_lr,1
20644,records100/20000/20644_lr,1
20646,records100/20000/20646_lr,1
20647,records100/20000/20647_lr,0
20648,records100/20000/20648_lr,0
20649,records100/20000/20649_lr,0
20650,records100/20000/20650_lr,1
20651,records100/20000/20651_lr,0
20653,records100/20000/20653_lr,1
20654,records100/20000/20654_lr,1
20655,records100/20000/20655_lr,1
20656,records100/20000/20656_lr,1
20657,records100/20000/20657_lr,0
20659,records100/20000/20659_lr,0
20661,records100/20000/20661_lr,1
20663,records100/20000/20663_lr,0
20666,records100/20000/20666_lr,0
20668,records100/20000/20668_lr,1
20669,records100/20000/20669_lr,0
20670,records100/20000/20670_lr,1
20671,records100/20000/20671_lr,0
20672,records100/20000/20672_lr,0
20676,records100/20000/20676_lr,0
20678,records100/20000/20678_lr,1
20679,records100/20000/20679_lr,0
20681,records100/20000/20681_lr,1
20684,records100/20000/20684_lr,0
20690,records100/20000/20690_lr,0
20691,records100/20000/20691_lr,1
20692,records100/20000/20692_lr,0
20695,records100/20000/20695_lr,1
20696,records100/20000/20696_lr,0
20698,records100/20000/20698_lr,1
20699,records100/20000/20699_lr,1
20701,records100/20000/20701_lr,1
20702,records100/20000/20702_lr,0
20703,records100/20000/20703_lr,0
20704,records100/20000/20704_lr,0
20705,records100/20000/20705_lr,0
20706,records100/20000/20706_lr,1
20707,records100/20000/20707_lr,0
20709,records100/20000/20709_lr,1
20710,records100/20000/20710_lr,0
20711,records100/20000/20711_lr,1
20712,records100/20000/20712_lr,1
20713,records100/20000/20713_lr,0
20714,records100/20000/20714_lr,0
20716,records100/20000/20716_lr,0
20718,records100/20000/20718_lr,1
20719,records100/20000/20719_lr,0
20720,records100/20000/20720_lr,0
20723,records100/20000/20723_lr,1
20724,records100/20000/20724_lr,0
20727,records100/20000/20727_lr,1
20728,records100/20000/20728_lr,1
20729,records100/20000/20729_lr,1
20730,records100/20000/20730_lr,0
20731,records100/20000/20731_lr,0
20736,records100/20000/20736_lr,0
20739,records100/20000/20739_lr,1
20741,records100/20000/20741_lr,1
20742,records100/20000/20742_lr,0
20743,records100/20000/20743_lr,1
20744,records100/20000/20744_lr,1
20746,records100/20000/20746_lr,0
20747,records100/20000/20747_lr,0
20748,records100/20000/20748_lr,0
20749,records100/20000/20749_lr,1
20752,records100/20000/20752_lr,1
20755,records100/20000/20755_lr,0
20756,records100/20000/20756_lr,1
20758,records100/20000/20758_lr,0
20759,records100/20000/20759_lr,1
20762,records100/20000/20762_lr,0
20764,records100/20000/20764_lr,1
20765,records100/20000/20765_lr,0
20766,records100/20000/20766_lr,0
20767,records100/20000/20767_lr,0
20771,records100/20000/20771_lr,0
20772,records100/20000/20772_lr,1
20774,records100/20000/20774_lr,0
20775,records100/20000/20775_lr,1
20778,records100/20000/20778_lr,1
20779,records100/20000/20779_lr,1
20783,records100/20000/20783_lr,0
20784,records100/20000/20784_lr,1
20785,records100/20000/20785_lr,1
20787,records100/20000/20787_lr,1
20789,records100/20000/20789_lr,1
20793,records100/20000/20793_lr,0
20794,records100/20000/20794_lr,1
20795,records100/20000/20795_lr,0
20796,records100/20000/20796_lr,0
20798,records100/20000/20798_lr,1
20799,records100/20000/20799_lr,0
20800,records100/20000/20800_lr,1
20803,records100/20000/20803_lr,1
20804,records100/20000/20804_lr,1
20805,records100/20000/20805_lr,0
20808,records100/20000/20808_lr,1
20810,records100/20000/20810_lr,0
20811,records100/20000/20811_lr,0
20813,records100/20000/20813_lr,1
20814,records100/20000/20814_lr,0
20816,records100/20000/20816_lr,1
20818,records100/20000/20818_lr,0
20819,records100/20000/20819_lr,1
20822,records100/20000/20822_lr,0
20823,records100/20000/20823_lr,1
20825,records100/20000/20825_lr,1
20826,records100/20000/20826_lr,1
20827,records100/20000/20827_lr,1
20828,records100/20000/20828_lr,1
20830,records100/20000/20830_lr,1
20831,records100/20000/20831_lr,0
20834,records100/20000/20834_lr,0
20835,records100/20000/20835_lr,1
20836,records100/20000/20836_lr,0
20837,records100/20000/20837_lr,1
20838,records100/20000/20838_lr,0
20841,records100/20000/20841_lr,0
20842,records100/20000/20842_lr,0
20843,records100/20000/20843_lr,1
20845,records100/20000/20845_lr,0
20846,records100/20000/20846_lr,0
20848,records100/20000/20848_lr,1
20851,records100/20000/20851_lr,1
20852,records100/20000/20852_lr,0
20854,records100/20000/20854_lr,0
20855,records100/20000/20855_lr,1
20856,records100/20000/20856_lr,0
20857,records100/20000/20857_lr,0
20858,records100/20000/20858_lr,1
20859,records100/20000/20859_lr,1
20860,records100/20000/20860_lr,0
20861,records100/20000/20861_lr,0
20862,records100/20000/20862_lr,1
20863,records100/20000/20863_lr,0
20864,records100/20000/20864_lr,1
20865,records100/20000/20865_lr,1
20866,records100/20000/20866_lr,1
20867,records100/20000/20867_lr,1
20868,records100/20000/20868_lr,1
20869,records100/20000/20869_lr,0
20870,records100/20000/20870_lr,1
20871,records100/20000/20871_lr,1
20872,records100/20000/20872_lr,1
20875,records100/20000/20875_lr,0
20876,records100/20000/20876_lr,0
20879,records100/20000/20879_lr,0
20881,records100/20000/20881_lr,0
20882,records100/20000/20882_lr,1
20884,records100/20000/20884_lr,1
20885,records100/20000/20885_lr,1
20887,records100/20000/20887_lr,0
20888,records100/20000/20888_lr,0
20890,records100/20000/20890_lr,1
20891,records100/20000/20891_lr,0
20892,records100/20000/20892_lr,0
20896,records100/20000/20896_lr,0
20897,records100/20000/20897_lr,0
20898,records100/20000/20898_lr,1
20899,records100/20000/20899_lr,0
20900,records100/20000/20900_lr,0
20901,records100/20000/20901_lr,1
20902,records100/20000/20902_lr,1
20903,records100/20000/20903_lr,0
20904,records100/20000/20904_lr,1
20905,records100/20000/20905_lr,0
20906,records100/20000/20906_lr,0
20907,records100/20000/20907_lr,0
20908,records100/20000/20908_lr,1
20910,records100/20000/20910_lr,1
20911,records100/20000/20911_lr,1
20912,records100/20000/20912_lr,0
20913,records100/20000/20913_lr,0
20914,records100/20000/20914_lr,0
20915,records100/20000/20915_lr,1
20916,records100/20000/20916_lr,1
20917,records100/20000/20917_lr,1
20919,records100/20000/20919_lr,1
20920,records100/20000/20920_lr,1
20921,records100/20000/20921_lr,1
20922,records100/20000/20922_lr,1
20924,records100/20000/20924_lr,1
20925,records100/20000/20925_lr,0
20926,records100/20000/20926_lr,1
20928,records100/20000/20928_lr,1
20929,records100/20000/20929_lr,0
20930,records100/20000/20930_lr,1
20932,records100/20000/20932_lr,1
20933,records100/20000/20933_lr,0
20934,records100/20000/20934_lr,0
20936,records100/20000/20936_lr,1
20937,records100/20000/20937_lr,0
20938,records100/20000/20938_lr,1
20940,records100/20000/20940_lr,0
20941,records100/20000/20941_lr,1
20943,records100/20000/20943_lr,0
20944,records100/20000/20944_lr,0
20946,records100/20000/20946_lr,1
20947,records100/20000/20947_lr,1
20948,records100/20000/20948_lr,1
20953,records100/20000/20953_lr,1
20954,records100/20000/20954_lr,1
20955,records100/20000/20955_lr,0
20957,records100/20000/20957_lr,1
20958,records100/20000/20958_lr,1
20959,records100/20000/20959_lr,1
20960,records100/20000/20960_lr,1
20961,records100/20000/20961_lr,1
20962,records100/20000/20962_lr,0
20964,records100/20000/20964_lr,0
20967,records100/20000/20967_lr,0
20968,records100/20000/20968_lr,0
20969,records100/20000/20969_lr,1
20970,records100/20000/20970_lr,1
20971,records100/20000/20971_lr,1
20973,records100/20000/20973_lr,1
20974,records100/20000/20974_lr,1
20976,records100/20000/20976_lr,1
20977,records100/20000/20977_lr,1
20978,records100/20000/20978_lr,0
20979,records100/20000/20979_lr,0
20980,records100/20000/20980_lr,1
20981,records100/20000/20981_lr,0
20984,records100/20000/20984_lr,1
20987,records100/20000/20987_lr,1
20991,records100/20000/20991_lr,0
20993,records100/20000/20993_lr,0
20994,records100/20000/20994_lr,0
20995,records100/20000/20995_lr,0
20996,records100/20000/20996_lr,1
20997,records100/20000/20997_lr,1
20998,records100/20000/20998_lr,1
20999,records100/20000/20999_lr,0
21000,records100/21000/21000_lr,1
21002,records100/21000/21002_lr,1
21004,records100/21000/21004_lr,1
21005,records100/21000/21005_lr,1
21007,records100/21000/21007_lr,0
21009,records100/21000/21009_lr,1
21010,records100/21000/21010_lr,1
21012,records100/21000/21012_lr,1
21014,records100/21000/21014_lr,0
21015,records100/21000/21015_lr,0
21016,records100/21000/21016_lr,1
21018,records100/21000/21018_lr,1
21020,records100/21000/21020_lr,0
21023,records100/21000/21023_lr,1
21025,records100/21000/21025_lr,1
21026,records100/21000/21026_lr,0
21027,records100/21000/21027_lr,0
21028,records100/21000/21028_lr,1
21029,records100/21000/21029_lr,0
21030,records100/21000/21030_lr,0
21031,records100/21000/21031_lr,0
21032,records100/21000/21032_lr,1
21033,records100/21000/21033_lr,1
21034,records100/21000/21034_lr,0
21035,records100/21000/21035_lr,1
21036,records100/21000/21036_lr,0
21037,records100/21000/21037_lr,1
21039,records100/21000/21039_lr,0
21040,records100/21000/21040_lr,1
21043,records100/21000/21043_lr,0
21044,records100/21000/21044_lr,1
21045,records100/21000/21045_lr,1
21046,records100/21000/21046_lr,1
21047,records100/21000/21047_lr,1
21050,records100/21000/21050_lr,1
21051,records100/21000/21051_lr,1
21052,records100/21000/21052_lr,0
21053,records100/21000/21053_lr,1
21054,records100/21000/21054_lr,0
21056,records100/21000/21056_lr,1
21057,records100/21000/21057_lr,1
21058,records100/21000/21058_lr,0
21060,records100/21000/21060_lr,1
21061,records100/21000/21061_lr,0
21064,records100/21000/21064_lr,1
21066,records100/21000/21066_lr,1
21067,records100/21000/21067_lr,1
21069,records100/21000/21069_lr,0
21073,records100/21000/21073_lr,0
21075,records100/21000/21075_lr,1
21077,records100/21000/21077_lr,1
21078,records100/21000/21078_lr,1
21079,records100/21000/21079_lr,1
21080,records100/21000/21080_lr,0
21081,records100/21000/21081_lr,0
21082,records100/21000/21082_lr,1
21083,records100/21000/21083_lr,0
21086,records100/21000/21086_lr,1
21087,records100/21000/21087_lr,0
21088,records100/21000/21088_lr,0
21090,records100/21000/21090_lr,1
21091,records100/21000/21091_lr,1
21092,records100/21000/21092_lr,1
21094,records100/21000/21094_lr,0
21095,records100/21000/21095_lr,0
21098,records100/21000/21098_lr,0
21100,records100/21000/21100_lr,1
21101,records100/21000/21101_lr,0
21102,records100/21000/21102_lr,0
21103,records100/21000/21103_lr,0
21104,records100/21000/21104_lr,1
21105,records100/21000/21105_lr,1
21106,records100/21000/21106_lr,0
21107,records100/21000/21107_lr,1
21110,records100/21000/21110_lr,1
21112,records100/21000/21112_lr,1
21115,records100/21000/21115_lr,1
21118,records100/21000/21118_lr,0
21119,records100/21000/21119_lr,1
21120,records100/21000/21120_lr,1
21121,records100/21000/21121_lr,1
21122,records100/21000/21122_lr,0
21123,records100/21000/21123_lr,1
21124,records100/21000/21124_lr,1
21125,records100/21000/21125_lr,0
21126,records100/21000/21126_lr,0
21128,records100/21000/21128_lr,1
21129,records100/21000/21129_lr,0
21130,records100/21000/21130_lr,1
21131,records100/21000/21131_lr,1
21133,records100/21000/21133_lr,0
21136,records100/21000/21136_lr,1
21138,records100/21000/21138_lr,1
21139,records100/21000/21139_lr,1
21140,records100/21000/21140_lr,1
21144,records100/21000/21144_lr,0
21145,records100/21000/21145_lr,1
21146,records100/21000/21146_lr,1
21149,records100/21000/21149_lr,0
21153,records100/21000/21153_lr,1
21156,records100/21000/21156_lr,1
21157,records100/21000/21157_lr,1
21158,records100/21000/21158_lr,1
21159,records100/21000/21159_lr,1
21161,records100/21000/21161_lr,0
21163,records100/21000/21163_lr,1
21164,records100/21000/21164_lr,0
21165,records100/21000/21165_lr,1
21166,records100/21000/21166_lr,1
21167,records100/21000/21167_lr,0
21173,records100/21000/21173_lr,1
21174,records100/21000/21174_lr,0
21177,records100/21000/21177_lr,0
21178,records100/21000/21178_lr,1
21179,records100/21000/21179_lr,1
21180,records100/21000/21180_lr,0
21183,records100/21000/21183_lr,0
21185,records100/21000/21185_lr,0
21186,records100/21000/21186_lr,0
21187,records100/21000/21187_lr,0
21188,records100/21000/21188_lr,0
21189,records100/21000/21189_lr,0
21190,records100/21000/21190_lr,0
21194,records100/21000/21194_lr,1
21195,records100/21000/21195_lr,0
21197,records100/21000/21197_lr,1
21198,records100/21000/21198_lr,0
21199,records100/21000/21199_lr,0
21200,records100/21000/21200_lr,1
21202,records100/21000/21202_lr,1
21204,records100/21000/21204_lr,0
21205,records100/21000/21205_lr,1
21206,records100/21000/21206_lr,1
21208,records100/21000/21208_lr,1
21210,records100/21000/21210_lr,1
21212,records100/21000/21212_lr,1
21214,records100/21000/21214_lr,0
21215,records100/21000/21215_lr,0
21217,records100/21000/21217_lr,1
21218,records100/21000/21218_lr,1
21219,records100/21000/21219_lr,0
21220,records100/21000/21220_lr,0
21221,records100/21000/21221_lr,0
21224,records100/21000/21224_lr,1
21226,records100/21000/21226_lr,1
21227,records100/21000/21227_lr,1
21230,records100/21000/21230_lr,0
21231,records100/21000/21231_lr,0
21233,records100/21000/21233_lr,1
21234,records100/21000/21234_lr,1
21235,records100/21000/21235_lr,1
21236,records100/21000/21236_lr,1
21237,records100/21000/21237_lr,1
21238,records100/21000/21238_lr,0
21239,records100/21000/21239_lr,1
21240,records100/21000/21240_lr,1
21241,records100/21000/21241_lr,0
21242,records100/21000/21242_lr,1
21243,records100/21000/21243_lr,1
21245,records100/21000/21245_lr,0
21247,records100/21000/21247_lr,1
21248,records100/21000/21248_lr,1
21249,records100/21000/21249_lr,0
21250,records100/21000/21250_lr,0
21251,records100/21000/21251_lr,1
21252,records100/21000/21252_lr,0
21253,records100/21000/21253_lr,0
21257,records100/21000/21257_lr,0
21258,records100/21000/21258_lr,0
21259,records100/21000/21259_lr,0
21260,records100/21000/21260_lr,1
21261,records100/21000/21261_lr,0
21264,records100/21000/21264_lr,0
21265,records100/21000/21265_lr,1
21267,records100/21000/21267_lr,0
21268,records100/21000/21268_lr,1
21269,records100/21000/21269_lr,0
21270,records100/21000/21270_lr,0
21271,records100/21000/21271_lr,1
21272,records100/21000/21272_lr,1
21273,records100/21000/21273_lr,1
21275,records100/21000/21275_lr,1
21276,records100/21000/21276_lr,0
21277,records100/21000/21277_lr,1
21278,records100/21000/21278_lr,1
21279,records100/21000/21279_lr,1
21282,records100/21000/21282_lr,0
21284,records100/21000/21284_lr,0
21286,records100/21000/21286_lr,0
21287,records100/21000/21287_lr,0
21288,records100/21000/21288_lr,1
21289,records100/21000/21289_lr,1
21290,records100/21000/21290_lr,0
21292,records100/21000/21292_lr,1
21293,records100/21000/21293_lr,1
21294,records100/21000/21294_lr,1
21296,records100/21000/21296_lr,1
21297,records100/21000/21297_lr,0
21298,records100/21000/21298_lr,0
21299,records100/21000/21299_lr,1
21301,records100/21000/21301_lr,1
21302,records100/21000/21302_lr,0
21305,records100/21000/21305_lr,1
21306,records100/21000/21306_lr,1
21307,records100/21000/21307_lr,1
21308,records100/21000/21308_lr,0
21309,records100/21000/21309_lr,1
21311,records100/21000/21311_lr,0
21312,records100/21000/21312_lr,1
21314,records100/21000/21314_lr,1
21315,records100/21000/21315_lr,0
21317,records100/21000/21317_lr,1
21320,records100/21000/21320_lr,1
21322,records100/21000/21322_lr,0
21324,records100/21000/21324_lr,1
21326,records100/21000/21326_lr,1
21327,records100/21000/21327_lr,1
21328,records100/21000/21328_lr,1
21329,records100/21000/21329_lr,1
21332,records100/21000/21332_lr,1
21334,records100/21000/21334_lr,0
21338,records100/21000/21338_lr,1
21339,records100/21000/21339_lr,1
21340,records100/21000/21340_lr,1
21341,records100/21000/21341_lr,0
21342,records100/21000/21342_lr,1
21343,records100/21000/21343_lr,1
21344,records100/21000/21344_lr,0
21345,records100/21000/21345_lr,0
21346,records100/21000/21346_lr,0
21350,records100/21000/21350_lr,1
21354,records100/21000/21354_lr,0
21355,records100/21000/21355_lr,0
21356,records100/21000/21356_lr,0
21357,records100/21000/21357_lr,1
21359,records100/21000/21359_lr,1
21360,records100/21000/21360_lr,1
21361,records100/21000/21361_lr,0
21363,records100/21000/21363_lr,1
21364,records100/21000/21364_lr,1
21365,records100/21000/21365_lr,1
21366,records100/21000/21366_lr,0
21367,records100/21000/21367_lr,0
21371,records100/21000/21371_lr,1
21372,records100/21000/21372_lr,1
21376,records100/21000/21376_lr,0
21377,records100/21000/21377_lr,1
21378,records100/21000/21378_lr,1
21379,records100/21000/21379_lr,0
21381,records100/21000/21381_lr,0
21383,records100/21000/21383_lr,0
21385,records100/21000/21385_lr,0
21386,records100/21000/21386_lr,0
21389,records100/21000/21389_lr,1
21391,records100/21000/21391_lr,0
21393,records100/21000/21393_lr,1
21394,records100/21000/21394_lr,0
21397,records100/21000/21397_lr,1
21398,records100/21000/21398_lr,1
21399,records100/21000/21399_lr,1
21400,records100/21000/21400_lr,0
21401,records100/21000/21401_lr,1
21403,records100/21000/21403_lr,1
21404,records100/21000/21404_lr,1
21407,records100/21000/21407_lr,0
21411,records100/21000/21411_lr,0
21412,records100/21000/21412_lr,1
21413,records100/21000/21413_lr,0
21414,records100/21000/21414_lr,1
21415,records100/21000/21415_lr,0
21416,records100/21000/21416_lr,1
21417,records100/21000/21417_lr,1
21418,records100/21000/21418_lr,0
21421,records100/21000/21421_lr,1
21424,records100/21000/21424_lr,1
21425,records100/21000/21425_lr,0
21426,records100/21000/21426_lr,1
21429,records100/21000/21429_lr,0
21432,records100/21000/21432_lr,0
21433,records100/21000/21433_lr,0
21434,records100/21000/21434_lr,0
21436,records100/21000/21436_lr,0
21438,records100/21000/21438_lr,0
21439,records100/21000/21439_lr,1
21440,records100/21000/21440_lr,0
21441,records100/21000/21441_lr,0
21443,records100/21000/21443_lr,0
21444,records100/21000/21444_lr,0
21447,records100/21000/21447_lr,0
21448,records100/21000/21448_lr,0
21449,records100/21000/21449_lr,0
21451,records100/21000/21451_lr,1
21452,records100/21000/21452_lr,1
21453,records100/21000/21453_lr,0
21455,records100/21000/21455_lr,1
21457,records100/21000/21457_lr,1
21460,records100/21000/21460_lr,1
21461,records100/21000/21461_lr,1
21462,records100/21000/21462_lr,0
21464,records100/21000/21464_lr,1
21465,records100/21000/21465_lr,1
21466,records100/21000/21466_lr,0
21468,records100/21000/21468_lr,0
21469,records100/21000/21469_lr,0
21470,records100/21000/21470_lr,0
21473,records100/21000/21473_lr,0
21474,records100/21000/21474_lr,1
21475,records100/21000/21475_lr,1
21476,records100/21000/21476_lr,1
21477,records100/21000/21477_lr,0
21479,records100/21000/21479_lr,0
21480,records100/21000/21480_lr,0
21481,records100/21000/21481_lr,1
21483,records100/21000/21483_lr,1
21485,records100/21000/21485_lr,1
21486,records100/21000/21486_lr,1
21487,records100/21000/21487_lr,1
21488,records100/21000/21488_lr,0
21489,records100/21000/21489_lr,1
21491,records100/21000/21491_lr,1
21492,records100/21000/21492_lr,0
21493,records100/21000/21493_lr,0
21494,records100/21000/21494_lr,1
21495,records100/21000/21495_lr,0
21497,records100/21000/21497_lr,1
21499,records100/21000/21499_lr,1
21501,records100/21000/21501_lr,1
21502,records100/21000/21502_lr,0
21506,records100/21000/21506_lr,0
21507,records100/21000/21507_lr,0
21508,records100/21000/21508_lr,0
21509,records100/21000/21509_lr,1
21510,records100/21000/21510_lr,1
21511,records100/21000/21511_lr,1
21512,records100/21000/21512_lr,1
21513,records100/21000/21513_lr,0
21514,records100/21000/21514_lr,0
21518,records100/21000/21518_lr,1
21520,records100/21000/21520_lr,1
21521,records100/21000/21521_lr,1
21524,records100/21000/21524_lr,0
21525,records100/21000/21525_lr,0
21526,records100/21000/21526_lr,0
21527,records100/21000/21527_lr,1
21528,records100/21000/21528_lr,1
21531,records100/21000/21531_lr,1
21533,records100/21000/21533_lr,1
21534,records100/21000/21534_lr,1
21536,records100/21000/21536_lr,0
21538,records100/21000/21538_lr,0
21539,records100/21000/21539_lr,0
21540,records100/21000/21540_lr,1
21542,records100/21000/21542_lr,0
21544,records100/21000/21544_lr,0
21545,records100/21000/21545_lr,0
21546,records100/21000/21546_lr,1
21547,records100/21000/21547_lr,0
21548,records100/21000/21548_lr,0
21549,records100/21000/21549_lr,0
21550,records100/21000/21550_lr,0
21551,records100/21000/21551_lr,0
21552,records100/21000/21552_lr,1
21553,records100/21000/21553_lr,1
21554,records100/21000/21554_lr,0
21558,records100/21000/21558_lr,0
21559,records100/21000/21559_lr,0
21560,records100/21000/21560_lr,0
21562,records100/21000/21562_lr,1
21566,records100/21000/21566_lr,0
21570,records100/21000/21570_lr,0
21571,records100/21000/21571_lr,0
21576,records100/21000/21576_lr,0
21577,records100/21000/21577_lr,1
21580,records100/21000/21580_lr,0
21581,records100/21000/21581_lr,0
21582,records100/21000/21582_lr,1
21583,records100/21000/21583_lr,0
21584,records100/21000/21584_lr,1
21585,records100/21000/21585_lr,1
21586,records100/21000/21586_lr,0
21588,records100/21000/21588_lr,0
21589,records100/21000/21589_lr,0
21590,records100/21000/21590_lr,1
21591,records100/21000/21591_lr,1
21593,records100/21000/21593_lr,0
21595,records100/21000/21595_lr,1
21596,records100/21000/21596_lr,1
21597,records100/21000/21597_lr,0
21599,records100/21000/21599_lr,0
21603,records100/21000/21603_lr,1
21604,records100/21000/21604_lr,1
21607,records100/21000/21607_lr,0
21609,records100/21000/21609_lr,0
21610,records100/21000/21610_lr,1
21611,records100/21000/21611_lr,0
21612,records100/21000/21612_lr,0
21613,records100/21000/21613_lr,1
21615,records100/21000/21615_lr,1
21616,records100/21000/21616_lr,0
21617,records100/21000/21617_lr,0
21618,records100/21000/21618_lr,0
21619,records100/21000/21619_lr,1
21620,records100/21000/21620_lr,0
21622,records100/21000/21622_lr,0
21624,records100/21000/21624_lr,1
21625,records100/21000/21625_lr,0
21626,records100/21000/21626_lr,1
21627,records100/21000/21627_lr,1
21628,records100/21000/21628_lr,1
21630,records100/21000/21630_lr,0
21631,records100/21000/21631_lr,1
21632,records100/21000/21632_lr,1
21634,records100/21000/21634_lr,1
21637,records100/21000/21637_lr,1
21638,records100/21000/21638_lr,0
21640,records100/21000/21640_lr,0
21641,records100/21000/21641_lr,0
21644,records100/21000/21644_lr,0
21645,records100/21000/21645_lr,1
21646,records100/21000/21646_lr,0
21647,records100/21000/21647_lr,1
21648,records100/21000/21648_lr,1
21649,records100/21000/21649_lr,0
21651,records100/21000/21651_lr,1
21653,records100/21000/21653_lr,1
21654,records100/21000/21654_lr,1
21655,records100/21000/21655_lr,1
21656,records100/21000/21656_lr,1
21657,records100/21000/21657_lr,1
21658,records100/21000/21658_lr,1
21659,records100/21000/21659_lr,1
21661,records100/21000/21661_lr,0
21662,records100/21000/21662_lr,1
21663,records100/21000/21663_lr,0
21664,records100/21000/21664_lr,0
21666,records100/21000/21666_lr,0
21667,records100/21000/21667_lr,0
21668,records100/21000/21668_lr,0
21669,records100/21000/21669_lr,1
21671,records100/21000/21671_lr,1
21672,records100/21000/21672_lr,1
21674,records100/21000/21674_lr,1
21677,records100/21000/21677_lr,1
21678,records100/21000/21678_lr,1
21680,records100/21000/21680_lr,1
21682,records100/21000/21682_lr,1
21683,records100/21000/21683_lr,0
21684,records100/21000/21684_lr,0
21686,records100/21000/21686_lr,1
21687,records100/21000/21687_lr,1
21688,records100/21000/21688_lr,0
21691,records100/21000/21691_lr,1
21694,records100/21000/21694_lr,0
21695,records100/21000/21695_lr,0
21696,records100/21000/21696_lr,0
21698,records100/21000/21698_lr,1
21699,records100/21000/21699_lr,1
21700,records100/21000/21700_lr,1
21701,records100/21000/21701_lr,0
21702,records100/21000/21702_lr,0
21704,records100/21000/21704_lr,0
21705,records100/21000/21705_lr,0
21706,records100/21000/21706_lr,0
21708,records100/21000/21708_lr,0
21709,records100/21000/21709_lr,1
21712,records100/21000/21712_lr,1
21714,records100/21000/21714_lr,1
21716,records100/21000/21716_lr,1
21717,records100/21000/21717_lr,0
21719,records100/21000/21719_lr,0
21720,records100/21000/21720_lr,1
21721,records100/21000/21721_lr,0
21722,records100/21000/21722_lr,1
21724,records100/21000/21724_lr,0
21726,records100/21000/21726_lr,0
21727,records100/21000/21727_lr,0
21728,records100/21000/21728_lr,0
21729,records100/21000/21729_lr,0
21730,records100/21000/21730_lr,0
21732,records100/21000/21732_lr,0
21734,records100/21000/21734_lr,1
21735,records100/21000/21735_lr,1
21736,records100/21000/21736_lr,1
21737,records100/21000/21737_lr,1
21740,records100/21000/21740_lr,1
21742,records100/21000/21742_lr,1
21744,records100/21000/21744_lr,0
21746,records100/21000/21746_lr,0
21747,records100/21000/21747_lr,0
21749,records100/21000/21749_lr,0
21750,records100/21000/21750_lr,1
21751,records100/21000/21751_lr,0
21752,records100/21000/21752_lr,1
21755,records100/21000/21755_lr,0
21756,records100/21000/21756_lr,0
21758,records100/21000/21758_lr,0
21759,records100/21000/21759_lr,1
21760,records100/21000/21760_lr,0
21762,records100/21000/21762_lr,1
21764,records100/21000/21764_lr,1
21765,records100/21000/21765_lr,1
21767,records100/21000/21767_lr,1
21773,records100/21000/21773_lr,0
21776,records100/21000/21776_lr,1
21777,records100/21000/21777_lr,0
21778,records100/21000/21778_lr,1
21780,records100/21000/21780_lr,1
21782,records100/21000/21782_lr,0
21783,records100/21000/21783_lr,0
21784,records100/21000/21784_lr,1
21786,records100/21000/21786_lr,1
21788,records100/21000/21788_lr,1
21789,records100/21000/21789_lr,0
21790,records100/21000/21790_lr,0
21791,records100/21000/21791_lr,0
21793,records100/21000/21793_lr,1
21795,records100/21000/21795_lr,0
21796,records100/21000/21796_lr,1
21799,records100/21000/21799_lr,1
21800,records100/21000/21800_lr,0
21801,records100/21000/21801_lr,0
21802,records100/21000/21802_lr,0
21805,records100/21000/21805_lr,1
21807,records100/21000/21807_lr,0
21808,records100/21000/21808_lr,0
21809,records100/21000/21809_lr,0
21810,records100/21000/21810_lr,0
21811,records100/21000/21811_lr,1
21813,records100/21000/21813_lr,0
21814,records100/21000/21814_lr,0
21815,records100/21000/21815_lr,1
21818,records100/21000/21818_lr,0
21820,records100/21000/21820_lr,1
21821,records100/21000/21821_lr,0
21822,records100/21000/21822_lr,0
21823,records100/21000/21823_lr,0
21824,records100/21000/21824_lr,1
21825,records100/21000/21825_lr,0
21826,records100/21000/21826_lr,1
21827,records100/21000/21827_lr,1
21828,records100/21000/21828_lr,1
21829,records100/21000/21829_lr,0
21830,records100/21000/21830_lr,0
21831,records100/21000/21831_lr,0
21834,records100/21000/21834_lr,0
21836,records100/21000/21836_lr,0
21837,records100/21000/21837_lr,0
